time_trimmed_2,Vm2,Cai2
100000.721367114,-70.3104471429456,0.000127590946145815
100001.721367114,-70.2606270406815,0.000127391489740509
100002.721367114,-70.2097101258535,0.000127194325949614
100003.721367114,-70.1576507217481,0.000126999471492643
100004.721367114,-70.1044004354743,0.000126806944418846
100005.721367114,-70.0499079449517,0.000126616764192844
100006.721367114,-69.9941187650005,0.000126428951787763
100007.721367114,-69.9369749900503,0.000126243529786661
100008.721367114,-69.8784150106358,0.000126060522493173
100009.721367114,-69.8183732004392,0.000125879956052391
100010.721367114,-69.7567795701669,0.000125701858583131
100011.721367114,-69.6935593839936,0.00012552626032293
100012.721367114,-69.6286327336549,0.000125353193787265
100013.721367114,-69.5619140645032,0.000125182693944703
100014.721367114,-69.4933116469378,0.000125014798409979
100015.721367114,-69.4227269855434,0.000124849547657223
100016.721367114,-69.3500541569968,0.000124686985255971
100017.721367114,-69.2751790662715,0.000124527158132946
100018.721367114,-69.1979786088437,0.000124370116863102
100019.721367114,-69.1183197243949,0.000124215915993967
100020.721367114,-69.0360583248416,0.000124064614408031
100021.721367114,-68.9510380762846,0.000123916275728696
100022.721367114,-68.8630890105096,0.000123770968776294
100023.721367114,-68.7720259368226,0.000123628768081865
100024.721367114,-68.6776466190119,0.000123489754467783
100025.721367114,-68.5797296748008,0.000123354015706078
100026.721367114,-68.4780321458869,0.000123221647267422
100027.721367114,-68.3722866750232,0.000123092753176364
100028.721367114,-68.2621982118867,0.000122967446991681
100029.721367114,-68.1474401507563,0.000122845852934743
100030.721367114,-68.0276497790133,0.000122728107193915
100031.721367114,-67.9024228844536,0.000122614359439501
100032.721367114,-67.7713073289662,0.000122504774591926
100033.721367114,-67.6337953429678,0.000122399534896522
100034.721367114,-67.489314224402,0.000122298842371959
100035.721367114,-67.3372150314538,0.0001222029217174
100036.721367114,-67.1767587297586,0.00012211202378723
100037.721367114,-67.0070990787448,0.000122026429773985
100038.721367114,-66.8272612969201,0.000121946456283122
100039.721367114,-66.6361152008788,0.000121872461542094
100040.721367114,-66.4323410191691,0.00012180485306792
100041.721367114,-66.2143853642141,0.000121744097232601
100042.721367114,-65.9804037823772,0.000121690731330703
100043.721367114,-65.7281846966884,0.000121645378994133
100044.721367114,-65.4550470785326,0.000121608770157442
100045.721367114,-65.1577002660841,0.000121581767322399
100046.721367114,-64.8320479827412,0.000121565400721869
100047.721367114,-64.4729079559454,0.000121560916349736
100048.721367114,-64.0736000923351,0.00012156984308917
100049.721367114,-63.625322982031,0.000121594089067512
100050.721367114,-63.116176136659,0.000121636084355636
100051.721367114,-62.5295621056997,0.000121699000307195
100052.721367114,-61.839583450864,0.000121787264620383
100053.721367114,-61.0070189494256,0.000121907059333231
100054.721367114,-59.9697509696342,0.000122067328316897
100055.530837726,-58.9071826108468,0.000122236114962832
100056.340308338,-57.5269732984488,0.000122453224614166
100056.901461707,-56.2780771437303,0.000122642786594075
100057.345003286,-55.0242208841018,0.000122824084094249
100057.714108065,-53.7092323829254,0.000123003840869539
100058.021508629,-52.3360900457768,0.000123180733353336
100058.328909193,-50.5872363289253,0.000123392044626649
100058.553432821,-48.9669837256763,0.000123576615615603
100058.740348007,-47.3062842931443,0.000123757619658076
100058.927263193,-45.2625550801456,0.0001239737374549
100059.075235913,-43.2952409891119,0.000124179913493199
100059.223208633,-40.9514843229889,0.000124431012682774
100059.371181352,-38.189118574431,0.000124748214076739
100059.519154072,-35.0280411911439,0.000125165610306901
100059.667126792,-31.596327690717,0.000125735553137373
100059.783440739,-28.860716783815,0.000126336606963545
100059.899754686,-26.2309442059848,0.000127115314630343
100060.016068633,-23.7898234569766,0.00012810736075579
100060.13238258,-21.548930121985,0.000129336911030778
100060.248696527,-19.4620499081493,0.000130812862138754
100060.365010474,-17.4627307791583,0.00013253007648682
100060.460534905,-15.8447616035852,0.000134109478486379
100060.556059336,-14.2273038427799,0.000135827834960835
100060.651583767,-12.5983729730111,0.000137669444017193
100060.747108199,-10.9513866200291,0.000139615952223951
100060.84263263,-9.28649469548928,0.000141646886139188
100060.938157061,-7.61007134296574,0.000143740491031744
100061.033681493,-5.93206785701877,0.000145874658671486
100061.145334892,-3.98459217024045,0.00014839175457501
100061.234494256,-2.45318936886126,0.000150398503024105
100061.32365362,-0.95341044194813,0.000152386273047643
100061.412812983,0.506055815579573,0.000154342244509109
100061.501972347,1.91786166284685,0.000156255728149339
100061.591131711,3.2762061159853,0.000158118283494005
100061.680291074,4.57691465812248,0.000159923718564284
100061.784114227,6.01548671428242,0.000161948808280086
100061.88793738,7.370588553546,0.000163887883814683
100061.991760533,8.64258306780918,0.000165740849895363
100062.095583686,9.83360757008077,0.000167510085424254
100062.199406838,10.9471085943807,0.000169199834329146
100062.303229991,11.9873922353038,0.000170815627498788
100062.467138151,13.4921748057792,0.000173231123641115
100062.63104631,14.8458621166754,0.000175504045424708
100062.79495447,16.0672115453979,0.000177659854825009
100062.958862629,17.1726109806399,0.000179720933964736
100063.122770788,18.175665385686,0.000181705808981938
100063.286678948,19.0874130094487,0.00018362930394705
100063.425298719,19.7938672694445,0.000185216812186541
100063.56391849,20.4456989339169,0.000186774122986005
100063.666576073,20.8954558719758,0.000187910619228825
100063.769233656,21.3186046235119,0.000189034400486472
100063.871891239,21.7163303621096,0.000190146676514472
100063.974548822,22.0897337021861,0.000191248490440452
100064.055954848,22.369235175766,0.000192115382765819
100064.137360874,22.6345845399386,0.000192976659992233
100064.2187669,22.8862608491746,0.000193832683351702
100064.300172926,23.1247341125467,0.000194683787456217
100064.381578952,23.3504661977393,0.000195530282198074
100064.505084837,23.6696267778028,0.000196806390644749
100064.628590723,23.9620715608245,0.000198073479970492
100064.752096608,24.2293389730155,0.000199332400301988
100064.875602494,24.4729416394476,0.000200583937275977
100064.999108379,24.6943622631038,0.000201828817598343
100065.122614264,24.8950483272293,0.000203067711645104
100065.297028603,25.1458564747515,0.000204808261081535
100065.471442942,25.361923221658,0.000206539661638411
100065.645857282,25.5468598242601,0.000208263286856147
100065.820271621,25.704055692851,0.000209980323719419
100065.99468596,25.8366659375239,0.000211691780045157
100066.169100299,25.947607113428,0.000213398495455305
100066.468237095,26.0950274277883,0.000216316536300179
100066.767373891,26.1983743361876,0.00021922504923472
100067.066510686,26.2676019619121,0.000222125396283042
100067.365647482,26.3108767319222,0.000225018015745938
100067.664784278,26.3347859386426,0.000227902594579674
100067.963921074,26.3445553911381,0.00023077822317105
100068.344571959,26.3428902476088,0.000234422340152193
100068.725222844,26.3310208915419,0.000238046151835455
100069.105873729,26.3131125065692,0.00024164553605236
100069.486524614,26.2918665017546,0.000245216150645796
100069.867175499,26.2689201735013,0.000248753655138959
100070.247826384,26.2451535977438,0.000252253873789839
100070.838004701,26.2075543403693,0.000257598140151657
100071.428183017,26.1687759603295,0.000262830976687341
100072.018361333,26.1279960705959,0.000267942453090851
100072.608539649,26.0845351354901,0.000272925537553474
100073.198717965,26.0380856050956,0.000277775913795153
100073.788896281,25.9886998641448,0.000282491647143561
100074.788896281,25.8995841586162,0.000290175463578655
100075.788896281,25.807099905089,0.000297484551569172
100076.788896281,25.7168904441282,0.000304439284905415
100077.788896281,25.6352280103044,0.000311064563463895
100078.788896281,25.5675660418002,0.000317386532355699
100079.788896281,25.5177879381472,0.000323430677352073
100080.788896281,25.4883459814865,0.000329220825825168
100081.788896281,25.4810425874048,0.000334778737110222
100082.788896281,25.4966990289151,0.000340123588917484
100083.788896281,25.5351905093198,0.000345271936088626
100084.788896281,25.5957019470449,0.000350237988194642
100085.788896281,25.6769925058903,0.000355033973083024
100086.788896281,25.7775776790064,0.000359670451530832
100087.788896281,25.8958385055695,0.000364156572384129
100088.788896281,26.0300923379127,0.000368500299158201
100089.788896281,26.1786462696947,0.000372708621260955
100090.788896281,26.3398397423378,0.000376787742837337
100091.788896281,26.5120766506979,0.000380743240557153
100092.788896281,26.693846464908,0.000384580189322349
100093.788896281,26.8837351848237,0.00038830326060529
100094.788896281,27.0804285412203,0.000391916799392748
100095.788896281,27.2827105371285,0.000395424884669652
100096.788896281,27.4894598330009,0.000398831376980302
100097.788896281,27.6996452818295,0.000402139955533676
100098.788896281,27.9123210034453,0.000405354146680732
100099.788896281,28.1266210865529,0.000408477345317502
100100.788896281,28.3417540840171,0.000411512830665704
100101.788896281,28.5570061101571,0.000414463790491517
100102.788896281,28.7717197753296,0.000417333305403407
100103.788896281,28.985288124895,0.00042012435068854
100104.788896281,29.1971598256887,0.000422839819135773
100105.788896281,29.4068404816637,0.000425482532600539
100106.788896281,29.6138861872765,0.000428055235533039
100107.788896281,29.8178954526708,0.000430560586900585
100108.788896281,30.0185047241592,0.000433001160845903
100109.788896281,30.2153872223965,0.000435379451876293
100110.788896281,30.4082521836357,0.000437697877452214
100111.788896281,30.5968427242937,0.000439958776864459
100112.788896281,30.7809326505048,0.000442164409520674
100113.788896281,30.9603235026848,0.000444316954847035
100114.788896281,31.1348425811106,0.000446418513633446
100115.788896281,31.3043417418763,0.000448471109496751
100116.788896281,31.4686960436444,0.000450476690000934
100117.788896281,31.6278022187978,0.00045243712251622
100118.788896281,31.7815737470242,0.000454354202768528
100119.788896281,31.9299449444732,0.000456229657077688
100120.788896281,32.0728686522076,0.000458065142126143
100121.788896281,32.2103131830089,0.000459862243062743
100122.788896281,32.3422598055789,0.000461622475291456
100123.788896281,32.4687028554351,0.000463347286576513
100124.788896281,32.5896495804222,0.000465038063954847
100125.788896281,32.7051157902834,0.000466696127877964
100126.788896281,32.8151277023804,0.00046832273854542
100127.788896281,32.9197218849063,0.000469919100541939
100128.788896281,33.0189438944318,0.000471486363335245
100129.788896281,33.1128465424972,0.000473025621975365
100130.788896281,33.2014890035442,0.000474537922885189
100131.788896281,33.2849359632689,0.000476024258686887
100132.788896281,33.3632567601274,0.000477485571115155
100133.788896281,33.4365254040999,0.000478922757364539
100134.788896281,33.5048203819891,0.000480336673195547
100135.788896281,33.5682239623001,0.000481728133519493
100136.788896281,33.6268210593717,0.000483097912737988
100137.788896281,33.680698676049,0.000484446746336921
100138.788896281,33.7299455416766,0.000485775331837908
100139.788896281,33.7746523260187,0.000487084334047071
100140.788896281,33.8149106594171,0.000488374386279176
100141.788896281,33.8508131210714,0.000489646090219225
100142.788896281,33.8824524106097,0.000490900017511969
100143.788896281,33.9099221093207,0.000492136710080572
100144.788896281,33.9333149766229,0.000493356683275922
100145.788896281,33.9527244076591,0.000494560426359673
100146.788896281,33.9682426632357,0.000495748405188583
100147.788896281,33.9799617044292,0.000496921062173529
100148.788896281,33.9879716304048,0.000498078817615378
100149.788896281,33.9923628081737,0.000499222070539074
100150.788896281,33.9932238729925,0.000500351201095714
100151.788896281,33.9906423154855,0.000501466570730198
100152.788896281,33.9847030830638,0.000502568522309639
100153.788896281,33.9754908473331,0.000503657381657761
100154.788896281,33.9630894111442,0.000504733459356004
100155.788896281,33.9475801542947,0.000505797051195217
100156.788896281,33.9290419672173,0.000506848437914814
100157.788896281,33.9075525569105,0.000507887885983107
100158.788896281,33.8831889662562,0.000508915649776043
100159.788896281,33.8560261166767,0.00050993197211377
100160.788896281,33.8261353801849,0.000510937083463066
100161.788896281,33.7935866762787,0.000511931201411214
100162.788896281,33.7584508473838,0.00051291453364502
100163.788896281,33.7207965894475,0.000513887281149266
100164.788896281,33.6806883360616,0.000514849633620534
100165.788896281,33.6381868334221,0.00051580177129934
100166.788896281,33.5933529588391,0.000516743864842555
100167.788896281,33.546249867696,0.000517676077067673
100168.788896281,33.4969382395438,0.000518598566747712
100169.788896281,33.4454735220456,0.000519511482347891
100170.788896281,33.3919071590216,0.000520414966432951
100171.788896281,33.3362915719485,0.000521309153087028
100172.788896281,33.2786816587873,0.000522194170002511
100173.788896281,33.2191298221332,0.000523070142877956
100174.788896281,33.1576816881848,0.000523937192135875
100175.788896281,33.0943814425616,0.000524795426712614
100176.788896281,33.0292779594138,0.000525644949783024
100177.788896281,32.9624158679468,0.000526485871158134
100178.788896281,32.8938373993134,0.000527318284386523
100179.788896281,32.823583921238,0.000528142282783267
100180.788896281,32.7516944526158,0.000528957958205852
100181.788896281,32.6782060193992,0.00052976539630399
100182.788896281,32.6031583568659,0.000530564682109712
100183.788896281,32.5265876419097,0.000531355889801619
100184.788896281,32.4485280682192,0.000532139092376181
100185.788896281,32.3690057571692,0.000532914354608829
100186.788896281,32.2880630105064,0.000533681753111163
100187.788896281,32.2057241237367,0.000534441346197878
100188.788896281,32.1220200706582,0.000535193196723893
100189.788896281,32.0369827038809,0.00053593736546682
100190.788896281,31.9506481357917,0.00053667391829289
100191.788896281,31.863034919911,0.000537402902006634
100192.788896281,31.7741686026012,0.000538124366811287
100193.788896281,31.6840757325921,0.000538838363772848
100194.788896281,31.592781900181,0.000539544941623938
100195.788896281,31.500311073988,0.000540244146883427
100196.788896281,31.4066863103003,0.000540936022953138
100197.788896281,31.3119293797886,0.000541620612086698
100198.788896281,31.216061675161,0.000542297953538055
100199.788896281,31.1191032974357,0.000542968086399892
100200.788896281,31.0210742890874,0.000543631046197387
100201.788896281,30.9219932022691,0.000544286869318686
100202.788896281,30.8218827093672,0.000544935593019488
100203.788896281,30.7207549903723,0.000545577243677458
100204.788896281,30.6186266282073,0.000546211851054778
100205.788896281,30.5155148425216,0.000546839445555142
100206.788896281,30.4114361024425,0.000547460056176793
100207.788896281,30.3064058912841,0.00054807371034751
100208.788896281,30.2004389669902,0.000548680433845242
100209.788896281,30.0935494386785,0.000549280251390726
100210.788896281,29.9857509217511,0.000549873186464091
100211.788896281,29.8770564922777,0.000550459261714465
100212.788896281,29.7674787794486,0.000551038498656527
100213.788896281,29.6570299110494,0.000551610918036071
100214.788896281,29.5457215913891,0.000552176539551107
100215.788896281,29.4335650593659,0.000552735382177508
100216.788896281,29.3205711506182,0.000553287463943868
100217.788896281,29.206750270537,0.000553832802192146
100218.788896281,29.0921124403237,0.000554371413418021
100219.788896281,28.9766672839339,0.000554903313459755
100220.788896281,28.8604240602424,0.000555428517402694
100221.788896281,28.7433916604883,0.000555947039704338
100222.788896281,28.6255786301809,0.000556458894150218
100223.788896281,28.5069931731201,0.000556964093931497
100224.788896281,28.387643166788,0.000557462651634932
100225.788896281,28.2675372120565,0.00055795458060756
100226.788896281,28.1466824749084,0.000558439892320539
100227.788896281,28.0250852389379,0.000558918596975718
100228.788896281,27.9027516946785,0.00055939070444314
100229.788896281,27.7796881281749,0.000559856224597025
100230.788896281,27.6559007438662,0.000560315167116681
100231.788896281,27.5313954906783,0.000560767541226632
100232.788896281,27.4061780073488,0.000561213355626084
100233.788896281,27.2802536406926,0.000561652618552127
100234.788896281,27.1536274796241,0.0005620853378528
100235.788896281,27.0263043817188,0.00056251152102361
100236.788896281,26.8982889880763,0.000562931175219865
100237.788896281,26.7695857279885,0.000563344307263478
100238.788896281,26.6401988184669,0.000563750923651461
100239.788896281,26.5101322648148,0.000564151030567339
100240.788896281,26.3793898653124,0.000564544633895324
100241.788896281,26.2479752187479,0.000564931739235777
100242.788896281,26.1158917318751,0.000565312351919791
100243.788896281,25.9831426251736,0.000565686477021772
100244.788896281,25.8497309371982,0.000566054119370478
100245.788896281,25.7156595285391,0.000566415283559631
100246.788896281,25.5809310860083,0.000566769973958707
100247.788896281,25.4455481270331,0.000567118194723784
100248.788896281,25.3095130039788,0.000567459949808072
100249.788896281,25.1728279082086,0.000567795242971928
100250.788896281,25.0354948738661,0.0005681240777924
100251.788896281,24.897515781452,0.000568446457672427
100252.788896281,24.7588923612578,0.000568762385849764
100253.788896281,24.6196261966793,0.000569071865405661
100254.788896281,24.4797187274052,0.000569374899273262
100255.788896281,24.3391712524695,0.000569671490245736
100256.788896281,24.1979849331644,0.000569961640984121
100257.788896281,24.0561607958176,0.000570245354024921
100258.788896281,23.9136997344422,0.000570522631787444
100259.788896281,23.7706025132671,0.000570793476580916
100260.788896281,23.6268697691531,0.000571057890611361
100261.788896281,23.4825020138976,0.000571315875988266
100262.788896281,23.3374996364295,0.000571567434731029
100263.788896281,23.1918629048996,0.000571812568775197
100264.788896281,23.0455919686673,0.000572051279978506
100265.788896281,22.8986868601888,0.000572283570126727
100266.788896281,22.7511474968095,0.000572509440939322
100267.788896281,22.6029736824641,0.000572728894074919
100268.788896281,22.4541651092863,0.000572941931136607
100269.788896281,22.3047213591315,0.00057314855367706
100270.788896281,22.1546419050147,0.000573348763203497
100271.788896281,22.0039261124658,0.00057354256118247
100272.788896281,21.8525732408054,0.000573729949044503
100273.788896281,21.7005824443421,0.000573910928188569
100274.788896281,21.5479527734948,0.000574085499986419
100275.788896281,21.3946831758411,0.000574253665786766
100276.788896281,21.2407724970936,0.000574415426919319
100277.788896281,21.0862194820066,0.00057457078469868
100278.788896281,20.9310227752143,0.000574719740428105
100279.788896281,20.7751809220022,0.000574862295403127
100280.788896281,20.6186923690134,0.000574998450915047
100281.788896281,20.4615554648912,0.000575128208254297
100282.788896281,20.3037684608589,0.000575251568713674
100283.788896281,20.1453295112386,0.000575368533591449
100284.788896281,19.9862366739101,0.000575479104194352
100285.788896281,19.8264879107105,0.000575583281840438
100286.788896281,19.6660810877761,0.000575681067861829
100287.788896281,19.505013975827,0.000575772463607342
100288.788896281,19.3432842503961,0.000575857470444996
100289.788896281,19.1808894920017,0.000575936089764405
100290.788896281,19.0178271862666,0.00057600832297906
100291.788896281,18.8540947239822,0.000576074171528489
100292.788896281,18.6896894011195,0.000576133636880313
100293.788896281,18.5246084187871,0.000576186720532183
100294.788896281,18.3588488831369,0.000576233424013608
100295.788896281,18.1924078052167,0.000576273748887677
100296.788896281,18.0252821007723,0.000576307696752657
100297.788896281,17.8574685899966,0.000576335269243496
100298.788896281,17.6889639972275,0.000576356468033205
100299.788896281,17.5197649505956,0.000576371294834129
100300.788896281,17.3498679816182,0.000576379751399118
100301.788896281,17.1792695247443,0.00057638183952257
100302.788896281,17.007965916846,0.000576377561041377
100303.788896281,16.835953217576,0.000576366917489486
100304.788896281,16.6632266864901,0.000576349908920224
100305.788896281,16.4897816940945,0.000576326535880575
100306.788896281,16.3156135746822,0.000576296798307601
100307.788896281,16.1407173346554,0.000576260694491905
100308.788896281,15.9650877914522,0.000576218222600962
100309.788896281,15.7887206642359,0.000576169380484484
100310.788896281,15.6116105904289,0.000576114167350137
100311.788896281,15.4337514404043,0.000576052582587269
100312.788896281,15.2551371086507,0.000575984625312186
100313.788896281,15.0757618394505,0.000575910294668964
100314.788896281,14.8956200301749,0.000575829590001182
100315.788896281,14.7147059402922,0.000575742510731883
100316.788896281,14.5330135968613,0.000575649056246619
100317.788896281,14.3505368638636,0.00057554922592436
100318.788896281,14.1672695193642,0.000575443019221531
100319.788896281,13.9832052667402,0.000575330435699001
100320.788896281,13.7983377080958,0.000575211474991156
100321.788896281,13.6126603254009,0.000575086136772259
100322.788896281,13.426166479739,0.000574954420749099
100323.788896281,13.238849415242,0.000574816326670352
100324.788896281,13.0507022584205,0.000574671854335334
100325.788896281,12.8617180146913,0.000574521003595525
100326.788896281,12.6718895656507,0.00057436377434894
100327.788896281,12.4812096664521,0.000574200166528712
100328.788896281,12.2896709416562,0.000574030180090905
100329.788896281,12.0972658810059,0.000573853815010468
100330.788896281,11.9039868380146,0.000573671071289353
100331.788896281,11.709826031091,0.000573481948967784
100332.788896281,11.5147755428975,0.000573286448122185
100333.788896281,11.3188273142182,0.000573084568843262
100334.788896281,11.1219731342144,0.000572876311208621
100335.788896281,10.924204633864,0.000572661675274763
100336.788896281,10.7255132875548,0.000572440661098074
100337.788896281,10.5258904196643,0.000572213268764121
100338.788896281,10.3253272061649,0.000571979498389032
100339.788896281,10.1238146638507,0.000571739350077208
100340.788896281,9.9213436313526,0.000571492823863061
100341.788896281,9.71790475636988,0.000571239919689738
100342.788896281,9.51348850089134,0.000570980637452518
100343.788896281,9.30808515986611,0.00057071497707233
100344.788896281,9.10168491610142,0.000570442938563342
100345.788896281,8.89427775924411,0.000570164521907586
100346.788896281,8.68585340618756,0.00056987972685886
100347.788896281,8.47640129466346,0.000569588552832639
100348.788896281,8.26591065821374,0.000569290999117022
100349.788896281,8.05437063955209,0.000568987065337029
100350.788896281,7.84177029566555,0.000568676751439434
100351.788896281,7.62809842530327,0.000568360057111545
100352.788896281,7.41334349249066,0.000568036981454793
100353.788896281,7.19749359238418,0.000567707522922594
100354.788896281,6.98053652001028,0.000567371679742206
100355.788896281,6.76245798048698,0.000567029450430363
100356.788896281,6.54324559682422,0.000566680834744529
100357.788896281,6.32288701063173,0.000566325831180726
100358.788896281,6.10137006077345,0.000565964437944276
100359.788896281,5.87868216837541,0.000565596653021151
100360.788896281,5.65481353266769,0.000565222474716083
100361.788896281,5.42975043438962,0.000564841900651912
100362.788896281,5.20347615698947,0.000564454927518732
100363.788896281,4.97597413433924,0.000564061551821998
100364.788896281,4.74722950848891,0.000563661770880424
100365.788896281,4.51722608773435,0.000563255581603475
100366.788896281,4.28594836027989,0.000562842979348959
100367.788896281,4.05338055642979,0.000562423959082676
100368.788896281,3.81950725899685,0.000561998515884256
100369.788896281,3.58431281671575,0.000561566645156018
100370.788896281,3.34778532692626,0.000561128344937712
100371.788896281,3.10990818105875,0.000560683610862485
100372.788896281,2.87066096002844,0.000560232436161039
100373.788896281,2.63002291122033,0.000559774812240392
100374.788896281,2.38797474705426,0.000559310729929773
100375.788896281,2.14449800770196,0.000558840180436877
100376.788896281,1.89957089055504,0.00055836315509068
100377.788896281,1.65317363502,0.000557879643946708
100378.788896281,1.4052865352473,0.000557389639421493
100379.788896281,1.15589027846919,0.000556893133211448
100380.788896281,0.904964834866557,0.000556390115514735
100381.788896281,0.652494566588259,0.000555880580352555
100382.788896281,0.398457047976559,0.000555364513782399
100383.788896281,0.14282475760367,0.000554841898232745
100384.788896281,-0.114429443563033,0.000554312717145194
100385.788896281,-0.373329562292772,0.000553776957172534
100386.788896281,-0.633897929092608,0.000553234606776265
100387.788896281,-0.896162597292807,0.000552685648755384
100388.788896281,-1.16015076531779,0.000552130058343334
100389.788896281,-1.42588975640974,0.000551567816091643
100390.788896281,-1.69340605045519,0.000550998902551046
100391.788896281,-1.96272649849069,0.000550423297727446
100392.788896281,-2.23387913775299,0.000549840980928821
100393.788896281,-2.50688447605844,0.00054925194356846
100394.788896281,-2.78177170587846,0.000548656163374809
100395.788896281,-3.05857791733368,0.000548053609506668
100396.788896281,-3.33733940996529,0.000547444248462648
100397.788896281,-3.61809065011154,0.000546828046305645
100398.788896281,-3.9008705827183,0.000546204967075967
100399.788896281,-4.18571081055895,0.000545574982480479
100400.788896281,-4.47264909329999,0.000544938049238058
100401.788896281,-4.7617223986824,0.000544294137556959
100402.788896281,-5.0529655506441,0.00054364321731107
100403.788896281,-5.34641455688805,0.000542985253616603
100404.788896281,-5.642095771879,0.000542320228172329
100405.788896281,-5.94005030874772,0.000541648094141918
100406.788896281,-6.24033072153893,0.00054096879158291
100407.788896281,-6.54298855267161,0.00054028226390635
100408.788896281,-6.84806831323127,0.000539588463111306
100409.788896281,-7.15561109066936,0.000538887345570338
100410.788896281,-7.46566988920415,0.000538178854221862
100411.788896281,-7.77829547997523,0.000537462915998465
100412.788896281,-8.09352845704716,0.000536739502145953
100413.788896281,-8.41142489744971,0.000536008526724314
100414.788896281,-8.73204164595878,0.000535269924815101
100415.788896281,-9.05541932699361,0.00053452366699222
100416.788896281,-9.38161849274913,0.000533769656634275
100417.788896281,-9.71069267012155,0.000533007849335784
100418.788896281,-10.0427049814786,0.000532238145335136
100419.788896281,-10.3777093497976,0.000531460499342341
100420.788896281,-10.715770911589,0.000530674806070553
100421.788896281,-11.05694739247,0.000529881013822226
100422.788896281,-11.401306333372,0.000529079011687393
100423.788896281,-11.7489180302457,0.000528268712482387
100424.788896281,-12.0998368545218,0.000527450067256883
100425.788896281,-12.4541317306904,0.000526622959643738
100426.788896281,-12.8118782407128,0.000525787293715235
100427.788896281,-13.1731390630174,0.000524943009153597
100428.788896281,-13.5379828502092,0.000524089990327908
100429.788896281,-13.9064848066705,0.000523228158156692
100430.788896281,-14.2787139681827,0.000522357399892605
100431.788896281,-14.6547476301588,0.000521477632621067
100432.788896281,-15.0346522703178,0.000520588749001242
100433.788896281,-15.4185093281424,0.000519690658149754
100434.788896281,-15.8063899060798,0.000518783262058166
100435.788896281,-16.1983663352837,0.000517866462298047
100436.788896281,-16.5945047619428,0.000516940170933048
100437.788896281,-16.9948742685087,0.000516004298480882
100438.788896281,-17.3995491329185,0.000515058749778846
100439.788896281,-17.8086050325929,0.000514103427399185
100440.788896281,-18.2221138239277,0.000513138237228139
100441.788896281,-18.6401423587387,0.000512163090508764
100442.788896281,-19.0627548446904,0.00051117790219505
100443.788896281,-19.490014243862,0.0005101825902066
100444.788896281,-19.921980575574,0.000509177077938497
100445.788896281,-20.35870833123,0.000508161297265298
100446.788896281,-20.8002459216659,0.000507135188153995
100447.788896281,-21.246637321995,0.000506098694468544
100448.788896281,-21.6979238263105,0.000505051759036064
100449.788896281,-22.1541441696153,0.000503994321361584
100450.788896281,-22.6153329161735,0.000502926319298893
100451.788896281,-23.0815206248452,0.000501847689623043
100452.788896281,-23.552724301625,0.000500758387668352
100453.788896281,-24.0289498349971,0.000499658380254993
100454.788896281,-24.5101958303421,0.000498547634103492
100455.788896281,-24.9964537409542,0.000497426110773107
100456.788896281,-25.4877066851486,0.000496293767123188
100457.788896281,-25.9839293900802,0.000495150556467881
100458.788896281,-26.4850877077847,0.000493996428606643
100459.788896281,-26.9911350822101,0.000492831330836526
100460.788896281,-27.5020076046586,0.000491655211264186
100461.788896281,-28.017623316208,0.000490468021015996
100462.788896281,-28.5378877461133,0.000489269710514558
100463.788896281,-29.0626981653691,0.000488060221166422
100464.788896281,-29.5919365877625,0.000486839481199677
100465.788896281,-30.1254547393982,0.000485607412172529
100466.788896281,-30.663070476413,0.00048436394068103
100467.788896281,-31.204588940891,0.000483109002171632
100468.788896281,-31.7498280209586,0.000481842532452183
100469.788896281,-32.2985915249858,0.00048056446089539
100470.788896281,-32.8505968586191,0.000479274706885831
100471.788896281,-33.4055423474102,0.000477973197123311
100472.788896281,-33.9630914372418,0.000476659895269445
100473.788896281,-34.5229297444261,0.000475334775540633
100474.788896281,-35.0847718750047,0.000473997806117273
100475.788896281,-35.6483094282677,0.000472648976731593
100476.788896281,-36.213145955415,0.000471288318753235
100477.788896281,-36.7788423914437,0.000469915879057302
100478.788896281,-37.3449293043013,0.000468531737392738
100479.788896281,-37.9110701493374,0.000467135986760241
100480.788896281,-38.4770272894994,0.000465728727379801
100481.788896281,-39.042456944734,0.000464310086180498
100482.788896281,-39.6067746296246,0.000462880220268105
100483.788896281,-40.1696203496556,0.000461439312244531
100484.788896281,-40.7308805405028,0.000459987566669147
100485.788896281,-41.2902306623233,0.000458525232002896
100486.788896281,-41.847432783972,0.000457052555134014
100487.788896281,-42.4023681904529,0.000455569785212143
100488.788896281,-42.9549663390481,0.000454077188471477
100489.788896281,-43.505180157477,0.000452574997607425
100490.788896281,-44.0529931777183,0.000451063511593705
100491.788896281,-44.5984668563824,0.000449543042829847
100492.788896281,-45.1417317661185,0.000448013895400889
100493.788896281,-45.6829589451949,0.000446476364659192
100494.788896281,-46.2223587532151,0.000444930738630859
100495.788896281,-46.7601942170801,0.000443377298008159
100496.788896281,-47.2967748050607,0.000441816315725949
100497.788896281,-47.8324342766204,0.000440248055860369
100498.788896281,-48.3675195377935,0.000438672771634042
100499.788896281,-48.9023931826273,0.000437090703850679
100500.788896281,-49.4374288389043,0.000435502082173387
100501.788896281,-49.972994545306,0.000433907122594728
100502.788896281,-50.5094311583689,0.000432306029443885
100503.788896281,-51.0470507756275,0.000430698993871119
100504.788896281,-51.5861371715712,0.000429086198260635
100505.788896281,-52.1269255802402,0.000427467817225098
100506.788896281,-52.669576057362,0.00042584401951568
100507.788896281,-53.2141780307263,0.000424214967008389
100508.788896281,-53.7607539115178,0.00042258081769967
100509.788896281,-54.3092421902387,0.000420941729335851
100510.788896281,-54.8594876782455,0.000419297861748998
100511.788896281,-55.4112403317227,0.000417649378171255
100512.788896281,-55.9641558701243,0.00041599644723557
100513.788896281,-56.5177971922098,0.000414339245529434
100514.788896281,-57.0716383138322,0.000412677959613303
100515.788896281,-57.6250747851247,0.000411012784367281
100516.788896281,-58.1774241002236,0.000409343930259544
100517.788896281,-58.7279373201195,0.000407671623982049
100518.788896281,-59.2758160704792,0.000405996104638647
100519.788896281,-59.8202249905242,0.000404317625104617
100520.084020713,-59.9801039638766,0.000403821737969871
100520.190800846,-60.0378481069182,0.000403642274058469
100520.283989179,-60.0881868097181,0.000403485656448575
100520.377177512,-60.1384679146684,0.000403329053753123
100520.470365845,-60.1886897319822,0.000403172468478715
100520.563554178,-60.2388528554213,0.00040301589791509
100520.656742511,-60.2889582142794,0.000402859338569215
100520.881041036,-60.4093231725209,0.000402482541734281
100521.105339562,-60.5293543894841,0.000402105780183275
100521.329638087,-60.649050598554,0.000401729038238679
100521.553936613,-60.7684096079629,0.000401352301856511
100522.32159693,-61.1743107238904,0.000400062833449526
100523.089257247,-61.5760414460955,0.000398772969267934
100523.856917564,-61.9733620239347,0.000397482525774586
100524.624577881,-62.3659877236818,0.000396191450947088
100525.392238197,-62.7536139817225,0.000394899771997145
100526.392238197,-63.2505524315892,0.000393216379718199
100527.392238197,-63.7378185207285,0.000391532322285801
100528.392238197,-64.2147768948391,0.000389847887216171
100529.392238197,-64.6808384628024,0.00038816339795792
100530.392238197,-65.135470264765,0.000386479196617843
100531.392238197,-65.5782029792892,0.000384795631912862
100532.392238197,-66.0086284638019,0.000383113061567192
100533.392238197,-66.4264062843383,0.000381431841658888
100534.392238197,-66.8312603090921,0.00037975232815976
100535.392238197,-67.2229823798829,0.000378074870188131
100536.392238197,-67.6014260283963,0.000376399811559822
100537.392238197,-67.9665086184815,0.000374727487251029
100538.392238197,-68.3182023401109,0.000373058224241728
100539.392238197,-68.6565380598926,0.000371392339705638
100540.392238197,-68.9815914803062,0.00036973014055851
100541.392238197,-69.2934934134081,0.000368071923425371
100542.392238197,-69.5924104390577,0.000366417973426817
100543.392238197,-69.8785483031299,0.000364768563150071
100544.392238197,-70.1521425377711,0.000363123953112162
100545.392238197,-70.4134671462903,0.000361484392849936
100546.392238197,-70.6628174459447,0.000359850119568736
100547.392238197,-70.9005091575383,0.00035822135726522
100548.392238197,-71.1268735521968,0.000356598318169433
100549.392238197,-71.3422605231031,0.00035498120243643
100550.392238197,-71.5470298258198,0.000353370199168789
100551.392238197,-71.7415472233914,0.00035176548491091
100552.392238197,-71.9261840249606,0.000350167225773751
100553.392238197,-72.10131185345,0.000348575575545381
100554.392238197,-72.2673049049658,0.000346990678931644
100555.392238197,-72.4245346755861,0.00034541266951651
100556.392238197,-72.5733712876749,0.000343841671891457
100557.392238197,-72.7141765788539,0.000342277800313934
100558.392238197,-72.8473365640788,0.000340721168623736
100559.392238197,-72.9731791596574,0.000339171867547059
100560.392238197,-73.0920297588724,0.000337629981526579
100561.392238197,-73.2042123889136,0.000336095589748605
100562.392238197,-73.3100186394345,0.000334568759630359
100563.392238197,-73.4097628748935,0.000333049559233298
100564.392238197,-73.503757649617,0.000331538051579673
100565.392238197,-73.5922967069875,0.000330034291298344
100566.392238197,-73.6756551928884,0.000328538325246051
100567.392238197,-73.7540947458368,0.000327050194116083
100568.392238197,-73.8278663050285,0.00032556993342032
100569.392238197,-73.8972104713236,0.000324097573844684
100570.392238197,-73.9623571784439,0.000322633141417808
100571.392238197,-74.0235256203348,0.000321176657726664
100572.392238197,-74.0809244917801,0.000319728140189541
100573.392238197,-74.1347523429865,0.000318287602335205
100574.392238197,-74.1851979317886,0.00031685505406104
100575.392238197,-74.2324405596184,0.000315430501869498
100576.392238197,-74.2766504087553,0.000314013949089325
100577.392238197,-74.3179888897526,0.000312605396085206
100578.392238197,-74.3566089965,0.000311204840456371
100579.392238197,-74.3926556631643,0.000309812277223896
100580.392238197,-74.4262661187664,0.000308427699006778
100581.392238197,-74.4575702370145,0.000307051096187221
100582.392238197,-74.4866908798618,0.00030568245706568
100583.392238197,-74.5137442334861,0.000304321768006209
100584.392238197,-74.5388401355266,0.000302969013572554
100585.392238197,-74.5620823926152,0.000301624176655481
100586.392238197,-74.583569087485,0.000300287238591788
100587.392238197,-74.6033928751523,0.000298958179275442
100588.392238197,-74.6216412678428,0.000297636977261284
100589.392238197,-74.6383969084751,0.000296323609861735
100590.392238197,-74.6537378326304,0.000295018053236908
100591.392238197,-74.6677377190382,0.000293720282478519
100592.392238197,-74.6804661286891,0.00029243027168798
100593.392238197,-74.6919887327557,0.000291147994049044
100594.392238197,-74.7023675295555,0.000289873421895334
100595.392238197,-74.7116610508339,0.000288606526773113
100596.392238197,-74.7199245576781,0.000287347279499586
100597.392238197,-74.7272102263975,0.000286095650217058
100598.392238197,-74.7335673247262,0.000284851608443216
100599.392238197,-74.7390423787104,0.00028361512311782
100600.392238197,-74.743679330656,0.000282386162646054
100601.392238197,-74.7475196885098,0.000281164694938776
100602.392238197,-74.7506026670487,0.000279950687449907
100603.392238197,-74.7529653212477,0.000278744107211167
100604.392238197,-74.754642672191,0.000277544920864357
100605.392238197,-74.7556678258818,0.000276353094691394
100606.392238197,-74.7560720852996,0.000275168594642261
100607.392238197,-74.7558850560402,0.000273991386361049
100608.392238197,-74.7551347458657,0.000272821435210246
100609.392238197,-74.7538476584771,0.000271658706293417
100610.392238197,-74.7520488818131,0.000270503164476412
100611.392238197,-74.7497621711639,0.000269354774407233
100612.392238197,-74.7470100273774,0.000268213500534667
100613.392238197,-74.7438137704255,0.000267079307125804
100614.392238197,-74.740193608581,0.000265952158282529
100615.392238197,-74.7361687034501,0.000264832017957089
100616.392238197,-74.7317572310885,0.000263718849966816
100617.392238197,-74.7269764394222,0.000262612618008081
100618.392238197,-74.7218427021806,0.000261513285669545
100619.392238197,-74.7163715695411,0.000260420816444784
100620.392238197,-74.7105778156728,0.000259335173744332
100621.392238197,-74.7044754833585,0.000258256320907197
100622.392238197,-74.698077925865,0.000257184221211903
100623.392238197,-74.6913978462218,0.000256118837887089
100624.392238197,-74.6844473340618,0.000255060134121709
100625.392238197,-74.6772379001672,0.000254008073074868
100626.392238197,-74.6697805088589,0.000252962617885308
100627.392238197,-74.6620856083585,0.00025192373168059
100628.392238197,-74.6541631592446,0.000250891377585976
100629.392238197,-74.646022661122,0.000249865518733037
100630.392238197,-74.6376731776105,0.000248846118268003
100631.392238197,-74.6291233597592,0.000247833139359871
100632.392238197,-74.6203814679841,0.000246826545208273
100633.392238197,-74.611455392621,0.000245826299051121
100634.392238197,-74.6023526731812,0.000244832364172037
100635.392238197,-74.5930805163933,0.000243844703907572
100636.392238197,-74.5836458131082,0.000242863281654216
100637.392238197,-74.5740551541407,0.000241888060875207
100638.392238197,-74.5643148451168,0.000240919005107143
100639.392238197,-74.5544309203925,0.000239956077966395
100640.392238197,-74.5444091561035,0.00023899924315532
100641.392238197,-74.534255082406,0.000238048464468289
100642.392238197,-74.5239739949591,0.000237103705797513
100643.392238197,-74.5135709657035,0.000236164931138678
100644.392238197,-74.5030508529805,0.000235232104596391
100645.392238197,-74.4924183110381,0.000234305190389426
100646.392238197,-74.4816777989657,0.000233384152855781
100647.392238197,-74.4708335890954,0.00023246895645755
100648.392238197,-74.4598897749073,0.000231559565785587
100649.392238197,-74.4488502784734,0.000230655945564001
100650.392238197,-74.4377188574709,0.000229758060654439
100651.392238197,-74.4264991117952,0.000228865876060198
100652.392238197,-74.4151944898001,0.000227979356930137
100653.392238197,-74.403808294192,0.000227098468562413
100654.392238197,-74.3923436876001,0.000226223176408025
100655.392238197,-74.3808036978468,0.00022535344607418
100656.392238197,-74.3691912229384,0.000224489243327481
100657.392238197,-74.3575090357952,0.000223630534096934
100658.392238197,-74.3457597887383,0.000222777284476787
100659.392238197,-74.3339460177516,0.000221929460729189
100660.392238197,-74.3220701465316,0.000221087029286693
100661.392238197,-74.3101344903417,0.000220249956754587
100662.392238197,-74.2981412596823,0.00021941820991307
100663.392238197,-74.2860925637896,0.000218591755719264
100664.392238197,-74.2739904139747,0.000217770561309089
100665.392238197,-74.2618367268119,0.000216954593998973
100666.392238197,-74.2496333271878,0.000216143821287433
100667.392238197,-74.2373819512175,0.000215338210856506
100668.392238197,-74.2250842490388,0.000214537730573057
100669.392238197,-74.2127417874888,0.000213742348489946
100670.392238197,-74.2003560526728,0.000212952032847079
100671.392238197,-74.1879284524296,0.000212166752072334
100672.392238197,-74.1754603186999,0.000211386474782373
100673.392238197,-74.1629529098029,0.00021061116978334
100674.392238197,-74.150407412627,0.000209840806071462
100675.392238197,-74.1378249447373,0.000209075352833534
100676.392238197,-74.1252065564061,0.000208314779447322
100677.392238197,-74.1125532325685,0.000207559055481863
100678.392238197,-74.0998658947079,0.000206808150697677
100679.392238197,-74.0871454026744,0.000206062035046909
100680.392238197,-74.0743925564383,0.000205320678673371
100681.392238197,-74.0616080977829,0.000204584051912525
100682.392238197,-74.048792711938,0.000203852125291391
100683.392238197,-74.0359470291566,0.000203124869528383
100684.392238197,-74.0230716262384,0.000202402255533087
100685.392238197,-74.0101670279998,0.000201684254405982
100686.392238197,-73.9972337086941,0.000200970837438099
100687.392238197,-73.9842720933838,0.00020026197611063
100688.392238197,-73.9712825592643,0.000199557642094495
100689.392238197,-73.958265436944,0.000198857807249854
100690.392238197,-73.9452210116793,0.000198162443625587
100691.392238197,-73.9321495245672,0.000197471523458723
100692.392238197,-73.9190511736969,0.000196785019173849
100693.392238197,-73.9059261152602,0.000196102903382471
100694.392238197,-73.8927744646242,0.000195425148882354
100695.392238197,-73.8795962973645,0.000194751728656831
100696.392238197,-73.8663916502624,0.000194082615874091
100697.392238197,-73.8531605222652,0.000193417783886435
100698.392238197,-73.8399028754112,0.000192757206229522
100699.392238197,-73.8266186357211,0.000192100856621593
100700.392238197,-73.8133076940545,0.000191448708962676
100701.392238197,-73.7999699069342,0.000190800737333779
100702.392238197,-73.7866050973379,0.000190156915996075
100703.392238197,-73.7732130554588,0.00018951721939007
100704.392238197,-73.7597935394346,0.000188881622134763
100705.392238197,-73.7463462760467,0.000188250099026804
100706.392238197,-73.7328709613895,0.000187622625039644
100707.392238197,-73.7193672615108,0.000186999175322674
100708.392238197,-73.7058348130226,0.000186379725200374
100709.392238197,-73.6922732236853,0.00018576425017145
100710.392238197,-73.6786820729629,0.000185152725907973
100711.392238197,-73.6650609125517,0.000184545128254522
100712.392238197,-73.6514092668821,0.000183941433227328
100713.392238197,-73.6377266335942,0.000183341617013417
100714.392238197,-73.6240124839873,0.000182745655969758
100715.392238197,-73.610266263444,0.000182153526622423
100716.392238197,-73.5964873918289,0.000181565205665742
100717.392238197,-73.5826752638631,0.000180980669961469
100718.392238197,-73.5688292494733,0.000180399896537959
100719.392238197,-73.5549486941174,0.000179822862589344
100720.392238197,-73.5410329190857,0.000179249545474727
100721.392238197,-73.5270812217791,0.000178679922717375
100722.392238197,-73.5130928759632,0.000178113972003935
100723.392238197,-73.4990671319993,0.000177551671183644
100724.392238197,-73.4850032170534,0.000176992998267563
100725.392238197,-73.4709003352808,0.000176437931427815
100726.392238197,-73.4567576679896,0.000175886448996838
100727.392238197,-73.442574373781,0.000175338529466648
100728.392238197,-73.4283495886674,0.000174794151488116
100729.392238197,-73.4140824261682,0.000174253293870256
100730.392238197,-73.3997719773841,0.000173715935579529
100731.392238197,-73.3854173110483,0.000173182055739157
100732.392238197,-73.3710174735569,0.000172651633628454
100733.392238197,-73.3565714889764,0.000172124648682172
100734.392238197,-73.3420783590298,0.000171601080489854
100735.392238197,-73.3275370630608,0.000171080908795214
100736.392238197,-73.3129465579752,0.000170564113495521
100737.392238197,-73.2983057781618,0.000170050674641004
100738.392238197,-73.2836136353894,0.000169540572434274
100739.392238197,-73.2688690186829,0.000169033787229757
100740.392238197,-73.2540707941765,0.000168530299533144
100741.392238197,-73.2392178049443,0.000168030090000865
100742.392238197,-73.2243088708087,0.00016753313943957
100743.392238197,-73.2093427881253,0.00016703942880563
100744.392238197,-73.1943183295448,0.00016654893920466
100745.392238197,-73.179234243752,0.000166061651891054
100746.392238197,-73.1640892551807,0.000165577548267541
100747.392238197,-73.1488820637042,0.000165096609884754
100748.392238197,-73.1336113443025,0.000164618818440828
100749.392238197,-73.1182757467036,0.000164144155781004
100750.392238197,-73.1028738950005,0.000163672603897263
100751.392238197,-73.0874043872418,0.000163204144927972
100752.392238197,-73.0718657949971,0.000162738761157553
100753.392238197,-73.0562566628949,0.000162276435016172
100754.392238197,-73.0405755081339,0.000161817149079448
100755.392238197,-73.0248208199662,0.000161360886068183
100756.392238197,-73.0089910591518,0.000160907628848112
100757.392238197,-72.9930846573846,0.00016045736042968
100758.392238197,-72.9771000166883,0.000160010063967832
100759.392238197,-72.961035508781,0.000159565722761832
100760.392238197,-72.9448894744092,0.000159124320255108
100761.392238197,-72.9286602226493,0.000158685840035111
100762.392238197,-72.9123460301747,0.000158250265833207
100763.392238197,-72.8959451404904,0.000157817581524592
100764.392238197,-72.8794557631308,0.000157387771128224
100765.392238197,-72.8628760728214,0.000156960818806797
100766.392238197,-72.8462042086036,0.000156536708866725
100767.392238197,-72.8294382729195,0.000156115425758168
100768.392238197,-72.8125763306571,0.000155696954075071
100769.392238197,-72.7956164081541,0.000155281278555246
100770.392238197,-72.7785564921582,0.000154868384080476
100771.392238197,-72.7613945287432,0.000154458255676653
100772.392238197,-72.7441284221783,0.000154050878513939
100773.392238197,-72.7267560337503,0.000153646237906976
100774.392238197,-72.7092751805353,0.000153244319315113
100775.392238197,-72.6916836341187,0.000152845108342673
100776.392238197,-72.6739791192622,0.000152448590739265
100777.392238197,-72.6561593125139,0.000152054752400114
100778.392238197,-72.6382218407611,0.000151663579366448
100779.392238197,-72.6201642797221,0.000151275057825909
100780.392238197,-72.6019841523751,0.000150889174113018
100781.392238197,-72.5836789273214,0.00015050591470967
100782.392238197,-72.56524601708,0.000150125266245682
100783.392238197,-72.5466827763107,0.000149747215499379
100784.392238197,-72.5279864999628,0.000149371749398234
100785.392238197,-72.5091544213454,0.000148998855019551
100786.392238197,-72.4901837101168,0.0001486285195912
100787.392238197,-72.4710714701885,0.000148260730492405
100788.392238197,-72.45181473754,0.000147895475254587
100789.392238197,-72.4324104779404,0.000147532741562265
100790.392238197,-72.4128555845733,0.00014717251725401
100791.392238197,-72.393146875558,0.000146814790323468
100792.392238197,-72.3732810913651,0.000146459548920441
100793.392238197,-72.3532548921188,0.000146106781352042
100794.392238197,-72.3330648547822,0.000145756476083908
100795.392238197,-72.3127074702182,0.000145408621741497
100796.392238197,-72.2921791401215,0.000145063207111456
100797.392238197,-72.2714761738139,0.000144720221143066
100798.392238197,-72.2505947848962,0.000144379652949772
100799.392238197,-72.2295310877504,0.0001440414918108
100800.392238197,-72.2082810938821,0.000143705727172861
100801.392238197,-72.1868407080978,0.000143372348651954
100802.392238197,-72.1652057245057,0.000143041346035263
100803.392238197,-72.1433718223319,0.000142712709283163
100804.392238197,-72.121334561542,0.000142386428531327
100805.392238197,-72.0990893782575,0.000142062494092953
100806.392238197,-72.076631579955,0.00014174089646111
100807.392238197,-72.0539563404369,0.000141421626311204
100808.392238197,-72.0310586945613,0.000141104674503581
100809.392238197,-72.0079335327162,0.000140790032086264
100810.392238197,-71.9845755950241,0.000140477690297838
100811.392238197,-71.9609794652617,0.000140167640570485
100812.392238197,-71.9371395644784,0.000139859874533181
100813.392238197,-71.9130501442942,0.000139554384015062
100814.392238197,-71.8887052798606,0.000139251161048964
100815.392238197,-71.8640988624622,0.000138950197875159
100816.392238197,-71.8392245917387,0.000138651486945279
100817.392238197,-71.8140759675032,0.000138355020926452
100818.392238197,-71.7886462811321,0.00013806079270566
100819.392238197,-71.7629286065012,0.000137768795394327
100820.392238197,-71.7369157904373,0.000137479022333153
100821.392238197,-71.7106004426565,0.000137191467097206
100822.392238197,-71.6839749251556,0.000136906123501289
100823.392238197,-71.6570313410202,0.000136622985605601
100824.392238197,-71.6297615226134,0.000136342047721698
100825.392238197,-71.6021570191025,0.000136063304418785
100826.392238197,-71.5742090832799,0.000135786750530356
100827.392238197,-71.5459086576305,0.000135512381161194
100828.392238197,-71.5172463595951,0.00013524019169476
100829.392238197,-71.4882124659719,0.000134970177801009
100830.392238197,-71.4587968963996,0.000134702335444623
100831.392238197,-71.4289891958533,0.000134436660893732
100832.392238197,-71.3987785160864,0.000134173150729123
100833.392238197,-71.3681535959394,0.000133911801853979
100834.392238197,-71.3371027404358,0.000133652611504185
100835.392238197,-71.3056137985725,0.000133395577259239
100836.392238197,-71.2736741397102,0.000133140697053805
100837.392238197,-71.2412706284556,0.00013288796918995
100838.392238197,-71.2083895979216,0.000132637392350122
100839.392238197,-71.1750168212386,0.000132388965610916
100840.392238197,-71.1411374811816,0.000132142688457674
100841.392238197,-71.1067361377611,0.0001318985608
100842.392238197,-71.0717966936168,0.000131656582988233
100843.392238197,-71.0363023570333,0.00013141675583097
100844.392238197,-71.0002356023821,0.000131179080613703
100845.392238197,-70.9635781277761,0.000130943559118658
100846.392238197,-70.9263108096987,0.000130710193645932
100847.392238197,-70.8884136543489,0.000130478987036021
100848.392238197,-70.849865745417,0.000130249942693865
100849.392238197,-70.8106451879754,0.000130023064614502
100850.392238197,-70.7707290481368,0.000129798357410498
100851.392238197,-70.7300932880964,0.000129575826341264
100852.392238197,-70.6887126961328,0.000129355477344446
100853.392238197,-70.646560811096,0.000129137317069543
100854.392238197,-70.6036098408606,0.00012892135291395
100855.392238197,-70.5598305741619,0.000128707593061651
100856.392238197,-70.5151922851694,0.000128496046524772
100857.392238197,-70.4696626300744,0.00012828672318827
100858.392238197,-70.4232075348865,0.000128079633858035
100859.392238197,-70.3757910735385,0.000127874790312731
100860.392238197,-70.3273753352856,0.000127672205359715
100861.392238197,-70.2779202802677,0.000127471892895435
100862.392238197,-70.2273835819539,0.000127273867970741
100863.392238197,-70.1757204550329,0.000127078146861597
100864.392238197,-70.1228834671195,0.000126884747145737
100865.392238197,-70.068822332439,0.000126693687785878
100866.392238197,-70.0134836854002,0.00012650498922017
100867.392238197,-69.956810831681,0.000126318673460666
100868.392238197,-69.8987434741231,0.000126134764200671
100869.392238197,-69.8392174103414,0.000125953286931954
100870.392238197,-69.7781641985105,0.000125774269072948
100871.392238197,-69.7155107872591,0.00012559774010918
100872.392238197,-69.6511791049941,0.000125423731747393
100873.392238197,-69.5850856032466,0.000125252278084986
100874.392238197,-69.517140747781,0.000125083415796649
100875.392238197,-69.4472484501948,0.000124917184340357
100876.392238197,-69.3753054315347,0.000124753626185185
100877.392238197,-69.3012005080187,0.000124592787063815
100878.392238197,-69.2248137872381,0.000124434716253041
100879.392238197,-69.1460157611441,0.000124279466886105
100880.392238197,-69.0646662796305,0.000124127096301355
100881.392238197,-68.9806133854962,0.000123977666432456
100882.392238197,-68.8936919878809,0.000123831244246301
100883.392238197,-68.803722346748,0.000123687902235877
100884.392238197,-68.7105083354245,0.000123547718976654
100885.392238197,-68.6138354413146,0.000123410779756706
100886.392238197,-68.5134684563282,0.000123277177292746
100887.392238197,-68.4091487978109,0.000123147012546686
100888.392238197,-68.3005913872108,0.000123020395660383
100889.392238197,-68.1874809965035,0.000122897447029959
100890.392238197,-68.0694679503913,0.000122778298545827
100891.392238197,-67.9461630439246,0.000122663095030491
100892.392238197,-67.8171314983405,0.000122551995913773
100893.392238197,-67.6818857296063,0.000122445177194814
100894.392238197,-67.5398766402441,0.000122342833752764
100895.392238197,-67.3904830596074,0.000122245182084424
100896.392238197,-67.232998842418,0.000122152463568716
100897.392238197,-67.0666169777456,0.000122064948386526
100898.392238197,-66.8904098425197,0.000121982940263188
100899.392238197,-66.7033044278397,0.000121906782253567
100900.392238197,-66.504050931165,0.000121836863862531
100901.392238197,-66.2911824782744,0.000121773629895725
100902.392238197,-66.0629628132308,0.000121717591580951
100903.392238197,-65.8173174065532,0.000121669340711264
100904.392238197,-65.5517413062319,0.000121629567872457
100905.392238197,-65.263173724717,0.000121599086288043
100906.392238197,-64.9478239967984,0.000121578863542673
100907.392238197,-64.6009246732439,0.000121570064601572
100908.392238197,-64.2163723479167,0.000121574111439246
100909.392238197,-63.786189914171,0.000121592767807828
100910.392238197,-63.2996942012087,0.000121628263360249
100911.392238197,-62.7421564625748,0.000121683481871691
100912.392238197,-62.0925454942266,0.000121762258913108
100913.392238197,-61.3166540274413,0.000121870105404604
100914.392238197,-60.3602150305172,0.000122014997250399
100915.392238197,-59.132460682191,0.000122209014024468
100916.11001416,-57.9942924299042,0.000122389197739087
100916.694862208,-56.8169674914801,0.000122570830625803
100917.176664224,-55.5890300424902,0.000122752360023721
100917.573192848,-54.315075725714,0.000122931031379245
100917.969721471,-52.6768836831698,0.000123146429321997
100918.252352349,-51.1772872112928,0.000123331001319709
100918.483693472,-49.6465023094191,0.000123509008281464
100918.715034595,-47.7258198168519,0.00012372119100059
100918.890132902,-45.9173177360979,0.000123913665013728
100919.065231209,-43.7019202074411,0.000124145996656721
100919.20372066,-41.5924828839526,0.000124370058879744
100919.342210111,-39.1215075934564,0.000124646144600666
100919.480699562,-36.285487573472,0.000124998609462946
100919.619189013,-33.1551796098772,0.000125464668069695
100919.757678465,-29.8927704093623,0.000126096751379797
100919.866801007,-27.372856878871,0.000126754044133795
100919.975923549,-24.9954230501804,0.000127586445740931
100920.085046091,-22.7968243585838,0.000128618934397401
100920.194168634,-20.7596967151333,0.000129865458714425
100920.303291176,-18.8352964023879,0.000131328224446621
100920.412413718,-16.9712417546034,0.000132999728614113
100920.521536261,-15.126203811105,0.000134864881545401
100920.630658803,-13.2727887692251,0.000136902673900012
100920.753847888,-11.1557482369065,0.000139377768746411
100920.855625095,-9.38381403592007,0.000141533904791371
100920.939366557,-7.91493437163967,0.000143363739634494
100921.023108019,-6.44330873002937,0.000145227843284129
100921.106849481,-4.97677381636012,0.000147111486986713
100921.176526745,-3.76643063891412,0.000148683454031684
100921.24620401,-2.57029221612853,0.000150251513378911
100921.315881274,-1.39301164422405,0.000151808639590248
100921.385558539,-0.238864979376492,0.000153348510475324
100921.455235803,0.888353904618776,0.000154865588761306
100921.546073778,2.31216100654711,0.000156801452063895
100921.636911753,3.67905021126704,0.000158682340688605
100921.727749728,4.9850981957219,0.000160502415023304
100921.818587703,6.22801611394014,0.000162258077811629
100921.909425678,7.4069473585194,0.00016394771473655
100922.000263653,8.52228123836983,0.000165571441142365
100922.149088135,10.215978621699,0.00016809353074813
100922.297912616,11.7532173273904,0.0001704559046737
100922.446737098,13.1476213135805,0.000172676315762668
100922.595561579,14.4138439047068,0.000174774321950122
100922.74438606,15.5660781055375,0.000176769130422239
100922.893210542,16.6172174888971,0.000178678311303156
100923.05174504,17.6382703262723,0.000180634964412173
100923.210279539,18.568560798759,0.000182527037882311
100923.368814037,19.4172052625973,0.000184366673130315
100923.527348536,20.1915141340137,0.000186163257011528
100923.685883034,20.8974214279954,0.000187923974820344
100923.844417533,21.5398706087326,0.000189654341305111
100923.982964691,22.0527131813773,0.000191145068406365
100924.098175989,22.4466170403381,0.000192371220539823
100924.213387287,22.8124629714003,0.000193586345213982
100924.328598585,23.1515935979344,0.000194791427918325
100924.443809883,23.4653120454051,0.000195987345242972
100924.559021181,23.7549035240993,0.000197174895852406
100924.674232479,24.0216360922034,0.000198354815362489
100924.803919524,24.2960826017697,0.000199674700821982
100924.933606568,24.5448763206549,0.000200986667011148
100925.063293612,24.7697247104933,0.000202291534046259
100925.192980657,24.9722950360303,0.000203590057079066
100925.322667701,25.1541937928733,0.000204882927536582
100925.452354746,25.3169656850878,0.000206170774918984
100925.663876305,25.5452642032641,0.000208261957851679
100925.875397865,25.7327619956208,0.000210343434558083
100926.086919425,25.8850495273919,0.000212416975177281
100926.298440985,26.0071403801208,0.000214483980831856
100926.509962545,26.1035657166745,0.000216545526336062
100926.721484105,26.1783899124955,0.000218602391623268
100927.026278926,26.255333794559,0.000221559011189844
100927.331073748,26.3038157775941,0.000224507595199663
100927.635868569,26.3310974939477,0.000227447941163293
100927.940663391,26.3429197512521,0.000230379175025797
100928.245458213,26.3437503609438,0.000233299912759261
100928.550253034,26.3369946223864,0.000236208394269957
100928.979781885,26.3193887247933,0.000240282441427109
100929.409310736,26.2964263865628,0.000244321999933941
100929.838839587,26.2708427798168,0.000248320767999243
100930.268368438,26.2440644188829,0.00025227268300575
100930.697897289,26.2166797426782,0.000256172159574798
100931.12742614,26.1887585281911,0.000260014234740263
100931.831335608,26.1413950883674,0.000266175728464498
100932.535245075,26.0906138587071,0.000272157777787823
100933.239154543,26.0353680248981,0.000277951773618351
100933.943064011,25.9757738706902,0.000283554256138116
100934.646973478,25.912868558155,0.000288965946940186
100935.350882946,25.848169636877,0.000294190722515441
100936.350882946,25.7566511452297,0.000301304054341412
100937.350882946,25.6707553715044,0.000308075801326912
100938.350882946,25.5961020864543,0.00031453215499121
100939.350882946,25.537484979214,0.000320699369779248
100940.350882946,25.4983709880638,0.000326602205234473
100941.350882946,25.4808485744052,0.000332263273576585
100942.350882946,25.4859172027233,0.000337702752147454
100943.350882946,25.5139556645873,0.000342938416135412
100944.350882946,25.5645310011897,0.000347985617370974
100945.350882946,25.6365667459489,0.000352857463975489
100946.350882946,25.7286202671398,0.000357565192588874
100947.350882946,25.8390069945543,0.000362118591124181
100948.350882946,25.9660484852786,0.00036652610880228
100949.350882946,26.1081505320282,0.000370795150502218
100950.350882946,26.2637221765823,0.000374932276158107
100951.350882946,26.4311337442595,0.000378943315741283
100952.350882946,26.6087809791328,0.00038283352074404
100953.350882946,26.7951710911494,0.000386607725661864
100954.350882946,26.9889503902446,0.000390270440541496
100955.350882946,27.1888780237575,0.000393825881238791
100956.350882946,27.3937945597519,0.000397277998691719
100957.350882946,27.6026151369941,0.00040063053271562
100958.350882946,27.8143407325823,0.00040388706696437
100959.350882946,28.0280660705508,0.000407051059694017
100960.350882946,28.2429727079934,0.00041012585166206
100961.350882946,28.458313320162,0.00041311466836706
100962.350882946,28.673400027496,0.000416020628398458
100963.350882946,28.8876020825647,0.000418846756633797
100964.350882946,29.1003475067199,0.000421595994507219
100965.350882946,29.3111211432667,0.000424271202822105
100966.350882946,29.5194579477908,0.000426875159634322
100967.350882946,29.7249360406489,0.000429410558827455
100968.350882946,29.927173221611,0.000431880011964179
100969.350882946,30.1258261524913,0.00043428605137138
100970.350882946,30.3205891632584,0.000436631131389502
100971.350882946,30.5111912788864,0.000438917627371517
100972.350882946,30.6973921853646,0.000441147834140421
100973.350882946,30.8789801896558,0.000443323966520273
100974.350882946,31.0557710366012,0.000445448161646301
100975.350882946,31.2276064250808,0.000447522479464763
100976.350882946,31.3943517485158,0.000449548902496305
100977.350882946,31.5558938352202,0.000451529336413679
100978.350882946,31.7121394809187,0.000453465611802635
100979.350882946,31.8630147070442,0.000455359486384927
100980.350882946,32.0084635045049,0.000457212645876947
100981.350882946,32.1484459195456,0.000459026705141248
100982.350882946,32.2829365057842,0.000460803209794095
100983.350882946,32.411923386272,0.000462543638385613
100984.350882946,32.5354073199129,0.000464249404759194
100985.350882946,32.6534010009299,0.000465921856153737
100986.350882946,32.765926457828,0.000467562281146124
100987.350882946,32.8730163177635,0.000469171912203885
100988.350882946,32.9747124423378,0.00047075192566135
100989.350882946,33.0710644473098,0.000472303441484533
100990.350882946,33.162128075093,0.000473827525795993
100991.350882946,33.247965497496,0.000475325194810031
100992.350882946,33.3286439642936,0.000476797413345538
100993.350882946,33.4042356996252,0.000478245100530549
100994.350882946,33.4748176721,0.000479669133668293
100995.350882946,33.5404704276991,0.000481070344860143
100996.350882946,33.6012773263538,0.000482449526599245
100997.350882946,33.6573243785563,0.000483807431147754
100998.350882946,33.7086993714552,0.000485144774964556
100999.350882946,33.7554925337572,0.000486462237896749
101000.350882946,33.7977951140915,0.000487760467551104
101001.350882946,33.8356994890455,0.000489040078513402
101002.350882946,33.8692978860734,0.000490301655205421
101003.350882946,33.8986840023859,0.00049154575208226
101004.350882946,33.9239511746367,0.000492772897358837
101005.350882946,33.9451925657018,0.00049398359258233
101006.350882946,33.9624998297161,0.000495178313976812
101007.350882946,33.9759651930284,0.000496357513793441
101008.350882946,33.9856807708725,0.000497521622485136
101009.350882946,33.9917368973007,0.000498671049531163
101010.350882946,33.9942219431459,0.000499806183512245
101011.350882946,33.9932235931831,0.000500927393221765
101012.350882946,33.9888293715231,0.000502035030363941
101013.350882946,33.9811250735141,0.000503129429853885
101014.350882946,33.9701929837604,0.000504210909277223
101015.350882946,33.9561139960538,0.000505279768807253
101016.350882946,33.9389705726104,0.000506336294583405
101017.350882946,33.9188435256977,0.000507380762296569
101018.350882946,33.8958072734343,0.000508413432945837
101019.350882946,33.8699360370792,0.000509434550687003
101020.350882946,33.8413027435515,0.000510444353128432
101021.350882946,33.8099790225431,0.000511443064443308
101022.350882946,33.7760360893619,0.000512430897029783
101023.350882946,33.7395436387197,0.000513408054658522
101024.350882946,33.7005711268238,0.000514374746812934
101025.350882946,33.6591798690533,0.000515331149828781
101026.350882946,33.615430582994,0.000516277432667704
101027.350882946,33.5693841185288,0.000517213760312145
101028.350882946,33.5210999414387,0.00051814029242354
101029.350882946,33.4706353249599,0.000519057181792999
101030.350882946,33.4180428864954,0.000519964564814246
101031.350882946,33.3633768673103,0.00052086258186273
101032.350882946,33.3066916049021,0.000521751370641734
101033.350882946,33.2480390575435,0.000522631060599962
101034.350882946,33.187469117456,0.000523501772777658
101035.350882946,33.1250287753713,0.00052436362141109
101036.350882946,33.0607635710602,0.000525216715006688
101037.350882946,32.9947177972017,0.000526061157830297
101038.350882946,32.9269373879186,0.000526897057335549
101039.350882946,32.8574549388272,0.000527724497919511
101040.350882946,32.7863129149108,0.000528543569615052
101041.350882946,32.7135539521829,0.000529354361774531
101042.350882946,32.6392175171496,0.000530156960198324
101043.350882946,32.5633414881173,0.00053095144435141
101044.350882946,32.4859605094696,0.000531737891650946
101045.350882946,32.407109930372,0.000532516372416571
101046.350882946,32.3268298426306,0.000533286964863741
101047.350882946,32.2451412968047,0.000534049726793778
101048.350882946,32.1620741727597,0.000534804718902174
101049.350882946,32.0776591816946,0.000535552003898408
101050.350882946,31.9919333420201,0.000536291647640593
101051.350882946,31.9049158979966,0.000537023698005936
101052.350882946,31.8166331312102,0.000537748206713914
101053.350882946,31.7271122441934,0.000538465225931755
101054.350882946,31.6363790980161,0.000539174805745758
101055.350882946,31.5444581427428,0.000539876993231083
101056.350882946,31.4513725742545,0.000540571833171876
101057.350882946,31.357144775598,0.000541259367991721
101058.350882946,31.2617961781029,0.000541939638660653
101059.350882946,31.1653476375966,0.00054261268392166
101060.350882946,31.0678190500232,0.000543278541510306
101061.350882946,30.9692298797834,0.000543937246742514
101062.350882946,30.8695985678322,0.000544588834430694
101063.350882946,30.7689432820212,0.000545233336661846
101064.350882946,30.6672810878913,0.000545870785627089
101065.350882946,30.5646289417725,0.00054650121039485
101066.350882946,30.4610026213112,0.000547124640793778
101067.350882946,30.3564179420127,0.000547741103103471
101068.350882946,30.2508894903812,0.000548350624980451
101069.350882946,30.1444319953739,0.00054895323018039
101070.350882946,30.0370589555072,0.000549548944300901
101071.350882946,29.9287840540961,0.000550137788875789
101072.350882946,29.8196198047323,0.000550719787491917
101073.350882946,29.7095788805714,0.0005512949597806
101074.350882946,29.5986729045167,0.000551863327334639
101075.350882946,29.486913578845,0.000552424908182072
101076.350882946,29.3743117135261,0.000552979721950889
101077.350882946,29.2608780892326,0.00055352778530569
101078.350882946,29.1466227612761,0.000554069115986761
101079.350882946,29.0315556484965,0.000554603729454154
101080.350882946,28.9156860931977,0.000555131641695866
101081.350882946,28.7990232179469,0.000555652867051606
101082.350882946,28.681575683759,0.000556167419934042
101083.350882946,28.5633518815105,0.000556675313600424
101084.350882946,28.4443598195676,0.000557176561075291
101085.350882946,28.3246072154385,0.000557671174558503
101086.350882946,28.2041014545714,0.000558159165856093
101087.350882946,28.0828496311338,0.000558640546145577
101088.350882946,27.9608585393966,0.000559115326153448
101089.350882946,27.8381346926349,0.000559583516086632
101090.350882946,27.7146843266003,0.000560045125701682
101091.350882946,27.590514229485,0.000560500165461223
101092.350882946,27.4656300505383,0.00056094864420498
101093.350882946,27.3400367245202,0.000561390569749163
101094.350882946,27.2137390949426,0.000561825949670414
101095.350882946,27.0867420629995,0.000562254791563703
101096.350882946,26.9590504465827,0.00056267710287709
101097.350882946,26.8306688447808,0.000563092890702779
101098.350882946,26.701601597726,0.000563502161720265
101099.350882946,26.5718528017629,0.000563904922246166
101100.350882946,26.4414263348335,0.000564301178291969
101101.350882946,26.3103258761491,0.000564690935592785
101102.350882946,26.1785549180006,0.000565074199617599
101103.350882946,26.0461167702289,0.000565450975575686
101104.350882946,25.913014560337,0.000565821268424199
101105.350882946,25.7792512339053,0.000566185082877572
101106.350882946,25.6448295580827,0.000566542423418844
101107.350882946,25.5097521274575,0.000566893294312141
101108.350882946,25.3740213700121,0.000567237699614659
101109.350882946,25.2376395517618,0.000567575643187125
101110.350882946,25.1006087802322,0.00056790712870297
101111.350882946,24.9629310075878,0.000568232159657115
101112.350882946,24.8246080339264,0.00056855073937487
101113.350882946,24.6856415107388,0.000568862871020902
101114.350882946,24.5460329443134,0.000569168557607952
101115.350882946,24.4057836989313,0.000569467802005155
101116.350882946,24.2648949998376,0.000569760606945962
101117.350882946,24.1233679360437,0.000570046975035788
101118.350882946,23.98120346301,0.000570326908759439
101119.350882946,23.8384024052265,0.000570600410488332
101120.350882946,23.6949654586904,0.000570867482487489
101121.350882946,23.5508931932714,0.000571128126922308
101122.350882946,23.4061860549622,0.000571382345865102
101123.350882946,23.2608443680168,0.000571630141301434
101124.350882946,23.1148683369829,0.000571871515136236
101125.350882946,22.9682580486344,0.000572106469199745
101126.350882946,22.8210134738082,0.000572335005253235
101127.350882946,22.6731344691476,0.000572557124994582
101128.350882946,22.5246207787551,0.000572772830063634
101129.350882946,22.3754720357554,0.000572982122047413
101130.350882946,22.225687763773,0.000573185002485148
101131.350882946,22.0752673783251,0.000573381472873141
101132.350882946,21.9242101881343,0.000573571534669469
101133.350882946,21.7725153963628,0.000573755189298536
101134.350882946,21.6201821017687,0.000573932438155467
101135.350882946,21.4672092997894,0.00057410328261036
101136.350882946,21.3135958835509,0.000574267724012381
101137.350882946,21.1593406448066,0.000574425763693732
101138.350882946,21.0044422748076,0.000574577402973464
101139.350882946,20.8488993651046,0.000574722643161168
101140.350882946,20.6927104082845,0.000574861485560523
101141.350882946,20.5358737986424,0.000574993931472717
101142.350882946,20.3783878327904,0.00057511998219974
101143.350882946,20.2202507102048,0.000575239639047548
101144.350882946,20.0614605337122,0.000575352903329106
101145.350882946,19.902015309917,0.000575459776367308
101146.350882946,19.74191294957,0.000575560259497772
101147.350882946,19.5811512678789,0.000575654354071525
101148.350882946,19.4197279847637,0.000575742061457558
101149.350882946,19.2576407250547,0.000575823383045279
101150.350882946,19.094887018637,0.00057589832024684
101151.350882946,18.9314643005394,0.000575966874499351
101152.350882946,18.7673699109704,0.00057602904726699
101153.350882946,18.6026010953007,0.00057608484004299
101154.350882946,18.4371550039927,0.000576134254351515
101155.350882946,18.271028692478,0.000576177291749437
101156.350882946,18.1042191209831,0.000576213953827982
101157.350882946,17.9367231543021,0.000576244242214286
101158.350882946,17.7685375615197,0.000576268158572825
101159.350882946,17.5996590156809,0.000576285704606741
101160.350882946,17.4300840934104,0.000576296882059057
101161.350882946,17.2598092744807,0.000576301692713781
101162.350882946,17.0888309413275,0.000576300138396894
101163.350882946,16.917145378515,0.000576292220977236
101164.350882946,16.7447479931165,0.000576277940865335
101165.350882946,16.571634543397,0.000576257298652468
101166.350882946,16.3978013160767,0.000576230295040867
101167.350882946,16.2232436932883,0.000576196929066658
101168.350882946,16.047955571061,0.000576157197920219
101169.350882946,15.8719304305799,0.000576111098728297
101170.350882946,15.6951625879018,0.000576058630162264
101171.350882946,15.5176472685605,0.000575999792329788
101172.350882946,15.3393797458989,0.000575934585485827
101173.350882946,15.1603546308422,0.000575863009070444
101174.350882946,14.9805658931736,0.000575785061814433
101175.350882946,14.800007322763,0.000575700742448583
101176.350882946,14.6186728660903,0.000575610050189078
101177.350882946,14.4365566097392,0.000575512984678135
101178.350882946,14.2536525754995,0.000575409545649888
101179.350882946,14.0699545747119,0.000575299732711602
101180.350882946,13.8854562092024,0.00057518354536827
101181.350882946,13.7001509479601,0.000575060983161537
101182.350882946,13.5140321821703,0.000574932045757535
101183.350882946,13.3270932250259,0.000574796732934855
101184.350882946,13.1393272818082,0.000574655044526868
101185.350882946,12.9507274257547,0.00057450698038357
101186.350882946,12.7612865930466,0.000574352540371514
101187.350882946,12.5709975892042,0.000574191724391242
101188.350882946,12.3798530945967,0.000574024532387761
101189.350882946,12.1878456635676,0.000573850964346798
101190.350882946,11.9949677190213,0.000573671020284016
101191.350882946,11.8012115466193,0.000573484700236191
101192.350882946,11.6065692909122,0.000573292004257319
101193.350882946,11.4110329531296,0.000573092932417174
101194.350882946,11.2145943891796,0.000572887484798855
101195.350882946,11.0172453068388,0.000572675661494055
101196.350882946,10.8189772621315,0.000572457462597068
101197.350882946,10.6197816554868,0.000572232888199098
101198.350882946,10.4196497281396,0.000572001938383461
101199.350882946,10.2185725587382,0.000571764613220952
101200.350882946,10.0165410597842,0.000571520912764253
101201.350882946,9.81354597362802,0.00057127083704101
101202.350882946,9.60957786812313,0.000571014386046359
101203.350882946,9.40462717121761,0.00057075155976736
101204.350882946,9.19868410616066,0.000570482358126289
101205.350882946,8.99173865713836,0.000570206780964141
101206.350882946,8.78378060791816,0.000569924828050182
101207.350882946,8.57479958886532,0.000569636499108623
101208.350882946,8.36478506116311,0.000569341793816368
101209.350882946,8.15372626239277,0.000569040711758743
101210.350882946,7.94161216502493,0.00056873325238915
101211.350882946,7.72843153901236,0.00056841941503237
101212.350882946,7.51417295919505,0.000568099198955462
101213.350882946,7.29882479276398,0.000567772603321179
101214.350882946,7.08237516882814,0.000567439627141505
101215.350882946,6.86481195611984,0.000567100269260566
101216.350882946,6.64612276359271,0.000566754528362517
101217.350882946,6.42629495121966,0.000566402402980938
101218.350882946,6.20531562995458,0.00056604389148399
101219.350882946,5.98317164517215,0.000565678992033096
101220.350882946,5.75984955563256,0.000565307702541425
101221.350882946,5.535335622816,0.000564930020663006
101222.350882946,5.30961581435543,0.000564545943817413
101223.350882946,5.08267581203083,0.000564155469220096
101224.350882946,4.85450100963157,0.000563758593874898
101225.350882946,4.62507649230978,0.000563355314508531
101226.350882946,4.39438700314198,0.000562945627474148
101227.350882946,4.16241691518652,0.00056252952868698
101228.350882946,3.92915022767655,0.000562107013644666
101229.350882946,3.69457058891848,0.000561678077523997
101230.350882946,3.45866132470337,0.000561242715272991
101231.350882946,3.22140543838196,0.000560800921593828
101232.350882946,2.98278556243808,0.00056035269077473
101233.350882946,2.74278387789468,0.000559898016449046
101234.350882946,2.50138212278701,0.000559436891637659
101235.350882946,2.25856146202208,0.000558969308379867
101236.350882946,2.0143025490341,0.000558495258238463
101237.350882946,1.76858582121948,0.000558014733103404
101238.350882946,1.52139165249399,0.000557527725272963
101239.350882946,1.27269997214342,0.000557034226138102
101240.350882946,1.02248938417589,0.000556534224128693
101241.350882946,0.770737502802297,0.000556027705152583
101242.350882946,0.51742130912005,0.000555514654726983
101243.350882946,0.262517909389948,0.000554995060179063
101244.350882946,0.00600502669037722,0.000554468911614479
101245.350882946,-0.25213932697083,0.000553936199853515
101246.350882946,-0.511943221773393,0.000553396908232897
101247.350882946,-0.773432660623813,0.000552851013999037
101248.350882946,-1.03663382243547,0.000552298498924216
101249.350882946,-1.3015722817753,0.000551739344476263
101250.350882946,-1.56827406606679,0.000551173531638049
101251.350882946,-1.83676629543235,0.000550601041023716
101252.350882946,-2.10706873181352,0.00055002186497739
101253.350882946,-2.37920925791085,0.000549435983764903
101254.350882946,-2.65322327767586,0.000548843369562
101255.350882946,-2.9291456422551,0.0005482439912713
101256.350882946,-3.20700970075122,0.000547637816558295
101257.350882946,-3.48685314603045,0.000547024811394763
101258.350882946,-3.76870630986508,0.00054640494969539
101259.350882946,-4.05260532338053,0.000545778191620082
101260.350882946,-4.33858557414569,0.000545144509957007
101261.350882946,-4.62668045655556,0.000544503876927753
101262.350882946,-4.91692455429326,0.00054385626007795
101263.350882946,-5.20934329189926,0.000543201642189539
101264.350882946,-5.50397630347531,0.000542539978993508
101265.350882946,-5.80087418360651,0.000541871213978434
101266.350882946,-6.10008648660393,0.000541195294051038
101267.350882946,-6.40165587615249,0.000540512174721972
101268.350882946,-6.70562155461851,0.000539821816145092
101269.350882946,-7.01203414360919,0.000539124165570768
101270.350882946,-7.32093715053383,0.00053841917249773
101271.350882946,-7.63238317112376,0.000537706760506949
101272.350882946,-7.94641390377142,0.00053698690068407
101273.350882946,-8.26308498617599,0.000536259508638639
101274.350882946,-8.58245219328755,0.000535524522326967
101275.350882946,-8.9045549136263,0.000534781914814702
101276.350882946,-9.22945282900463,0.000534031591800614
101277.350882946,-9.55720789358078,0.000533273481790857
101278.350882946,-9.88786509375341,0.0005325075500848
101279.350882946,-10.2214881869691,0.000531733692119846
101280.350882946,-10.5581442401288,0.000530951826246503
101281.350882946,-10.8978834302662,0.000530161909470827
101282.350882946,-11.2407728592335,0.000529363828932778
101283.350882946,-11.5868841484926,0.000528557495073549
101284.350882946,-11.936272573333,0.000527742858307406
101285.350882946,-12.289006663366,0.000526919802883307
101286.350882946,-12.645161059034,0.000526088234570117
101287.350882946,-13.0047968624064,0.000525248095371277
101288.350882946,-13.3679829122943,0.000524399268968357
101289.350882946,-13.7347937317927,0.000523541677601491
101290.350882946,-14.1052987744713,0.000522675207274398
101291.350882946,-14.4795744790087,0.000521799776804494
101292.350882946,-14.8576878934926,0.000520915277279452
101293.350882946,-15.2397195024292,0.000520021619938646
101294.350882946,-15.6257404092526,0.000519118706571429
101295.350882946,-16.0158231998598,0.00051820643820782
101296.350882946,-16.4100339196189,0.000517284726808331
101297.350882946,-16.8084422219421,0.000516353481771878
101298.350882946,-17.211123108736,0.000515412606850214
101299.350882946,-17.6181527920901,0.000514462003774517
101300.350882946,-18.0296037432626,0.000513501577406498
101301.350882946,-18.4455437843079,0.000512531237622405
101302.350882946,-18.8660383173631,0.000511550897957185
101303.350882946,-19.2911514797734,0.000510560475093839
101304.350882946,-19.7209445020924,0.00050955989116928
101305.350882946,-20.1554734203271,0.000508549076347112
101306.350882946,-20.5947886959008,0.000507527968269695
101307.350882946,-21.0389367292073,0.000506496508179832
101308.350882946,-21.4879613468649,0.000505454636535059
101309.350882946,-21.9419037827657,0.00050440229110081
101310.350882946,-22.4008011477512,0.000503339408623473
101311.350882946,-22.864687064463,0.000502265924665226
101312.350882946,-23.3335818204544,0.000501181793638217
101313.350882946,-23.8074946920849,0.000500086981785763
101314.350882946,-24.2864278647661,0.00049898145552527
101315.350882946,-24.7703768853649,0.000497865176132933
101316.350882946,-25.2593297470327,0.000496738100032429
101317.350882946,-25.7532665529005,0.000495600180351962
101318.350882946,-26.2521583286505,0.000494451367784998
101319.350882946,-26.7559633276183,0.000493291611876434
101320.350882946,-27.2646231010936,0.000492120863387077
101321.350882946,-27.778063018041,0.000490939075121396
101322.350882946,-28.2961973490928,0.000489746197981975
101323.350882946,-28.8189312406773,0.000488542173999168
101324.350882946,-29.3461524843267,0.000487326933439283
101325.350882946,-29.8777192461952,0.000486100400637875
101326.350882946,-30.4134612949837,0.000484862503508385
101327.350882946,-30.9532010006626,0.000483613176245614
101328.350882946,-31.4967696550412,0.000482352352453947
101329.350882946,-32.0439705326962,0.000481079961320931
101330.350882946,-32.5945158666572,0.000479795923427391
101331.350882946,-33.1481175621445,0.000478500161851413
101332.350882946,-33.7044714491552,0.000477192631339816
101333.350882946,-34.2632888981764,0.000475873298557319
101334.350882946,-34.824291054204,0.000474542126155695
101335.350882946,-35.3871585487493,0.000473199095238025
101336.350882946,-35.9514789113723,0.000471844229319301
101337.350882946,-36.5168129827442,0.000470477567316506
101338.350882946,-37.0827210608504,0.000469099176417575
101339.350882946,-37.6489141920067,0.000467709134832864
101340.350882946,-38.2150370028004,0.000466307539358534
101341.350882946,-38.7806311778442,0.000464894508891749
101342.350882946,-39.3453270013112,0.000463470200795832
101343.350882946,-39.9088219805817,0.00046203479069753
101344.350882946,-40.47081100005,0.000460588465625945
101345.350882946,-41.0310149566047,0.00045913143682367
101346.350882946,-41.5892324774624,0.000457663894819291
101347.350882946,-42.1452823305993,0.000456186097826476
101348.350882946,-42.6990228330055,0.000454698328006113
101349.350882946,-43.2503672815183,0.000453200871005112
101350.350882946,-43.7992949080169,0.000451694014731143
101351.350882946,-44.3458504056246,0.000450178050364236
101352.350882946,-44.8901322614585,0.000448653271357681
101353.350882946,-45.4322854281855,0.000447119971145482
101354.350882946,-45.972504927365,0.000445578440362469
101355.350882946,-46.5110378150101,0.000444028964360343
101356.350882946,-47.0481732401394,0.000442471821264624
101357.350882946,-47.5842285539614,0.000440907280148661
101358.350882946,-48.1195436351791,0.000439335600056757
101359.350882946,-48.654480128456,0.000437757027222189
101360.350882946,-49.1894107370456,0.00043617179572376
101361.350882946,-49.7247016069769,0.000434580126997565
101362.350882946,-50.2607023058053,0.000432982230672195
101363.350882946,-50.797746771469,0.00043137830391571
101364.350882946,-51.3361417115002,0.000429768534478388
101365.350882946,-51.8761386674871,0.000428153101046138
101366.350882946,-52.4179200171877,0.000426532173750413
101367.350882946,-52.9616162660199,0.000424905916931979
101368.350882946,-53.5072931800509,0.000423274490105952
101369.350882946,-54.0549280466749,0.0004216380494768
101370.350882946,-54.6044054540088,0.000419996753701778
101371.350882946,-55.155518026279,0.000418350764323299
101372.350882946,-55.7079651679732,0.000416700247622498
101373.350882946,-56.2613526259164,0.000415045376737799
101374.350882946,-56.8151950668456,0.000413386333451244
101375.350882946,-57.3689214172963,0.000411723310083036
101376.350882946,-57.9218846503314,0.000410056511306498
101377.350882946,-58.4733669193008,0.000408386154402327
101378.350882946,-59.0225908553621,0.000406712471969254
101379.350882946,-59.5687354892552,0.000405035710136813
101379.942213176,-59.889892320315,0.000404042846766395
101380.133002093,-59.993188684234,0.000403722304739185
101380.209023952,-60.034299338483,0.000403594560536999
101380.28504581,-60.0753752295119,0.000403466819091937
101380.361067669,-60.1164113535591,0.000403339091166862
101380.437089527,-60.1574072671081,0.000403211376937082
101380.513111386,-60.1983640937004,0.000403083673151117
101380.589133244,-60.2392840068673,0.000402955973902951
101380.705062015,-60.3016113481637,0.000402761252151662
101380.820990785,-60.3638508045556,0.000402566541487569
101380.936919556,-60.4260009462305,0.000402371842702501
101381.052848326,-60.4880611215766,0.000402177154727204
101381.168777097,-60.55003150873,0.000401982474465833
101381.749522349,-60.859111681176,0.000401007217637144
101382.330267601,-61.165883467933,0.000400031873451373
101382.911012853,-61.4702680838681,0.000399056311928867
101383.491758105,-61.772163647379,0.000398080449788793
101384.412757795,-62.2455510177769,0.000396532156464412
101385.333757485,-62.7118864281604,0.000394982994329054
101386.254757175,-63.1706371884928,0.000393433049840763
101387.175756864,-63.621275842971,0.000391882494158874
101388.096756554,-64.06329880828,0.000390331547670113
101389.096756554,-64.5329339770699,0.000388647415698354
101390.096756554,-64.9913042404318,0.00038696345780976
101391.096756554,-65.4379166897917,0.000385280024717
101392.096756554,-65.8723434544802,0.00038359747135779
101393.096756554,-66.2942260414242,0.000381916150080422
101394.096756554,-66.7032661491406,0.000380236419039669
101395.096756554,-67.0992346733023,0.000378558630442733
101396.096756554,-67.4819640267461,0.000376883130488984
101397.096756554,-67.8513518106815,0.000375210256910123
101398.096756554,-68.207352799172,0.000373540338794063
101399.096756554,-68.5499784542899,0.000371873697536632
101400.096756554,-68.8792919918279,0.000370210642503115
101401.096756554,-69.1954044434419,0.000368551474171042
101402.096756554,-69.4984713082909,0.000366896480096615
101403.096756554,-69.7886864297464,0.000365245937982747
101404.096756554,-70.0662803225852,0.000363600112004107
101405.096756554,-70.3315126876733,0.000361959255677372
101406.096756554,-70.5846719149757,0.000360323609055583
101407.096756554,-70.8260670064869,0.00035869340097654
101408.096756554,-71.056027950773,0.000357068847252888
101409.096756554,-71.274897703953,0.00035545015232822
101410.096756554,-71.4830329060925,0.000353837506868807
101411.096756554,-71.6807992111175,0.000352231092565819
101412.096756554,-71.8685656409901,0.000350631080278534
101413.096756554,-72.0467041386514,0.00034903762804736
101414.096756554,-72.2155878675175,0.000347450882159626
101415.096756554,-72.3755883175404,0.000345870980103262
101416.096756554,-72.5270760271623,0.000344298048610025
101417.096756554,-72.6704146194893,0.000342732204153677
101418.096756554,-72.8059618464534,0.000341173555047874
101419.096756554,-72.9340662835872,0.000339622201032601
101420.096756554,-73.0550709351352,0.000338078234212432
101421.096756554,-73.169308456076,0.000336541737593919
101422.096756554,-73.2771273603287,0.000335012791052705
101423.096756554,-73.378821318869,0.000333491458881616
101424.096756554,-73.4746793586189,0.000331977799653732
101425.096756554,-73.5649867927404,0.000330471867239764
101426.096756554,-73.6500207641368,0.000328973710213621
101427.096756554,-73.7300267659065,0.000327483368574008
101428.096756554,-73.8052660444073,0.000326000881240604
101429.096756554,-73.8759960791508,0.000324526282877649
101430.096756554,-73.9424569787977,0.000323059602087923
101431.096756554,-74.0048720019851,0.000321600861905984
101432.096756554,-74.0634520550514,0.000320150080841522
101433.096756554,-74.1183982572583,0.000318707273534218
101434.096756554,-74.1699024430762,0.000317272451027018
101435.096756554,-74.2181470639201,0.000315845620923395
101436.096756554,-74.2633052791094,0.000314426787569716
101437.096756554,-74.3055412864942,0.000313015952268481
101438.096756554,-74.3450107288631,0.00031161311349115
101439.096756554,-74.3818610809521,0.000310218267074323
101440.096756554,-74.4162320074108,0.000308831406399367
101441.096756554,-74.448255708296,0.000307452522559772
101442.096756554,-74.4780572612791,0.000306081604518722
101443.096756554,-74.5057549599549,0.000304718639257421
101444.096756554,-74.5314606447703,0.000303363611914198
101445.096756554,-74.5552800242345,0.00030201650591464
101446.096756554,-74.5773129855135,0.00030067730309318
101447.096756554,-74.5976538941099,0.000299345983806665
101448.096756554,-74.6163918824055,0.000298022527040362
101449.096756554,-74.6336111268495,0.000296706910506835
101450.096756554,-74.6493911136573,0.000295399110738106
101451.096756554,-74.6638068929985,0.000294099103171498
101452.096756554,-74.676929321761,0.000292806862229529
101453.096756554,-74.6888252950533,0.000291522361394257
101454.096756554,-74.6995579666678,0.000290245573276396
101455.096756554,-74.7091869587696,0.000288976469679566
101456.096756554,-74.7177685611112,0.000287715021659986
101457.096756554,-74.7253559201037,0.000286461199581918
101458.096756554,-74.7319992180908,0.00028521497316916
101459.096756554,-74.737745843191,0.000283976311552852
101460.096756554,-74.7426405500767,0.000282745183315867
101461.096756554,-74.7467256120667,0.000281521556534031
101462.096756554,-74.7500409649056,0.000280305398814402
101463.096756554,-74.7526243426026,0.000279096677330832
101464.096756554,-74.7545114056966,0.00027789535885702
101465.096756554,-74.7557358623065,0.000276701409797246
101466.096756554,-74.756329582317,0.000275514796214978
101467.096756554,-74.7563227050405,0.000274335483859505
101468.096756554,-74.7557437406849,0.000273163438190783
101469.096756554,-74.7546196659441,0.000271998624402615
101470.096756554,-74.7529760140188,0.000270841007444329
101471.096756554,-74.75083695936,0.000269690552041061
101472.096756554,-74.7482253974179,0.00026854722271278
101473.096756554,-74.7451630196652,0.000267410983792162
101474.096756554,-74.7416703841526,0.000266281799441401
101475.096756554,-74.7377669818415,0.000265159633668079
101476.096756554,-74.7334712989494,0.000264044450340151
101477.096756554,-74.7288008755292,0.000262936213200146
101478.096756554,-74.7237723604962,0.000261834885878647
101479.096756554,-74.7184015633032,0.000260740431907113
101480.096756554,-74.712703502456,0.000259652814730112
101481.096756554,-74.7066924510508,0.000258571997717009
101482.096756554,-74.7003819795063,0.000257497944173159
101483.096756554,-74.6937849956537,0.000256430617350651
101484.096756554,-74.6869137823413,0.000255369980458639
101485.096756554,-74.6797800326985,0.000254315996673298
101486.096756554,-74.6723948832002,0.000253268629147425
101487.096756554,-74.6647689446635,0.000252227841019716
101488.096756554,-74.6569123313008,0.000251193595423756
101489.096756554,-74.6488346879479,0.000250165855496708
101490.096756554,-74.6405452155789,0.000249144584387757
101491.096756554,-74.6320526952137,0.000248129745266289
101492.096756554,-74.6233655103179,0.000247121301329844
101493.096756554,-74.6144916677888,0.000246119215811834
101494.096756554,-74.6054388176182,0.00024512345198904
101495.096756554,-74.5962142713138,0.000244133973188906
101496.096756554,-74.5868250191611,0.000243150742796608
101497.096756554,-74.5772777463977,0.000242173724261939
101498.096756554,-74.5675788483731,0.000241202881105976
101499.096756554,-74.5577344447585,0.000240238176927562
101500.096756554,-74.5477503928695,0.00023927957540958
101501.096756554,-74.5376323001608,0.000238327040325043
101502.096756554,-74.5273855359472,0.000237380535542984
101503.096756554,-74.5170152424037,0.000236440025034147
101504.096756554,-74.5065263448915,0.000235505472876498
101505.096756554,-74.4959235616582,0.00023457684326053
101506.096756554,-74.4852114129517,0.000233654100494382
101507.096756554,-74.4743942295905,0.000232737209008766
101508.096756554,-74.463476161025,0.000231826133361698
101509.096756554,-74.4524611829279,0.000230920838243041
101510.096756554,-74.4413531043435,0.000230021288478861
101511.096756554,-74.430155574427,0.000229127449035584
101512.096756554,-74.4188720888041,0.000228239285023972
101513.096756554,-74.4075059955738,0.000227356761702915
101514.096756554,-74.3960605009823,0.000226479844483031
101515.096756554,-74.3845386747886,0.000225608498930087
101516.096756554,-74.3729434553446,0.000224742690768244
101517.096756554,-74.3612776544075,0.000223882385883113
101518.096756554,-74.3495439617053,0.000223027550324649
101519.096756554,-74.3377449492701,0.000222178150309867
101520.096756554,-74.325883075556,0.000221334152225386
101521.096756554,-74.3139606893556,0.000220495522629818
101522.096756554,-74.3019800335301,0.000219662228255984
101523.096756554,-74.2899432485621,0.000218834236012985
101524.096756554,-74.2778523759469,0.000218011512988108
101525.096756554,-74.2657093614286,0.000217194026448595
101526.096756554,-74.2535160580946,0.000216381743843256
101527.096756554,-74.2412742293341,0.000215574632803948
101528.096756554,-74.2289855516719,0.00021477266114692
101529.096756554,-74.2166516174832,0.000213975796874023
101530.096756554,-74.2042739375968,0.000213184008173795
101531.096756554,-74.1918539437938,0.000212397263422425
101532.096756554,-74.1793929912077,0.000211615531184598
101533.096756554,-74.1668923606304,0.000210838780214231
101534.096756554,-74.1543532607307,0.000210066979455098
101535.096756554,-74.1417768301883,0.000209300098041356
101536.096756554,-74.1291641397496,0.000208538105297967
101537.096756554,-74.1165161942071,0.00020778097074103
101538.096756554,-74.1038339343076,0.000207028664078027
101539.096756554,-74.091118238592,0.000206281155207975
101540.096756554,-74.0783699251701,0.000205538414221506
101541.096756554,-74.0655897534323,0.000204800411400866
101542.096756554,-74.0527784257021,0.000204067117219843
101543.096756554,-74.0399365888317,0.000203338502343628
101544.096756554,-74.0270648357416,0.000202614537628614
101545.096756554,-74.0141637069079,0.000201895194122123
101546.096756554,-74.0012336917987,0.000201180443062096
101547.096756554,-73.988275230261,0.000200470255876711
101548.096756554,-73.9752887138603,0.000199764604183966
101549.096756554,-73.9622744871742,0.000199063459791204
101550.096756554,-73.9492328490414,0.000198366794694605
101551.096756554,-73.9361640537682,0.000197674581078635
101552.096756554,-73.9230683122921,0.000196986791315453
101553.096756554,-73.9099457933061,0.000196303397964292
101554.096756554,-73.8967966243422,0.000195624373770808
101555.096756554,-73.8836208928177,0.000194949691666393
101556.096756554,-73.8704186470427,0.000194279324767471
101557.096756554,-73.8571898971926,0.00019361324637477
101558.096756554,-73.8439346162435,0.000192951429972564
101559.096756554,-73.8306527408743,0.000192293849227907
101560.096756554,-73.8173441723333,0.000191640477989845
101561.096756554,-73.804008777273,0.000190991290288614
101562.096756554,-73.7906463885517,0.000190346260334825
101563.096756554,-73.7772568060028,0.000189705362518638
101564.096756554,-73.7638397971745,0.000189068571408929
101565.096756554,-73.7503950980372,0.000188435861752443
101566.096756554,-73.7369224136622,0.000187807208472953
101567.096756554,-73.7234214188704,0.000187182586670398
101568.096756554,-73.7098917588527,0.000186561971620032
101569.096756554,-73.6963330497616,0.000185945338771567
101570.096756554,-73.682744879275,0.000185332663748305
101571.096756554,-73.6691268071334,0.000184723922346292
101572.096756554,-73.6554783656489,0.00018411909053345
101573.096756554,-73.6417990601895,0.000183518144448728
101574.096756554,-73.6280883696352,0.000182921060401248
101575.096756554,-73.6143457468106,0.000182327814869463
101576.096756554,-73.6005706188906,0.000181738384500309
101577.096756554,-73.5867623877819,0.000181152746108376
101578.096756554,-73.5729204304798,0.000180570876675076
101579.096756554,-73.5590440994005,0.000179992753347822
101580.096756554,-73.5451327226897,0.00017941835343922
101581.096756554,-73.5311856045068,0.00017884765442626
101582.096756554,-73.5172020252868,0.000178280633949523
101583.096756554,-73.5031812419775,0.000177717269812399
101584.096756554,-73.4891224882547,0.000177157539980313
101585.096756554,-73.4750249747143,0.00017660142257996
101586.096756554,-73.4608878890416,0.000176048895898557
101587.096756554,-73.4467103961581,0.000175499938383102
101588.096756554,-73.4324916383459,0.000174954528639647
101589.096756554,-73.4182307353505,0.000174412645432586
101590.096756554,-73.40392678446,0.00017387426768395
101591.096756554,-73.3895788605641,0.000173339374472725
101592.096756554,-73.3751860161895,0.000172807945034174
101593.096756554,-73.3607472815141,0.000172279958759181
101594.096756554,-73.3462616643594,0.000171755395193602
101595.096756554,-73.3317281501601,0.000171234234037636
101596.096756554,-73.3171457019128,0.000170716455145213
101597.096756554,-73.3025132601018,0.000170202038523389
101598.096756554,-73.2878297426032,0.000169690964331765
101599.096756554,-73.2730940445666,0.000169183212881918
101600.096756554,-73.2583050382746,0.000168678764636847
101601.096756554,-73.24346157298,0.00016817760021044
101602.096756554,-73.2285624747194,0.00016767970036695
101603.096756554,-73.2136065461056,0.000167185046020498
101604.096756554,-73.1985925660952,0.000166693618234584
101605.096756554,-73.183519289734,0.000166205398221624
101606.096756554,-73.1683854478782,0.000165720367342495
101607.096756554,-73.1531897468919,0.000165238507106104
101608.096756554,-73.1379308683204,0.00016475979916898
101609.096756554,-73.1226074685386,0.000164284225334873
101610.096756554,-73.1072181783743,0.000163811767554382
101611.096756554,-73.0917616027064,0.000163342407924599
101612.096756554,-73.0762363200363,0.000162876128688769
101613.096756554,-73.0606408820341,0.000162412912235976
101614.096756554,-73.0449738130562,0.000161952741100848
101615.096756554,-73.0292336096363,0.000161495597963279
101616.096756554,-73.0134187399478,0.000161041465648175
101617.096756554,-72.9975276432371,0.000160590327125222
101618.096756554,-72.9815587292273,0.000160142165508678
101619.096756554,-72.9655103774916,0.00015969696405718
101620.096756554,-72.9493809367952,0.000159254706173582
101621.096756554,-72.9331687244048,0.000158815375404812
101622.096756554,-72.9168720253659,0.000158378955441758
101623.096756554,-72.9004890917452,0.000157945430119169
101624.096756554,-72.8840181418379,0.000157514783415593
101625.096756554,-72.8674573593398,0.000157086999453334
101626.096756554,-72.8508048924808,0.000156662062498432
101627.096756554,-72.8340588531208,0.000156239956960681
101628.096756554,-72.8172173158051,0.000155820667393668
101629.096756554,-72.800278316779,0.000155404178494836
101630.096756554,-72.7832398529597,0.000154990475105589
101631.096756554,-72.7660998808634,0.000154579542211416
101632.096756554,-72.7488563154877,0.000154171364942052
101633.096756554,-72.7315070291452,0.00015376592857167
101634.096756554,-72.7140498502488,0.000153363218519105
101635.096756554,-72.6964825620455,0.000152963220348115
101636.096756554,-72.6788029012963,0.000152565919767672
101637.096756554,-72.6610085569022,0.000152171302632299
101638.096756554,-72.643097168471,0.000151779354942432
101639.096756554,-72.6250663248256,0.000151390062844831
101640.096756554,-72.6069135624488,0.000151003412633029
101641.096756554,-72.5886363638638,0.000150619390747819
101642.096756554,-72.5702321559468,0.000150237983777788
101643.096756554,-72.5516983081682,0.000149859178459898
101644.096756554,-72.5330321307611,0.000149482961680102
101645.096756554,-72.5142308728116,0.000149109320474025
101646.096756554,-72.4952917202695,0.000148738242027681
101647.096756554,-72.4762117938742,0.000148369713678251
101648.096756554,-72.4569881469926,0.000148003722914908
101649.096756554,-72.4376177633654,0.000147640257379704
101650.096756554,-72.4180975547563,0.00014727930486851
101651.096756554,-72.3984243585007,0.000146920853332023
101652.096756554,-72.3785949349487,0.000146564890876831
101653.096756554,-72.358605964796,0.000146211405766549
101654.096756554,-72.3384540463006,0.000145860386423014
101655.096756554,-72.3181356923753,0.000145511821427568
101656.096756554,-72.2976473275531,0.000145165699522396
101657.096756554,-72.2769852848184,0.000144822009611962
101658.096756554,-72.2561458022958,0.000144480740764512
101659.096756554,-72.2351250197907,0.000144141882213667
101660.096756554,-72.213918975174,0.000143805423360109
101661.096756554,-72.1925236006016,0.000143471353773355
101662.096756554,-72.170934718561,0.00014313966319363
101663.096756554,-72.1491480377358,0.000142810341533844
101664.096756554,-72.1271591486774,0.000142483378881675
101665.096756554,-72.1049635192744,0.000142158765501767
101666.096756554,-72.0825564900088,0.000141836491838037
101667.096756554,-72.0599332689855,0.000141516548516117
101668.096756554,-72.0370889267249,0.00014119892634592
101669.096756554,-72.0140183907032,0.000140883616324342
101670.096756554,-71.9907164396273,0.000140570609638105
101671.096756554,-71.9671776974284,0.000140259897666759
101672.096756554,-71.9433966269582,0.000139951471985835
101673.096756554,-71.9193675233709,0.000139645324370163
101674.096756554,-71.8950845071709,0.000139341446797374
101675.096756554,-71.8705415169081,0.000139039831451578
101676.096756554,-71.8457323014985,0.000138740470727243
101677.096756554,-71.820650412147,0.000138443357233276
101678.096756554,-71.7952891938494,0.000138148483797323
101679.096756554,-71.7696417764457,0.000137855843470296
101680.096756554,-71.7437010651982,0.000137565429531144
101681.096756554,-71.7174597308631,0.000137277235491877
101682.096756554,-71.6909101992238,0.000136991255102864
101683.096756554,-71.6640446400515,0.000136707482358413
101684.096756554,-71.6368549554547,0.000136425911502659
101685.096756554,-71.6093327675781,0.000136146537035768
101686.096756554,-71.5814694056072,0.000135869353720484
101687.096756554,-71.5532558920326,0.000135594356589036
101688.096756554,-71.5246829281219,0.000135321540950432
101689.096756554,-71.4957408785467,0.000135050902398152
101690.096756554,-71.4664197551041,0.000134782436818285
101691.096756554,-71.436709199471,0.000134516140398114
101692.096756554,-71.40659846492,0.0001342520096352
101693.096756554,-71.3760763969245,0.000133990041346983
101694.096756554,-71.3451314125703,0.000133730232680945
101695.096756554,-71.3137514786876,0.000133472581125353
101696.096756554,-71.2819240886063,0.000133217084520654
101697.096756554,-71.2496362374326,0.000132963741071527
101698.096756554,-71.2168743957325,0.000132712549359673
101699.096756554,-71.1836244815005,0.00013246350835737
101700.096756554,-71.1498718302793,0.000132216617441859
101701.096756554,-71.1156011632833,0.000131971876410617
101702.096756554,-71.0807965533669,0.000131729285497582
101703.096756554,-71.0454413886629,0.000131488845390402
101704.096756554,-71.0095183336983,0.000131250557248775
101705.096756554,-70.9730092877788,0.000131014422723981
101706.096756554,-70.9358953404108,0.000130780443979674
101707.096756554,-70.8981567235075,0.000130548623714051
101708.096756554,-70.8597727601005,0.00013031896518349
101709.096756554,-70.8207218092499,0.000130091472227795
101710.096756554,-70.7809812068137,0.00012986614929715
101711.096756554,-70.7405272017021,0.000129643001480949
101712.096756554,-70.699334887203,0.000129422034538636
101713.096756554,-70.6573781269187,0.00012920325493274
101714.096756554,-70.6146294748067,0.000128986669864286
101715.096756554,-70.5710600887569,0.000128772287310785
101716.096756554,-70.5266396370767,0.000128560116067041
101717.096756554,-70.4813361971822,0.000128350165789011
101718.096756554,-70.4351161457122,0.000128142447041013
101719.096756554,-70.3879440391878,0.000127936971346583
101720.096756554,-70.3397824842374,0.000127733751243317
101721.096756554,-70.2905919962836,0.00012753280034209
101722.096756554,-70.2403308454535,0.000127334133391077
101723.096756554,-70.1889548883166,0.000127137766345036
101724.096756554,-70.1364173838727,0.000126943716440394
101725.096756554,-70.0826687920074,0.000126752002276735
101726.096756554,-70.0276565523923,0.000126562643905332
101727.096756554,-69.9713248415333,0.000126375662925501
101728.096756554,-69.9136143053483,0.0001261910825896
101729.096756554,-69.8544617642883,0.000126008927917627
101730.096756554,-69.7937998875801,0.000125829225822515
101731.096756554,-69.7315568326686,0.000125652005247315
101732.096756554,-69.6676558453415,0.000125477297315689
101733.096756554,-69.6020148153284,0.000125305135497278
101734.096756554,-69.5345457813431,0.000125135555789773
101735.096756554,-69.4651543785741,0.000124968596919754
101736.096756554,-69.393739220473,0.000124804300564701
101737.096756554,-69.3201912053207,0.000124642711598917
101738.096756554,-69.2443927364139,0.000124483878366566
101739.096756554,-69.1662168427377,0.000124327852985509
101740.096756554,-69.085526184619,0.000124174691686252
101741.096756554,-69.0021719259698,0.000124024455191035
101742.096756554,-68.9159924512264,0.000123877209138963
101743.096756554,-68.8268119007974,0.000123733024564124
101744.096756554,-68.7344384935595,0.000123591978434916
101745.096756554,-68.6386625984201,0.000123454154264329
101746.096756554,-68.5392545088502,0.000123319642802829
101747.096756554,-68.4359618641557,0.000123188542827791
101748.096756554,-68.3285066484777,0.000123060962046298
101749.096756554,-68.2165816823332,0.000122937018131662
101750.096756554,-68.0998465008479,0.000122816839918493
101751.096756554,-67.9779224862639,0.000122700568786736
101752.096756554,-67.8503870878558,0.000122588360272212
101753.096756554,-67.7167669173434,0.000122480385950319
101754.096756554,-67.5765294484271,0.000122376835651273
101755.096756554,-67.4290729698369,0.000122277920080586
101756.096756554,-67.2737143345441,0.000122183873938544
101757.096756554,-67.1096739023934,0.000122094959659136
101758.096756554,-66.9360568728975,0.000122011471924708
101759.096756554,-66.7518299247741,0.000121933743161259
101760.096756554,-66.5557916816625,0.000121862150286306
101761.096756554,-66.3465349517066,0.000121797123074809
101762.096756554,-66.1223978514156,0.000121739154641323
101763.096756554,-65.8813996750894,0.000121688814728051
101764.096756554,-65.62115546897,0.000121646766769969
101765.096756554,-65.3387603065233,0.000121613790131025
101766.096756554,-65.0306295291497,0.000121590809555191
101767.096756554,-64.6922734438862,0.000121578934901697
101768.096756554,-64.3179717952773,0.000121579515900778
101769.096756554,-63.9002901934403,0.00012159421946943
101770.096756554,-63.4293383862289,0.000121625142027319
101771.096756554,-62.8915893073951,0.000121674978216613
101772.096756554,-62.2665942082086,0.00012174739528333
101773.096756554,-61.524380610146,0.000121847389622711
101774.096756554,-60.6194525790082,0.000121981956531581
101775.096756554,-59.4731856480332,0.000122161894255207
101775.861967294,-58.3468356010719,0.000122340770412066
101776.477887587,-57.1957451451609,0.000122520155410816
101776.983672119,-56.0013559988276,0.000122699425577809
101777.402268667,-54.7570009820746,0.000122877211556794
101777.820865215,-53.1571178197301,0.000123091896949915
101778.119571842,-51.6895562180205,0.000123276254459122
101778.36395061,-50.1890091880645,0.000123454048420539
101778.608329378,-48.2988649250359,0.000123666016595076
101778.79172264,-46.5257536184771,0.000123856539778768
101778.975115903,-44.3403735013573,0.000124086204305745
101779.117888567,-42.2779269111285,0.000124303651345206
101779.260661232,-39.842533512682,0.000124570595419092
101779.403433896,-37.0146557625208,0.000124910484245862
101779.546206561,-33.8472419649781,0.000125360008973468
101779.688979225,-30.4957236436004,0.000125972878779578
101779.800763889,-27.89052383075,0.00012661018898568
101779.912548553,-25.4168144438239,0.000127424065039034
101780.024333217,-23.1252025081345,0.000128442971546365
101780.136117881,-21.010053218262,0.000129684494301077
101780.227796177,-19.377367464979,0.000130873316313012
101780.319474473,-17.7994560035159,0.000132212197441342
101780.411152769,-16.2470958255371,0.000133693577760592
101780.502831065,-14.6991537586941,0.000135306717554778
101780.594509361,-13.1420018916206,0.000137038194949447
101780.755585142,-10.370482103602,0.000140316659724777
101780.803819814,-9.52848763272979,0.000141346292075748
101780.852054486,-8.68338910101935,0.000142392641537467
101780.900289157,-7.83642248440055,0.000143452840514587
101780.948523829,-6.98874845560263,0.000144524099958138
101780.996758501,-6.14172728878907,0.000145603627268419
101781.071323955,-4.83730564317027,0.000147282310242255
101781.145889409,-3.54415681035838,0.000148964263303664
101781.220454863,-2.26823550813001,0.00015064021355431
101781.295020317,-1.01518371826874,0.000152301717717624
101781.369585771,0.209902202712277,0.000153941301842923
101781.448183152,1.46606831959791,0.00015563870278303
101781.526780533,2.68196245282174,0.000157298380113632
101781.605377914,3.85431904705584,0.000158915543959638
101781.683975295,4.98082972223909,0.000160486724424194
101781.762572676,6.06007506909378,0.00016200967290539
101781.841170058,7.09144142478111,0.000163483258555907
101781.969442033,8.67224932117142,0.000165782051709048
101782.097714009,10.1296427420465,0.000167953236880276
101782.225985985,11.4703735174412,0.000170005221386432
101782.354257961,12.702972705213,0.000171949081617476
101782.482529936,13.8367130978958,0.000173797126568216
101782.610801912,14.8809016745129,0.000175561884377505
101782.799315347,16.271044612403,0.000178028858230597
101782.987828781,17.5110820757202,0.00018037495479231
101783.170337667,18.5873517734866,0.000182556601318758
101783.352846554,19.5555639866411,0.000184668898969834
101783.476205768,20.154634980436,0.000186064915186968
101783.577903475,20.6171409061066,0.000187199216929579
101783.679601183,21.0527100217251,0.000188320128110159
101783.781298891,21.4625850610651,0.000189428984888428
101783.882996599,21.8479068346323,0.000190526932971865
101783.966198331,22.1456270540434,0.000191417769391495
101784.049400064,22.4281551462019,0.000192302410300059
101784.132601796,22.69601259136,0.000193181269202738
101784.215803529,22.9497095171262,0.000194054727201714
101784.299005261,23.189745897218,0.000194923135141388
101784.416611237,23.5066895257464,0.000196142645973855
101784.534217212,23.7986836007871,0.000197353553841144
101784.651823187,24.0670679288081,0.000198556627560431
101784.769429162,24.3131623046197,0.000199752578549447
101784.887035137,24.5382644548701,0.000200942066862573
101785.004641113,24.7436451633247,0.000202125703884278
101785.169668818,25.0009514548556,0.000203777821962859
101785.334696523,25.2251736838475,0.000205420947669655
101785.499724228,25.4194795423202,0.000207056344685874
101785.664751933,25.5868680996129,0.000208685123662729
101785.829779638,25.7301520414452,0.000210308246056004
101785.994807343,25.8519555826738,0.000211926532124286
101786.279152038,26.0184324219938,0.000214705460474622
101786.563496732,26.1394262228694,0.000217474695976041
101786.847841426,26.2244296512144,0.000220235931386055
101787.13218612,26.2813857255424,0.000222990019570741
101787.416530814,26.3168398951451,0.000225737111441237
101787.700875508,26.3361078150172,0.000228476783793247
101788.06500701,26.3438551240102,0.000231972942545949
101788.429138512,26.3387363587614,0.00023545279413482
101788.793270014,26.3255371180265,0.000238913017819461
101789.157401516,26.3075312975834,0.000242349941530051
101789.521533019,26.2868547435007,0.000245759754684373
101789.885664521,26.2648014615272,0.000249138670836295
101790.439166322,26.2301846900978,0.000254207615325458
101790.992668123,26.1946733574066,0.000259185307361041
101791.546169924,26.1578786738165,0.000264062049743583
101792.099671725,26.1192005349425,0.000268830352849338
101792.653173526,26.0781600244766,0.000273484915445766
101793.206675328,26.0344980251357,0.000278022455724415
101794.206675328,25.9492588227263,0.00028591966261402
101795.206675328,25.8579611464308,0.000293434607738341
101796.206675328,25.765522877396,0.000300583217749335
101797.206675328,25.6783909003247,0.000307388304473587
101798.206675328,25.602643103917,0.000313875509482146
101799.206675328,25.5428005583265,0.000320070739969828
101800.206675328,25.5018959774497,0.000325998819168673
101801.206675328,25.4820941495319,0.000331682781281816
101802.206675328,25.4848862183166,0.000337143330839761
101803.206675328,25.5107288548275,0.000342398495932274
101804.206675328,25.5591564736907,0.000347463733767341
101805.206675328,25.629101638007,0.000352352301565785
101806.206675328,25.7191722451741,0.000357075638659987
101807.206675328,25.8278105806292,0.000361643656972165
101808.206675328,25.9533716726432,0.000366064966884353
101809.206675328,26.0941719708483,0.000370347084703861
101810.206675328,26.2485323533424,0.000374496632642261
101811.206675328,26.41481735591,0.000378519518153072
101812.206675328,26.5914655140325,0.000382421080944422
101813.206675328,26.7770077038412,0.000386206207043921
101814.206675328,26.970074531037,0.00038987941630316
101815.206675328,27.1693964721226,0.000393444930550839
101816.206675328,27.3738006276116,0.000396906727540421
101817.206675328,27.5822064519178,0.000400268583704986
101818.206675328,27.7936211979629,0.000403534107510408
101819.206675328,28.0071350138925,0.00040670676481079
101820.206675328,28.2219156310783,0.000409789897636575
101821.206675328,28.437202850292,0.000412786737878627
101822.206675328,28.6523115950378,0.000415700429563796
101823.206675328,28.8666111421432,0.000418534012801514
101824.206675328,29.0795193428798,0.000421290424551821
101825.206675328,29.2905078376686,0.000423972520415051
101826.206675328,29.4991033748482,0.000426583085619748
101827.206675328,29.7048815955752,0.000429124828382422
101828.206675328,29.9074592596101,0.000431600371827772
101829.206675328,30.1064898773953,0.000434012254553117
101830.206675328,30.3016625091789,0.000436362935620406
101831.206675328,30.4927010305668,0.000438654797045095
101832.206675328,30.6793621536879,0.000440890142754497
101833.206675328,30.8614323946927,0.000443071197020565
101834.206675328,31.0387251846609,0.000445200104412279
101835.206675328,31.2110788731892,0.000447278931169374
101836.206675328,31.3783555756363,0.000449309666657121
101837.206675328,31.5404401069648,0.00045129422010762
101838.206675328,31.6972349561161,0.00045323442846029
101839.206675328,31.8486644042193,0.000455132058572448
101840.206675328,31.9946722231496,0.000456988806646497
101841.206675328,32.135218053847,0.000458806296693583
101842.206675328,32.2702756759739,0.000460586081289083
101843.206675328,32.399831344851,0.000462329645584204
101844.206675328,32.5238857081038,0.000464038411492095
101845.206675328,32.6424485528089,0.000465713733416893
101846.206675328,32.7555412347423,0.00046735690500666
101847.206675328,32.8631957957383,0.000468969163434177
101848.206675328,32.9654530380308,0.000470551689251172
101849.206675328,33.0623613128934,0.000472105606883284
101850.206675328,33.15397539182,0.000473631987345407
101851.206675328,33.2403569088114,0.00047513185204036
101852.206675328,33.3215726212085,0.00047660617071383
101853.206675328,33.3976943591313,0.00047805586705332
101854.206675328,33.468798663129,0.000479481822758191
101855.206675328,33.5349656511347,0.000480884874135754
101856.206675328,33.5962781888566,0.000482265816626089
101857.206675328,33.6528218105712,0.000483625408228696
101858.206675328,33.7046848024159,0.000484964367856078
101859.206675328,33.751956937675,0.000486283380139486
101860.206675328,33.7947294528636,0.000487583094865988
101861.206675328,33.8330938803327,0.00048886413026901
101862.206675328,33.8671434554846,0.000490127072893758
101863.206675328,33.8969713687747,0.000491372481480305
101864.206675328,33.9226709686587,0.000492600886449243
101865.206675328,33.9443344232962,0.0004938127916559
101866.206675328,33.9620551271303,0.000495008675113052
101867.206675328,33.9759255456479,0.000496188992666357
101868.206675328,33.9860365797209,0.000497354177476794
101869.206675328,33.9924777610438,0.000498504640185487
101870.206675328,33.9953385232281,0.000499640770659905
101871.206675328,33.9947080198484,0.000500762940358787
101872.206675328,33.9906733013218,0.00050187150321234
101873.206675328,33.9833185111298,0.000502966795964888
101874.206675328,33.9727266422308,0.00050404913655847
101875.206675328,33.9589816382129,0.000505118827241831
101876.206675328,33.9421655744832,0.000506176158326723
101877.206675328,33.9223546701543,0.000507221406104364
101878.206675328,33.8996254824653,0.00050825482771746
101879.206675328,33.8740534600767,0.00050927667434837
101880.206675328,33.8457140122666,0.000510287180825368
101881.206675328,33.8146783889905,0.000511286575289602
101882.206675328,33.7810151574126,0.000512275071995687
101883.206675328,33.7447933353914,0.00051325287326103
101884.206675328,33.7060816409404,0.000514220173963525
101885.206675328,33.6649480801767,0.000515177175385754
101886.206675328,33.6214518816766,0.000516124046677897
101887.206675328,33.5756519268804,0.000517060949325212
101888.206675328,33.527607696134,0.000517988041077513
101889.206675328,33.4773773563739,0.000518905474987992
101890.206675328,33.4250166665595,0.0005198133976912
101891.206675328,33.3705766796778,0.00052071194006366
101892.206675328,33.314110067633,0.000521601236498891
101893.206675328,33.2556697899809,0.00052248141886511
101894.206675328,33.1953064635675,0.000523352611405654
101895.206675328,33.1330685670601,0.000524214930360606
101896.206675328,33.069003378622,0.0005250684924414
101897.206675328,33.0031457558482,0.00052591339040559
101898.206675328,32.9355410138079,0.000526749723665914
101899.206675328,32.8662355564644,0.000527577589830899
101900.206675328,32.7952708665582,0.000528397084569307
101901.206675328,32.722689158058,0.000529208293202186
101902.206675328,32.6485368965293,0.000530011309888696
101903.206675328,32.5728377261201,0.000530806205186509
101904.206675328,32.4956335681165,0.000531593059581123
101905.206675328,32.4169501414219,0.000532371937347501
101906.206675328,32.3368290490669,0.000533142916053715
101907.206675328,32.2552940309737,0.00053390605606639
101908.206675328,32.1723768766349,0.000534661420285186
101909.206675328,32.0881164789158,0.000535409079474948
101910.206675328,32.0025332913152,0.000536149084838314
101911.206675328,31.9156548422371,0.000536881490880192
101912.206675328,31.827509433512,0.00053760635251628
101913.206675328,31.7381241389489,0.000538323722078223
101914.206675328,31.6475243228103,0.000539033649291916
101915.206675328,31.5557343208707,0.000539736180760536
101916.206675328,31.4627771922784,0.000540431361615114
101917.206675328,31.3686755322505,0.000541119234081042
101918.206675328,31.2734506490763,0.000541799839881608
101919.206675328,31.1771237323091,0.000542473217268002
101920.206675328,31.0797193357424,0.000543139409382802
101921.206675328,30.9812507254604,0.000543798446064542
101922.206675328,30.8817359753592,0.000544450360594563
101923.206675328,30.7811940212837,0.000545095186761369
101924.206675328,30.6796429994641,0.000545732957060522
101925.206675328,30.5771000256886,0.000546363702101703
101926.206675328,30.4735813420257,0.000546987450893164
101927.206675328,30.3691025169739,0.000547604231019873
101928.206675328,30.26367850956,0.000548214068926514
101929.206675328,30.1573237462084,0.000548816989870498
101930.206675328,30.0500521105991,0.000549413018104114
101931.206675328,29.9418769950487,0.000550002176769096
101932.206675328,29.832811282045,0.000550584488084303
101933.206675328,29.7228673919443,0.000551159973235991
101934.206675328,29.6120572668791,0.000551728652563186
101935.206675328,29.500392413781,0.000552290545455329
101936.206675328,29.3878838934662,0.000552845670518973
101937.206675328,29.2745423568093,0.000553394045494429
101938.206675328,29.1603780397723,0.000553935687393222
101939.206675328,29.045400791914,0.000554470612441017
101940.206675328,28.9296200769358,0.000554998836182078
101941.206675328,28.8130449943154,0.000555520373449229
101942.206675328,28.6956842841115,0.000556035238438117
101943.206675328,28.5775463433553,0.000556543444699492
101944.206675328,28.4586403576414,0.00055704500655351
101945.206675328,28.3389739675511,0.000557539936371915
101946.206675328,28.2185538763597,0.000558028245169466
101947.206675328,28.0973866991689,0.00055850994359948
101948.206675328,27.9754791593041,0.000558985042321812
101949.206675328,27.8528382342474,0.000559453552417688
101950.206675328,27.7294689717984,0.000559915481643677
101951.206675328,27.6053776216706,0.000560370839701686
101952.206675328,27.4805703920567,0.000560819636159436
101953.206675328,27.3550538420451,0.000561261881079666
101954.206675328,27.2288332687783,0.000561697582702678
101955.206675328,27.1019131764521,0.000562126748115737
101956.206675328,26.9742979543792,0.000562549384162288
101957.206675328,26.8459920589594,0.00056296549776021
101958.206675328,26.7169998832325,0.000563375095733551
101959.206675328,26.5873256206043,0.000563778184584385
101960.206675328,26.4569732200497,0.00056417477042568
101961.206675328,26.3259463964678,0.00056456485902931
101962.206675328,26.1942486535537,0.000564948455884518
101963.206675328,26.0618833038707,0.000565325566227413
101964.206675328,25.9288534823725,0.000565696195051664
101965.206675328,25.7951621518525,0.000566060347114688
101966.206675328,25.660812102645,0.000566418026944146
101967.206675328,25.525805951944,0.000566769238845855
101968.206675328,25.3901461464109,0.000567113986913926
101969.206675328,25.2538349676655,0.000567452275042588
101970.206675328,25.1168745381321,0.000567784106937789
101971.206675328,24.9792668255398,0.000568109486127209
101972.206675328,24.8410136461305,0.000568428415968831
101973.206675328,24.7021166674446,0.000568740899659057
101974.206675328,24.5625774112805,0.000569046940240984
101975.206675328,24.4223972568622,0.000569346540612827
101976.206675328,24.2815774439858,0.000569639703536144
101977.206675328,24.140119075973,0.000569926431643662
101978.206675328,23.9980231224039,0.000570206727446732
101979.206675328,23.8552904216829,0.000570480593342505
101980.206675328,23.7119216834875,0.000570748031620909
101981.206675328,23.567917491125,0.000571009044471422
101982.206675328,23.4232783037926,0.000571263633989661
101983.206675328,23.2780044587361,0.000571511802183736
101984.206675328,23.1320961733002,0.000571753550980406
101985.206675328,22.9855535468733,0.000571988882231026
101986.206675328,22.838376562731,0.000572217797717306
101987.206675328,22.6905650897863,0.000572440299156879
101988.206675328,22.5421188842494,0.000572656388208695
101989.206675328,22.3930375911995,0.000572866066478242
101990.206675328,22.2433207460714,0.000573069335522593
101991.206675328,22.0929677760577,0.00057326619685529
101992.206675328,21.9419780014289,0.000573456651951063
101993.206675328,21.7903506367752,0.000573640702250397
101994.206675328,21.6380847921703,0.000573818349163938
101995.206675328,21.485179474262,0.000573989594076763
101996.206675328,21.3316335872884,0.000574154438352488
101997.206675328,21.1774459340243,0.00057431288333725
101998.206675328,21.0226152166582,0.000574464930363534
101999.206675328,20.8671400376005,0.000574610580753875
102000.206675328,20.7110189002273,0.000574749835824424
102001.206675328,20.5542502095583,0.000574882696888378
102002.206675328,20.3968322728723,0.000575009165259285
102003.206675328,20.2387633002604,0.000575129242254226
102004.206675328,20.0800414051184,0.000575242929196863
102005.206675328,19.92066460458,0.000575350227420375
102006.206675328,19.7606308198916,0.000575451138270267
102007.206675328,19.5999378767287,0.000575545663107061
102008.206675328,19.4385835054565,0.000575633803308869
102009.206675328,19.2765653413344,0.000575715560273852
102010.206675328,19.1138809246656,0.000575790935422562
102011.206675328,18.9505277008915,0.00057585993020017
102012.206675328,18.7865030206338,0.000575922546078579
102013.206675328,18.6218041396817,0.000575978784558428
102014.206675328,18.4564282189275,0.000576028647170985
102015.206675328,18.2903723242493,0.000576072135479919
102016.206675328,18.1236334263416,0.000576109251082978
102017.206675328,17.9562084004946,0.000576139995613537
102018.206675328,17.7880940263212,0.000576164370742053
102019.206675328,17.619286987433,0.000576182378177396
102020.206675328,17.4497838710647,0.000576194019668079
102021.206675328,17.2795811676474,0.000576199297003367
102022.206675328,17.1086752703301,0.000576198212014287
102023.206675328,16.9370624744498,0.000576190766574516
102024.206675328,16.7647382742066,0.000576176961248316
102025.206675328,16.591698367143,0.000576156796565915
102026.206675328,16.417939015274,0.000576130273249214
102027.206675328,16.243455706334,0.000576097390503754
102028.206675328,16.0682424514868,0.000576058145656016
102029.206675328,15.8922927348682,0.000576012535801733
102030.206675328,15.7156007915747,0.000575960559477933
102031.206675328,15.538161790887,0.000575902216705388
102032.206675328,15.3599710280146,0.000575837507765366
102033.206675328,15.1810231779647,0.000575766432180514
102034.206675328,15.0013122564741,0.000575688988732733
102035.206675328,14.8208320597742,0.000575605176143386
102036.206675328,14.6395765217175,0.000575514993592283
102037.206675328,14.4575397248991,0.0005754184407012
102038.206675328,14.2747157043881,0.000575315517211665
102039.206675328,14.091098293157,0.000575206222750033
102040.206675328,13.9066811117939,0.000575090556833504
102041.206675328,13.7214576416405,0.000574968519004408
102042.206675328,13.5354212830735,0.000574840108924887
102043.206675328,13.3485653595608,0.000574705326372369
102044.206675328,13.1608830892656,0.000574564171183737
102045.206675328,12.9723675599242,0.000574416643214598
102046.206675328,12.7830117223218,0.000574262742336368
102047.206675328,12.5928083960365,0.000574102468452978
102048.206675328,12.4017502752085,0.000573935821512286
102049.206675328,12.209829928201,0.000573762801503396
102050.206675328,12.0170397924813,0.000573583408446209
102051.206675328,11.8233721687833,0.000573397642382332
102052.206675328,11.6288192170707,0.000573205503370833
102053.206675328,11.4333729542195,0.000573006991486699
102054.206675328,11.2370252520262,0.000572802106818497
102055.206675328,11.0397678344685,0.000572590849463788
102056.206675328,10.8415922741385,0.000572373219523201
102057.206675328,10.6424899884156,0.000572149217094741
102058.206675328,10.4424522358648,0.000571918842269007
102059.206675328,10.2414701128465,0.000571682095124588
102060.206675328,10.0395345499693,0.000571438975722512
102061.206675328,9.83663630809753,0.000571189484099325
102062.206675328,9.63276597401293,0.000570933620259619
102063.206675328,9.42791399516815,0.00057067138420033
102064.206675328,9.22207061472854,0.00057040277585453
102065.206675328,9.01522583700413,0.000570127795074859
102066.206675328,8.80736946633317,0.000569846441642863
102067.206675328,8.59849115442602,0.000569558715295786
102068.206675328,8.3885803844446,0.000569264615724385
102069.206675328,8.17762641625882,0.000568964142528541
102070.206675328,7.96561824507798,0.000568657295177253
102071.206675328,7.75254466434265,0.00056834407301251
102072.206675328,7.53839427310428,0.000568024475319495
102073.206675328,7.32315546338361,0.00056769850127953
102074.206675328,7.10681638959305,0.000567366149923686
102075.206675328,6.88936494627798,0.000567027420116309
102076.206675328,6.67078876898506,0.000566682310563758
102077.206675328,6.45107524531519,0.000566330819824168
102078.206675328,6.23021151483173,0.000565972946292037
102079.206675328,6.00818445214305,0.000565608688155673
102080.206675328,5.78498064555039,0.000565238043354925
102081.206675328,5.56058638648751,0.000564861009571024
102082.206675328,5.33498767352433,0.000564477584253301
102083.206675328,5.10817022098952,0.000564087764651301
102084.206675328,4.88011945694042,0.00056369154780702
102085.206675328,4.65082050186257,0.00056328893048676
102086.206675328,4.42025813424389,0.000562879909081602
102087.206675328,4.18841676220547,0.000562464479542435
102088.206675328,3.95528042047692,0.000562042637403697
102089.206675328,3.72083279498289,0.000561614377885677
102090.206675328,3.48505725256763,0.000561179695989801
102091.206675328,3.24793684064943,0.000560738586478659
102092.206675328,3.00945423646899,0.000560291043699591
102093.206675328,2.76959166384523,0.000559837061336138
102094.206675328,2.52833090071538,0.000559376632450731
102095.206675328,2.28565315333621,0.000558909749129152
102096.206675328,2.04153912373508,0.000558436403005413
102097.206675328,1.79596930787735,0.000557956586070417
102098.206675328,1.54892414194007,0.000557470290725555
102099.206675328,1.30038360546656,0.000556977508416146
102100.206675328,1.05032633340578,0.000556478227579802
102101.206675328,0.798729978733164,0.000555972434152102
102102.206675328,0.545571580580809,0.000555460113747587
102103.206675328,0.290828328542043,0.000554941253871223
102104.206675328,0.034478044092608,0.00055441584483871
102105.206675328,-0.223501184145032,0.000553883877582907
102106.206675328,-0.483137390941493,0.000553345335449118
102107.206675328,-0.744456542171527,0.000552800195703948
102108.206675328,-1.00748477698712,0.000552248440158319
102109.206675328,-1.27224760295793,0.000551690050382998
102110.206675328,-1.53877095322141,0.000551125007539719
102111.206675328,-1.80708183906975,0.00055055329246534
102112.206675328,-2.07719991154507,0.000549974897670822
102113.206675328,-2.34915295475542,0.000549389803596214
102114.206675328,-2.62297631544463,0.000548797982521827
102115.206675328,-2.89870479432329,0.000548199403395986
102116.206675328,-3.17637168150145,0.000547594033944533
102117.206675328,-3.4560145627417,0.000546981840368284
102118.206675328,-3.73766363625878,0.000546362796861104
102119.206675328,-4.02135490555306,0.000545736863892554
102120.206675328,-4.307123637537,0.000545104014494379
102121.206675328,-4.59500311776234,0.000544464221047964
102122.206675328,-4.88502783634078,0.000543817451212435
102123.206675328,-5.1772231432007,0.000543163687794606
102124.206675328,-5.47162859327417,0.000542502886614171
102125.206675328,-5.76829469598032,0.000541834991350512
102126.206675328,-6.06727088155378,0.000541159949211065
102127.206675328,-6.36859962766435,0.000540477716125085
102128.206675328,-6.67231991991254,0.000539788252715268
102129.206675328,-6.97848221490808,0.000539091506560613
102130.206675328,-7.28712994411954,0.000538387427227738
102131.206675328,-7.59831563601769,0.000537675938370922
102132.206675328,-7.91208089876568,0.000536957011183367
102133.206675328,-8.2284812468697,0.000536230561507841
102134.206675328,-8.54757231426663,0.000535496527627297
102135.206675328,-8.86939327327494,0.000534754882974378
102136.206675328,-9.19400364975147,0.000534005533608759
102137.206675328,-9.52146523587442,0.000533248408435608
102138.206675328,-9.85182280468966,0.000532483473067806
102139.206675328,-10.1851400197867,0.000531710623108014
102140.206675328,-10.5214838508031,0.000530929777138772
102141.206675328,-10.8609042790017,0.000530140892445155
102142.206675328,-11.2034683349509,0.000529343856259783
102143.206675328,-11.5492475450763,0.000528538579282802
102144.206675328,-11.8982969289617,0.000527725012362584
102145.206675328,-12.2506849612651,0.000526903039815829
102146.206675328,-12.6064799688281,0.000526072594574539
102147.206675328,-12.9657519068167,0.000525233561339222
102148.206675328,-13.3285704290132,0.000524385870859254
102149.206675328,-13.6950048064227,0.000523529408936465
102150.206675328,-14.0651289099574,0.000522664098834262
102151.206675328,-14.4390110930163,0.000521789828646105
102152.206675328,-14.8167297712774,0.000520906513740319
102153.206675328,-15.1983508329768,0.000520014048048092
102154.206675328,-15.5839567196435,0.000519112339462032
102155.206675328,-15.9736181605747,0.00051820129107031
102156.206675328,-16.3674069386302,0.000517280805719356
102157.206675328,-16.7653891645765,0.000516350795846768
102158.206675328,-17.1676333113921,0.000515411173011306
102159.206675328,-17.5742131065298,0.000514461842705285
102160.206675328,-17.985203988247,0.000513502707768603
102161.206675328,-18.4006773512532,0.000512533674843095
102162.206675328,-18.8206989328063,0.000511554656916475
102163.206675328,-19.2453313948976,0.000510565571296051
102164.206675328,-19.6746361681606,0.000509566338175728
102165.206675328,-20.1086718453501,0.000508556882848841
102166.206675328,-20.5474913769341,0.00050753713881425
102167.206675328,-20.991141410028,0.000506507047441578
102168.206675328,-21.4396640766469,0.000505466553597093
102169.206675328,-21.8930988716387,0.000504415600624206
102170.206675328,-22.3514825953554,0.000503354128471655
102171.206675328,-22.8148473003473,0.000502282076244828
102172.206675328,-23.2832197656699,0.000501199384053942
102173.206675328,-23.75661279092,0.000500106010840967
102174.206675328,-24.2350285176367,0.000499001925050008
102175.206675328,-24.7184625707705,0.000497887092078107
102176.206675328,-25.2069033933792,0.000496761470889378
102177.206675328,-25.7003299340815,0.000495625017183047
102178.206675328,-26.198711515255,0.000494477685156785
102179.206675328,-26.7020084609497,0.000493319425327465
102180.206675328,-27.210169298518,0.000492150183381773
102181.206675328,-27.7231249091848,0.000490969904260509
102182.206675328,-28.2407863618201,0.00048977853705366
102183.206675328,-28.7630508078554,0.000488576032083301
102184.206675328,-29.2898081464368,0.000487362330166167
102185.206675328,-29.8209352027889,0.000486137356241405
102186.206675328,-30.3562776335543,0.000484901027758146
102187.206675328,-30.8956415689691,0.00048365327081189
102188.206675328,-31.4388154944581,0.000482394025042362
102189.206675328,-31.9856049586441,0.000481123230429164
102190.206675328,-32.5358144832262,0.000479840814884929
102191.206675328,-33.0891495181899,0.000478546699180617
102192.206675328,-33.6452883584322,0.000477240816980743
102193.206675328,-34.2038889178767,0.000475923137842486
102194.206675328,-34.7646392799355,0.000474593624076997
102195.206675328,-35.327237723229,0.000473252273367603
102196.206675328,-35.891410597458,0.000471899088810913
102197.206675328,-36.4567820863081,0.000470534099228474
102198.206675328,-37.0228286237265,0.00046915737228933
102199.206675328,-37.5890175752067,0.000467769004050868
102200.206675328,-38.1550018879294,0.000466369087443472
102201.206675328,-38.7206567251289,0.000464957707801646
102202.206675328,-39.2855222382471,0.000463535019457974
102203.206675328,-39.8491520073101,0.000462101196418031
102204.206675328,-40.4112856418654,0.000460656431908667
102205.206675328,-40.971699366112,0.000459200939471163
102206.206675328,-41.5301489300497,0.000457734951156983
102207.206675328,-42.0864461360784,0.000456258675574575
102208.206675328,-42.6404417623438,0.000454772383935504
102209.206675328,-43.1920569286128,0.000453276368643589
102210.206675328,-43.741266754734,0.000451770922941464
102211.206675328,-44.2880934079361,0.000450256339872017
102212.206675328,-44.8326224628,0.000448732912806477
102213.206675328,-45.3750058753235,0.000447200934563414
102214.206675328,-45.9154428904361,0.000445660695887082
102215.206675328,-46.4541676150257,0.000444112482955277
102216.206675328,-46.9914550805286,0.000442556574528054
102217.206675328,-47.5276242406997,0.000440993240101503
102218.206675328,-48.0630228771591,0.000439422739029569
102219.206675328,-48.5980089700376,0.000437845319456744
102220.206675328,-49.1329453349602,0.000436261217018763
102221.206675328,-49.668199728754,0.0004346706545065
102222.206675328,-50.2041341209956,0.000433073843793351
102223.206675328,-50.7410856470749,0.000431470983412333
102224.206675328,-51.2793503115037,0.00042986226297735
102225.206675328,-51.819184950153,0.00042824785798677
102226.206675328,-52.3607984218468,0.000426627940435269
102227.206675328,-52.9043327294216,0.00042500267384826
102228.206675328,-53.4498423431003,0.000423372219837354
102229.206675328,-53.9973089219783,0.00042173673629495
102230.206675328,-54.5466314044247,0.000420096381445286
102231.206675328,-55.0976159479977,0.000418451316092824
102232.206675328,-55.6499725874309,0.000416801705377613
102233.206675328,-56.2033163745595,0.000415147721172609
102234.206675328,-56.7571741936798,0.000413489544410501
102235.206675328,-57.3109834717438,0.000411827365760576
102236.206675328,-57.8640995828357,0.00041016138890084
102237.206675328,-58.4158094415613,0.000408491829863935
102238.206675328,-58.9653430711008,0.000406818919180406
102239.206675328,-59.5118853251849,0.000405142901534018
102239.798203531,-59.8334273124723,0.000404150132374011
102239.989108588,-59.936882778642,0.000403829530631948
102240.065193215,-59.9780691074511,0.000403701728921033
102240.141277841,-60.0192264092437,0.000403573917760315
102240.217362467,-60.0603490100966,0.000403446109352214
102240.293447094,-60.1014318446027,0.000403318314621557
102240.36953172,-60.1424745339712,0.000403190533579853
102240.445616347,-60.1834781836614,0.000403062763017877
102240.541141032,-60.2349052123701,0.00040290235538902
102240.636665716,-60.2862734284646,0.000402741955267264
102240.732190401,-60.337582279425,0.000402581562369363
102240.827715086,-60.3888300487317,0.000402421179343149
102240.923239771,-60.4400165557891,0.000402260805171278
102241.018764456,-60.4911427949839,0.000402100435959864
102241.23817428,-60.6083439921754,0.000401732101028128
102241.457584104,-60.7252266402316,0.000401363767811195
102241.676993929,-60.8417875346116,0.000400995425787702
102241.896403753,-60.9580210720852,0.000400627070310403
102242.115813577,-61.0739221204687,0.000400258695731775
102242.335223401,-61.1894872495783,0.00039989029229332
102242.907613691,-61.4893480337834,0.000398929045612027
102243.48000398,-61.7867914416569,0.000397967481794157
102244.052394269,-62.0817049680306,0.000397005562478439
102244.624784559,-62.373962554687,0.000396043290576603
102245.197174848,-62.6634363337293,0.000395080683514537
102245.769565137,-62.9499974255158,0.000394117772572676
102246.769565137,-63.4432733676031,0.00039243489872304
102247.769565137,-63.9266215100326,0.000390751468860143
102248.769565137,-64.3994231050843,0.000389067782875616
102249.769565137,-64.8611113842497,0.000387384168878716
102250.769565137,-65.3111826171989,0.000385700965731065
102251.769565137,-65.7491849205211,0.000384018534911278
102252.769565137,-66.1747383996364,0.000382337233671875
102253.769565137,-66.5875236768272,0.000380657422995826
102254.769565137,-66.9872947684211,0.000378979452950405
102255.769565137,-67.3738658481257,0.000377303671263692
102256.769565137,-67.7471167313151,0.000375630418986948
102257.769565137,-68.106985752766,0.000373960026972713
102258.769565137,-68.4534674675408,0.000372292816664072
102259.769565137,-68.7866114390246,0.000370629102219967
102260.769565137,-69.1065172076287,0.000368969187900016
102261.769565137,-69.4133279131594,0.000367313365030012
102262.769565137,-69.7072264971559,0.000365661912654055
102263.769565137,-69.9884329529393,0.000364015099324495
102264.769565137,-70.2571999095884,0.000362373182387291
102265.769565137,-70.5138074735669,0.000360736406020304
102266.769565137,-70.7585585187153,0.000359105001530451
102267.769565137,-70.9917759915277,0.000357479187724169
102268.769565137,-71.2138022396819,0.0003558591726169
102269.769565137,-71.4249913435435,0.000354245152628556
102270.769565137,-71.6257050229557,0.000352637312102358
102271.769565137,-71.8163105131606,0.000351035822923861
102272.769565137,-71.9971796755933,0.000349440845600328
102273.769565137,-72.1686869677059,0.000347852530799867
102274.769565137,-72.3312057351936,0.000346271019303315
102275.769565137,-72.485105318247,0.000344696440951815
102276.769565137,-72.6307507787955,0.000343128914954112
102277.769565137,-72.768502000799,0.000341568551829376
102278.769565137,-72.898709352022,0.000340015453560557
102279.769565137,-73.0217164157958,0.000338469714281267
102280.769565137,-73.1378597415274,0.000336931419845433
102281.769565137,-73.2474652996497,0.000335400647281674
102282.769565137,-73.3508746939038,0.000333877471213529
102283.769565137,-73.4483739966902,0.000332361951320184
102284.769565137,-73.5402443231998,0.000330854141698572
102285.769565137,-73.6267629761209,0.000329354091901077
102286.769565137,-73.7081775234165,0.00032786184322639
102287.769565137,-73.7847524897201,0.000326377436175002
102288.769565137,-73.8567488265105,0.000324900906968302
102289.769565137,-73.9244099066748,0.000323432285616562
102290.769565137,-73.9879620605804,0.00032197159643237
102291.769565137,-74.0476191665547,0.000320518859115738
102292.769565137,-74.1035852507112,0.000319074089427696
102293.769565137,-74.1560549781162,0.000317637299466414
102294.769565137,-74.2052135368115,0.000316208497824218
102295.769565137,-74.2512367201445,0.000314787689771813
102296.769565137,-74.2942912558161,0.000313374877475175
102297.769565137,-74.3345352128393,0.000311970060212302
102298.769565137,-74.3721183891267,0.000310573234572932
102299.769565137,-74.4071826700985,0.000309184394641318
102300.769565137,-74.4398623753181,0.000307803532166568
102301.769565137,-74.4702846024626,0.000306430636723086
102302.769565137,-74.4985695679031,0.000305065695861658
102303.769565137,-74.5248309402552,0.000303708695251204
102304.769565137,-74.5491761644588,0.000302359618811392
102305.769565137,-74.5717067754262,0.000301018448836602
102306.769565137,-74.5925187009118,0.000299685166111723
102307.769565137,-74.6117025533367,0.000298359750020269
102308.769565137,-74.6293439103108,0.000297042178645248
102309.769565137,-74.6455235836803,0.000295732428863196
102310.769565137,-74.6603178770524,0.000294430476431779
102311.769565137,-74.6737988318592,0.00029313629607135
102312.769565137,-74.6860344621056,0.000291849861540836
102313.769565137,-74.6970889780065,0.000290571145708313
102314.769565137,-74.7070229987668,0.000289300120616611
102315.769565137,-74.7158937547962,0.000288036757544283
102316.769565137,-74.7237552796794,0.000286781027062227
102317.769565137,-74.7306585922477,0.000285532899086287
102318.769565137,-74.7366518691096,0.000284292342926084
102319.769565137,-74.7417806080101,0.000283059327330367
102320.769565137,-74.7460877823937,0.000281833820529113
102321.769565137,-74.7496139875456,0.000280615790272631
102322.769565137,-74.7523975786839,0.000279405203867887
102323.769565137,-74.7544748013725,0.00027820202821226
102324.769565137,-74.7558799146151,0.000277006229824925
102325.769565137,-74.7566453069848,0.000275817774876058
102326.769565137,-74.7568016061312,0.000274636629214027
102327.769565137,-74.7563777819988,0.000273462758390741
102328.769565137,-74.7554012440786,0.000272296127685299
102329.769565137,-74.7538979330004,0.000271136702126095
102330.769565137,-74.751892406766,0.000269984446511496
102331.769565137,-74.7494079219059,0.000268839325429228
102332.769565137,-74.746466509835,0.000267701303274572
102333.769565137,-74.7430890486661,0.000266570344267487
102334.769565137,-74.739295330732,0.00026544641246874
102335.769565137,-74.7351041260527,0.000264329471795158
102336.769565137,-74.7305332419745,0.000263219486034043
102337.769565137,-74.7255995791954,0.000262116418856871
102338.769565137,-74.720319184383,0.000261020233832301
102339.769565137,-74.7147072995772,0.000259930894438581
102340.769565137,-74.708778408565,0.000258848364075392
102341.769565137,-74.7025462803995,0.000257772606075195
102342.769565137,-74.6960240102329,0.0002567035837141
102343.769565137,-74.6892240576178,0.000255641260222323
102344.769565137,-74.6821582824286,0.000254585598794254
102345.769565137,-74.6748379785432,0.000253536562598162
102346.769565137,-74.6672739054202,0.000252494114785571
102347.769565137,-74.659476317697,0.000251458218500334
102348.769565137,-74.6514549929304,0.000250428836887414
102349.769565137,-74.643219257592,0.0002494059331014
102350.769565137,-74.6347780114275,0.000248389470314767
102351.769565137,-74.626139750279,0.000247379411725896
102352.769565137,-74.6173125874689,0.000246375720566861
102353.769565137,-74.6083042738337,0.000245378360110994
102354.769565137,-74.5991222164948,0.000244387293680237
102355.769565137,-74.5897734964459,0.000243402484652279
102356.769565137,-74.5802648850334,0.000242423896467492
102357.769565137,-74.5706028594018,0.000241451492635668
102358.769565137,-74.5607936169706,0.000240485236742546
102359.769565137,-74.5508430890075,0.000239525092456153
102360.769565137,-74.5407569533561,0.000238571023532945
102361.769565137,-74.5305406463756,0.000237622993823749
102362.769565137,-74.5201993741441,0.00023668096727952
102363.769565137,-74.5097381229756,0.000235744907956893
102364.769565137,-74.4991616692972,0.000234814780023551
102365.769565137,-74.4884745889289,0.000233890547763396
102366.769565137,-74.4776812658081,0.000232972175581527
102367.769565137,-74.4667859001956,0.000232059628009026
102368.769565137,-74.4557925164,0.000231152869707555
102369.769565137,-74.444704970052,0.000230251865473759
102370.769565137,-74.4335269549613,0.00022935658024348
102371.769565137,-74.4222620095839,0.000228466979095782
102372.769565137,-74.4109135231275,0.000227583027256795
102373.769565137,-74.399484741319,0.000226704690103362
102374.769565137,-74.387978771859,0.000225831933166513
102375.769565137,-74.3763985895834,0.000224964722134753
102376.769565137,-74.3647470413532,0.000224103022857177
102377.769565137,-74.3530268506908,0.000223246801346396
102378.769565137,-74.3412406221804,0.00022239602378131
102379.769565137,-74.3293908456479,0.000221550656509695
102380.769565137,-74.3174799001362,0.000220710666050631
102381.769565137,-74.3055100576887,0.000219876019096768
102382.769565137,-74.2934834869536,0.000219046682516433
102383.769565137,-74.2814022566225,0.000218222623355584
102384.769565137,-74.2692683387113,0.000217403808839608
102385.769565137,-74.2570836116956,0.000216590206374983
102386.769565137,-74.2448498635097,0.000215781783550789
102387.769565137,-74.2325687944158,0.00021497850814009
102388.769565137,-74.220242019754,0.000214180348101178
102389.769565137,-74.2078710725781,0.000213387271578694
102390.769565137,-74.1954574061845,0.000212599246904622
102391.769565137,-74.1830023965414,0.000211816242599164
102392.769565137,-74.1705073446219,0.000211038227371513
102393.769565137,-74.1579734786485,0.000210265170120496
102394.769565137,-74.1454019562512,0.000209497039935136
102395.769565137,-74.1327938665467,0.000208733806095097
102396.769565137,-74.1201502321395,0.000207975438071041
102397.769565137,-74.107472011051,0.000207221905524897
102398.769565137,-74.0947600985794,0.000206473178310038
102399.769565137,-74.0820153290928,0.000205729226471382
102400.769565137,-74.0692384777599,0.000204990020245407
102401.769565137,-74.0564302622189,0.000204255530060109
102402.769565137,-74.04359134419,0.000203525726534868
102403.769565137,-74.0307223310308,0.000202800580480273
102404.769565137,-74.0178237772388,0.000202080062897866
102405.769565137,-74.0048961859023,0.000201364144979839
102406.769565137,-73.9919400101015,0.000200652798108678
102407.769565137,-73.9789556542614,0.000199945993856748
102408.769565137,-73.9659434754584,0.000199243703985839
102409.769565137,-73.9529037846825,0.000198545900446667
102410.769565137,-73.939836848055,0.000197852555378331
102411.769565137,-73.9267428880047,0.000197163641107735
102412.769565137,-73.9136220844031,0.000196479130148977
102413.769565137,-73.900474575659,0.000195798995202704
102414.769565137,-73.8873004597757,0.000195123209155436
102415.769565137,-73.8740997953689,0.00019445174507887
102416.769565137,-73.8608726026489,0.000193784576229154
102417.769565137,-73.8476188643665,0.00019312167604614
102418.769565137,-73.8343385267237,0.000192463018152623
102419.769565137,-73.8210315002508,0.000191808576353554
102420.769565137,-73.8076976606493,0.000191158324635248
102421.769565137,-73.7943368496026,0.000190512237164569
102422.769565137,-73.7809488755546,0.000189870288288108
102423.769565137,-73.7675335144564,0.000189232452531355
102424.769565137,-73.7540905104835,0.000188598704597855
102425.769565137,-73.7406195767214,0.000187969019368364
102426.769565137,-73.7271203958229,0.000187343371899997
102427.769565137,-73.7135926206358,0.00018672173742537
102428.769565137,-73.7000358748019,0.00018610409135175
102429.769565137,-73.6864497533288,0.00018549040926019
102430.769565137,-73.6728338231337,0.000184880666904672
102431.769565137,-73.6591876235601,0.000184274840211252
102432.769565137,-73.6455106668682,0.000183672905277205
102433.769565137,-73.6318024386988,0.000183074838370174
102434.769565137,-73.618062398512,0.00018248061592732
102435.769565137,-73.6042899799998,0.000181890214554483
102436.769565137,-73.5904845914737,0.000181303611025344
102437.769565137,-73.5766456162285,0.000180720782280599
102438.769565137,-73.5627724128804,0.000180141705427132
102439.769565137,-73.5488643156817,0.000179566357737203
102440.769565137,-73.5349206348119,0.000178994716647645
102441.769565137,-73.5209406566444,0.000178426759759063
102442.769565137,-73.5069236439909,0.000177862464835055
102443.769565137,-73.4928688363216,0.000177301809801429
102444.769565137,-73.4787754499635,0.000176744772745443
102445.769565137,-73.4646426782752,0.000176191331915048
102446.769565137,-73.4504696917996,0.000175641465718151
102447.769565137,-73.4362556383941,0.000175095152721882
102448.769565137,-73.4219996433385,0.000174552371651877
102449.769565137,-73.4077008094201,0.000174013101391578
102450.769565137,-73.3933582169983,0.000173477320981538
102451.769565137,-73.3789709240451,0.000172945009618748
102452.769565137,-73.3645379661652,0.000172416146655973
102453.769565137,-73.3500583565935,0.000171890711601104
102454.769565137,-73.3355310861703,0.000171368684116524
102455.769565137,-73.3209551232956,0.000170850044018489
102456.769565137,-73.3063294138598,0.000170334771276528
102457.769565137,-73.2916528811537,0.00016982284601285
102458.769565137,-73.2769244257556,0.000169314248501775
102459.769565137,-73.262142925396,0.00016880895916918
102460.769565137,-73.2473072348003,0.000168306958591956
102461.769565137,-73.2324161855083,0.000167808227497486
102462.769565137,-73.2174685856717,0.000167312746763139
102463.769565137,-73.2024632198272,0.000166820497415782
102464.769565137,-73.1873988486481,0.000166331460631308
102465.769565137,-73.1722742086706,0.000165845617734181
102466.769565137,-73.1570880119974,0.000165362950197005
102467.769565137,-73.1418389459766,0.000164883439640098
102468.769565137,-73.1265256728559,0.000164407067831103
102469.769565137,-73.1111468294125,0.0001639338166846
102470.769565137,-73.0957010265563,0.000163463668261752
102471.769565137,-73.0801868489087,0.000162996604769957
102472.769565137,-73.0646028543538,0.000162532608562535
102473.769565137,-73.0489475735636,0.000162071662138419
102474.769565137,-73.0332195094947,0.000161613748141882
102475.769565137,-73.0174171368576,0.000161158849362273
102476.769565137,-73.0015389015569,0.000160706948733783
102477.769565137,-72.9855832201021,0.000160258029335226
102478.769565137,-72.9695484789875,0.000159812074389849
102479.769565137,-72.9534330340423,0.000159369067265159
102480.769565137,-72.937235209747,0.00015892899147278
102481.769565137,-72.9209532985186,0.000158491830668325
102482.769565137,-72.9045855599607,0.000158057568651303
102483.769565137,-72.8881302200797,0.00015762618936504
102484.769565137,-72.8715854704644,0.000157197676896637
102485.769565137,-72.8549494674287,0.000156772015476943
102486.769565137,-72.8382203311162,0.000156349189480567
102487.769565137,-72.8213961445652,0.000155929183425905
102488.769565137,-72.8044749527322,0.000155511981975206
102489.769565137,-72.7874547614745,0.000155097569934666
102490.769565137,-72.7703335364867,0.00015468593225454
102491.769565137,-72.7531092021942,0.000154277054029305
102492.769565137,-72.7357796405978,0.000153870920497839
102493.769565137,-72.7183426900699,0.000153467517043638
102494.769565137,-72.7007961441004,0.00015306682919507
102495.769565137,-72.6831377499892,0.000152668842625661
102496.769565137,-72.6653652074842,0.000152273543154416
102497.769565137,-72.647476167362,0.000151880916746179
102498.769565137,-72.6294682299495,0.000151490949512037
102499.769565137,-72.6113389435835,0.00015110362770975
102500.769565137,-72.5930858030057,0.000150718937744238
102501.769565137,-72.5747062476911,0.000150336866168103
102502.769565137,-72.5561976601057,0.000149957399682194
102503.769565137,-72.5375573638913,0.000149580525136223
102504.769565137,-72.5187826219741,0.000149206229529424
102505.769565137,-72.4998706345936,0.000148834500011267
102506.769565137,-72.4808185372478,0.000148465323882218
102507.769565137,-72.4616233985515,0.000148098688594556
102508.769565137,-72.4422822180035,0.000147734581753246
102509.769565137,-72.4227919236581,0.000147372991116864
102510.769565137,-72.4031493696968,0.000147013904598593
102511.769565137,-72.3833513338955,0.000146657310267273
102512.769565137,-72.3633945149814,0.000146303196348515
102513.769565137,-72.3432755298753,0.000145951551225893
102514.769565137,-72.3229909108132,0.0001456023634422
102515.769565137,-72.3025371023406,0.000145255621700776
102516.769565137,-72.2819104581743,0.000144911314866919
102517.769565137,-72.2611072379239,0.000144569431969375
102518.769565137,-72.2401236036668,0.00014422996220191
102519.769565137,-72.2189556163681,0.000143892894924974
102520.769565137,-72.1975992321381,0.000143558219667456
102521.769565137,-72.1760502983189,0.000143225926128533
102522.769565137,-72.1543045493902,0.000142896004179625
102523.769565137,-72.1323576026855,0.000142568443866452
102524.769565137,-72.1102049539078,0.000142243235411205
102525.769565137,-72.0878419724347,0.000141920369214831
102526.769565137,-72.0652638964002,0.000141599835859442
102527.769565137,-72.0424658275411,0.000141281626110851
102528.769565137,-72.0194427257956,0.000140965730921247
102529.769565137,-71.9961894036391,0.000140652141432003
102530.769565137,-71.9727005201422,0.000140340848976641
102531.769565137,-71.9489705747355,0.000140031845083952
102532.769565137,-71.9249939006631,0.000139725121481275
102533.769565137,-71.900764658108,0.000139420670097956
102534.769565137,-71.8762768269675,0.00013911848306899
102535.769565137,-71.8515241992603,0.000138818552738846
102536.769565137,-71.826500371141,0.000138520871665511
102537.769565137,-71.8011987344979,0.00013822543262473
102538.769565137,-71.7756124681107,0.000137932228614489
102539.769565137,-71.7497345283365,0.000137641252859725
102540.769565137,-71.7235576392993,0.000137352498817294
102541.769565137,-71.6970742825459,0.000137065960181205
102542.769565137,-71.6702766861392,0.000136781630888136
102543.769565137,-71.6431568131477,0.00013649950512325
102544.769565137,-71.6157063494945,0.000136219577326326
102545.769565137,-71.5879166911219,0.00013594184219823
102546.769565137,-71.5597789304258,0.000135666294707735
102547.769565137,-71.5312838419106,0.000135392930098729
102548.769565137,-71.5024218670104,0.000135121743897816
102549.769565137,-71.4731830980201,0.000134852731922345
102550.769565137,-71.4435572610717,0.0001345858902889
102551.769565137,-71.4135336980904,0.000134321215422266
102552.769565137,-71.3831013476557,0.000134058704064909
102553.769565137,-71.3522487246887,0.000133798353287008
102554.769565137,-71.3209638988794,0.00013354016049707
102555.769565137,-71.2892344717596,0.000133284123453168
102556.769565137,-71.2570475523217,0.000133030240274845
102557.769565137,-71.2243897310699,0.000132778509455736
102558.769565137,-71.1912470523859,0.000132528929876939
102559.769565137,-71.1576049850753,0.000132281500821214
102560.769565137,-71.1234483909539,0.000132036221988051
102561.769565137,-71.088761491314,0.000131793093509673
102562.769565137,-71.0535278311027,0.000131552115968049
102563.769565137,-71.0177302406218,0.000131313290412983
102564.769565137,-70.9813507945452,0.000131076618381365
102565.769565137,-70.9443707680275,0.000130842101917679
102566.769565137,-70.906770589656,0.000130609743595844
102567.769565137,-70.8685297909731,0.00013037954654252
102568.769565137,-70.8296269522684,0.000130151514461976
102569.769565137,-70.7900396443099,0.000129925651662648
102570.769565137,-70.7497443656472,0.000129701963085532
102571.769565137,-70.7087164750826,0.000129480454334564
102572.769565137,-70.6669301188608,0.000129261131709137
102573.769565137,-70.6243581520818,0.000129044002238967
102574.769565137,-70.5809720537823,0.000128829073721478
102575.769565137,-70.5367418350728,0.000128616354761956
102576.769565137,-70.4916359396455,0.000128405854816703
102577.769565137,-70.4456211358877,0.000128197584239459
102578.769565137,-70.3986623997475,0.000127991554331413
102579.769565137,-70.3507227873948,0.000127787777395116
102580.769565137,-70.3017632966037,0.00012758626679268
102581.769565137,-70.251742715649,0.000127387037008678
102582.769565137,-70.2006174583596,0.000127190103718199
102583.769565137,-70.1483413837925,0.000126995483860582
102584.769565137,-70.0948655987955,0.000126803195719403
102585.769565137,-70.0401382414916,0.000126613259009363
102586.769565137,-69.984104243453,0.000126425694970813
102587.769565137,-69.9267050680246,0.000126240526472725
102588.769565137,-69.8678784218961,0.000126057778125048
102589.769565137,-69.8075579366072,0.000125877476401487
102590.769565137,-69.7456728161808,0.000125699649773902
102591.769565137,-69.6821474465113,0.000125524328859674
102592.769565137,-69.6169009614639,0.000125351546583575
102593.769565137,-69.5498467598517,0.000125181338355913
102594.769565137,-69.4808919665262,0.000125013742268952
102595.769565137,-69.4099368297085,0.000124848799313932
102596.769565137,-69.336874045371,0.000124686553621352
102597.769565137,-69.2615879979057,0.000124527052727605
102598.769565137,-69.183953904423,0.000124370347871535
102599.769565137,-69.1038368477464,0.000124216494325075
102600.769565137,-69.0210906804139,0.000124065551762823
102601.769565137,-68.9355567786387,0.000123917584676256
102602.769565137,-68.8470626210865,0.000123772662839257
102603.769565137,-68.7554201622922,0.000123630861832882
102604.769565137,-68.6604239643249,0.000123492263638746
102605.769565137,-68.5618490425894,0.000123356957312194
102606.769565137,-68.4594483720151,0.00012322503974867
102607.769565137,-68.352949987762,0.000123096616559376
102608.769565137,-68.2420535992403,0.000122971803075728
102609.769565137,-68.1264266166955,0.000122850725506337
102610.769565137,-68.0056994645234,0.000122733522275549
102611.769565137,-67.879460023007,0.000122620345579339
102612.769565137,-67.7472469977893,0.000122511363202956
102613.769565137,-67.6085419605836,0.000122406760655787
102614.769565137,-67.4627597304033,0.000122306743693328
102615.769565137,-67.3092366648698,0.000122211541315018
102616.769565137,-67.1472162956636,0.000122121409351688
102617.769565137,-66.9758315558642,0.000122036634789885
102618.769565137,-66.794082587376,0.000121957541025681
102619.769565137,-66.6008087499584,0.000121884494302858
102620.769565137,-66.3946529273743,0.00012181791167706
102621.769565137,-66.1740154589503,0.000121758270969959
102622.769565137,-65.9369938851944,0.000121706123353566
102623.769565137,-65.6813029689868,0.000121662109462519
102624.769565137,-65.4041667779241,0.000121626980317285
102625.769565137,-65.1021703645261,0.000121601624929932
102626.769565137,-64.7710516479088,0.000121587107387428
102627.769565137,-64.4054024360864,0.000121584717697886
102628.769565137,-63.9982272156146,0.000121596043171485
102629.769565137,-63.540271554464,0.000121623071414636
102630.769565137,-63.0189623279608,0.000121668343809205
102631.769565137,-62.4166632120232,0.000121735193192028
102632.769565137,-61.7076554975933,0.000121828129497888
102633.769565137,-60.848484221138,0.000121953806034953
102634.769565137,-59.7670381629211,0.000122122193992993
102635.552664539,-58.689136187447,0.000122293444051154
102636.192350046,-57.5794029151698,0.000122467828899532
102636.832035554,-56.144510343795,0.000122685079131861
102637.28205653,-54.8333948328049,0.000122873274359688
102637.640667682,-53.5124239264179,0.000123052288432873
102637.999278834,-51.816802768424,0.000123267388038696
102638.255960151,-50.2632161319034,0.000123452147091013
102638.466675583,-48.6801310747321,0.000123630781708645
102638.677391016,-46.7092489586357,0.000123843728100379
102638.83978213,-44.8369307920708,0.000124040735556943
102639.002173243,-42.568947179385,0.000124279275219811
102639.134717673,-40.3683907150451,0.000124518008067493
102639.267262103,-37.8279899767563,0.000124814480357951
102639.399806532,-34.9726656528528,0.000125195148027557
102639.532350962,-31.9015910824695,0.000125698675068035
102639.664895392,-28.7842167242507,0.000126376169533821
102639.773338998,-26.3332822041365,0.00012710071034215
102639.881782603,-24.0459015504275,0.000128009861781838
102639.990226209,-21.9334595851893,0.000129123878075097
102640.098669815,-19.9622596546059,0.000130451519012112
102640.207113421,-18.0800464965998,0.000131990639033954
102640.315557026,-16.2393122855624,0.000133730636349536
102640.424000632,-14.4055902232831,0.000135654234177109
102640.532444238,-12.5575076200624,0.000137738966475851
102640.654997419,-10.4418717922637,0.000140254735473895
102640.750836445,-8.76758689882137,0.000142313857920645
102640.830428766,-7.36965216177404,0.000144067659684212
102640.910021087,-5.97177826253747,0.000145847398959869
102640.989613408,-4.58095019363749,0.000147640580531714
102641.069205729,-3.20438405088072,0.000149435317327969
102641.14879805,-1.84919687245978,0.000151220582638014
102641.234753014,-0.417376780168572,0.000153126453070975
102641.320707979,0.974298284522841,0.000154998838416611
102641.406662943,2.31971438643791,0.000156828881135137
102641.492617908,3.61415620133963,0.000158609690921585
102641.578572872,4.85427056055743,0.000160336267482377
102641.664527837,6.03800455518409,0.000162005403448329
102641.794695539,7.72157015248441,0.000164420550165218
102641.924863242,9.27529315355324,0.000166701136250182
102642.055030945,10.704487192275,0.000168853424546963
102642.185198648,12.0170910850601,0.000170887518805277
102642.315366351,13.2224330550919,0.000172815661328727
102642.445534054,14.3303014377647,0.000174650948456533
102642.649823019,15.8947840057434,0.000177374249518438
102642.815009072,17.0241795833986,0.000179463302010237
102642.980195126,18.0480356673805,0.000181472733177511
102643.145381179,18.9778953222213,0.000183418101596386
102643.310567233,19.8229961095191,0.00018531157449301
102643.475753287,20.5908306899005,0.000187162532028479
102643.64093934,21.2875431126319,0.000188978087704263
102643.806125394,21.9182413060243,0.00019076362296105
102643.921156137,22.3208072852666,0.00019199150440431
102644.03618688,22.6949528083085,0.000193208042117313
102644.151217623,23.042057638434,0.000194414271627711
102644.266248366,23.3634192663684,0.000195611093865052
102644.381279109,23.6603004210769,0.00019679932041314
102644.496309852,23.9339784213228,0.000197979702630348
102644.612676069,24.1885180972418,0.000199166518512666
102644.729042286,24.4218621619856,0.000200346682620787
102644.845408503,24.6352315132985,0.000201520807327747
102644.96177472,24.8298576656252,0.000202689463779674
102645.078140937,25.0069522923098,0.000203853183017423
102645.194507154,25.1676590492764,0.000205012450955718
102645.437795975,25.4555560809583,0.000207423709893457
102645.681084795,25.6861703956288,0.000209821000453275
102645.924373616,25.8682662979658,0.000212207209232334
102646.167662437,26.0097400054884,0.000214584586232725
102646.410951258,26.1175537254647,0.000216954790090605
102646.654240079,26.1977606083676,0.00021931894862534
102646.958551749,26.2671184768921,0.000222268573147399
102647.26286342,26.3099387024095,0.000225210194054844
102647.56717509,26.333085136022,0.000228143442979973
102647.871486761,26.3419688741575,0.000231067322975364
102648.175798432,26.3407725748796,0.000233980358564297
102648.480110102,26.332662053813,0.000236880727300666
102648.909663303,26.313895116703,0.000240949234919702
102649.339216503,26.2903334227539,0.000244982226840986
102649.768769703,26.2644593581316,0.000248973417723367
102650.198322903,26.2375329032753,0.000252916807371327
102650.627876104,26.2100384543768,0.000256806903840641
102651.057429304,26.1819884124598,0.000260638858221438
102651.767065478,26.133917750453,0.000266831401507807
102652.476701652,26.0822481822333,0.000272840406637749
102653.186337826,26.0259961139232,0.000278657668225439
102653.895974,25.9653986557318,0.000284280204473554
102654.605610173,25.9016227748065,0.000289709231157153
102655.315246347,25.8362944005899,0.000294949094097462
102656.315246347,25.7451665135734,0.000302024681698904
102657.315246347,25.660291955516,0.000308761351299837
102658.315246347,25.5871988254003,0.000315185413252594
102659.315246347,25.5305447869111,0.00032132303784425
102660.315246347,25.493666094234,0.000327198789610755
102661.315246347,25.4785421473622,0.000332835032400907
102662.315246347,25.4860719269084,0.000338251673764124
102663.315246347,25.5165562638553,0.000343466217302762
102664.315246347,25.569494993433,0.000348493773060108
102665.315246347,25.6437606866886,0.000353347238694136
102666.315246347,25.7378801307283,0.000358037673291554
102667.315246347,25.850232803956,0.000362574655742813
102668.315246347,25.9790850231352,0.000366966603942385
102669.315246347,26.1227447480078,0.000371220824973515
102670.315246347,26.279616351657,0.000375343760447049
102671.315246347,26.4481443770417,0.00037934119133202
102672.315246347,26.6267842577106,0.000383218345238373
102673.315246347,26.8140485966866,0.000386980002490559
102674.315246347,27.0085647198737,0.000390630609791741
102675.315246347,27.2090869747928,0.000394174350364239
102676.315246347,27.4144734693219,0.000397615170640072
102677.315246347,27.6236636757819,0.000400956805659675
102678.315246347,27.8356734165825,0.000404202820277263
102679.315246347,28.0495998718294,0.000407356648149268
102680.315246347,28.2646236529002,0.000410421611977792
102681.315246347,28.4800023779533,0.00041340092883459
102682.315246347,28.6950593630962,0.000416297712921284
102683.315246347,28.9091746260826,0.000419114982048808
102684.315246347,29.1217816366897,0.000421855666139209
102685.315246347,29.3323669915836,0.000424522613456332
102686.315246347,29.5404683080153,0.000427118592353751
102687.315246347,29.7456691259805,0.00042964629003157
102688.315246347,29.947593469713,0.000432108311464691
102689.315246347,30.1459025099311,0.000434507180408054
102690.315246347,30.3402932127458,0.000436845341174924
102691.315246347,30.5304973297663,0.000439125154749057
102692.315246347,30.7162728812407,0.000441348905686205
102693.315246347,30.8974117297735,0.000443518803405232
102694.315246347,31.0737356865314,0.000445636981534036
102695.315246347,31.2450910011338,0.000447705494272733
102696.315246347,31.4113457472383,0.000449726315667535
102697.315246347,31.5723881206902,0.000451701343107906
102698.315246347,31.7281294574086,0.000453632402307416
102699.315246347,31.8784944399538,0.000455521240018373
102700.315246347,32.023427040155,0.000457369530862996
102701.315246347,32.16288927579,0.000459178883242428
102702.315246347,32.2968584127511,0.000460950837867543
102703.315246347,32.4253243697734,0.000462686867600478
102704.315246347,32.5482904887222,0.000464388381506727
102705.315246347,32.6657687600751,0.000466056720960716
102706.315246347,32.7777823325415,0.000467693167027852
102707.315246347,32.8843658113237,0.000469298947239225
102708.315246347,32.9855607605342,0.000470875228363554
102709.315246347,33.0814164014021,0.000472423122276332
102710.315246347,33.1719897917629,0.000473943691690313
102711.315246347,33.2573434937448,0.00047543794559212
102712.315246347,33.3375459000325,0.000476906846504866
102713.315246347,33.4126695782786,0.000478351308685176
102714.315246347,33.4827912125453,0.000479772203761359
102715.315246347,33.5479917430679,0.000481170359017273
102716.315246347,33.6083553222648,0.000482546563618831
102717.315246347,33.6639679214784,0.000483901567287995
102718.315246347,33.7149171697569,0.00048523608170458
102719.315246347,33.7612931398079,0.000486550783147357
102720.315246347,33.8031880689843,0.000487846315184184
102721.315246347,33.8406946402125,0.000489123290088408
102722.315246347,33.8739049193348,0.000490382289238135
102723.315246347,33.9029112799443,0.000491623864242237
102724.315246347,33.9278075291763,0.000492848539441857
102725.315246347,33.9486878946683,0.000494056814161655
102726.315246347,33.9656448337581,0.000495249163203336
102727.315246347,33.9787688067744,0.000496426036697251
102728.315246347,33.9881503789232,0.000497587861564744
102729.315246347,33.9938811696968,0.000498735044405898
102730.315246347,33.9960515668194,0.000499867973125818
102731.315246347,33.9947482803019,0.000500987016189645
102732.315246347,33.9900556436747,0.000502092522084443
102733.315246347,33.9820589143219,0.000503184821576092
102734.315246347,33.9708441502122,0.000504264231042748
102735.315246347,33.9564941448545,0.000505331052986324
102736.315246347,33.939086541434,0.000506385573786896
102737.315246347,33.9186996800406,0.000507428062122277
102738.315246347,33.8954159857465,0.000508458797900143
102739.315246347,33.8693081765201,0.000509478017240148
102740.315246347,33.8404467511903,0.000510485946192259
102741.315246347,33.8089024056942,0.000511482804347228
102742.315246347,33.7747420925186,0.000512468789750789
102743.315246347,33.7380348039593,0.000513444109027478
102744.315246347,33.6988482492402,0.000514408964651239
102745.315246347,33.6572462174235,0.000515363544229404
102746.315246347,33.6132915004639,0.000516308022023688
102747.315246347,33.5670461784291,0.000517242564120253
102748.315246347,33.5185726737892,0.000518167341693804
102749.315246347,33.4679256608032,0.000519082500172269
102750.315246347,33.4151587686956,0.000519988178723577
102751.315246347,33.3603257399844,0.00052088451298184
102752.315246347,33.3034792639168,0.00052177163429411
102753.315246347,33.2446700149898,0.000522649668632018
102754.315246347,33.183944337506,0.000523518728909578
102755.315246347,33.1213497456546,0.000524378930840585
102756.315246347,33.0569338122508,0.000525230387822719
102757.315246347,32.9907423516206,0.000526073206711728
102758.315246347,32.9228189474686,0.000526907488061561
102759.315246347,32.8532042505623,0.000527733326072374
102760.315246347,32.7819383378932,0.000528550810191108
102761.315246347,32.7090610090548,0.000529360027271743
102762.315246347,32.6346099413197,0.000530161061497819
102763.315246347,32.5586206445046,0.000530953991963452
102764.315246347,32.4811286284613,0.000531738892646051
102765.315246347,32.4021690475783,0.00053251583610852
102766.315246347,32.3217747734295,0.000533284893648065
102767.315246347,32.2399760106966,0.000534046130762095
102768.315246347,32.1568036558773,0.000534799608717635
102769.315246347,32.0722883863246,0.000535545388450135
102770.315246347,31.9864601807224,0.000536283533146717
102771.315246347,31.8993453362294,0.000537014096085467
102772.315246347,31.8109698046218,0.000537737127869934
102773.315246347,31.7213538853535,0.000538452673476713
102774.315246347,31.6305243430812,0.000539160782638943
102775.315246347,31.5385077807365,0.000539861504172421
102776.315246347,31.4453283980042,0.000540554884547992
102777.315246347,31.351009125318,0.000541240966124928
102778.315246347,31.2555710489989,0.000541919790393953
102779.315246347,31.1590399014731,0.000542591400531336
102780.315246347,31.0614290736522,0.000543255827422553
102781.315246347,30.9627572532358,0.000543913105520304
102782.315246347,30.8630440431098,0.000544563269807732
102783.315246347,30.7623079978768,0.000545206354216263
102784.315246347,30.6605667514101,0.00054584239022674
102785.315246347,30.5578368764026,0.00054647140818601
102786.315246347,30.4541345270738,0.000547093436252059
102787.315246347,30.3494749467876,0.000547708502343836
102788.315246347,30.2438731950861,0.000548316631990091
102789.315246347,30.1373433449154,0.000548917851114065
102790.315246347,30.0298994571784,0.000549512182758567
102791.315246347,29.9215545079032,0.000550099651050322
102792.315246347,29.8123216199754,0.000550680276693822
102793.315246347,29.7022127520133,0.000551254082172745
102794.315246347,29.5912401295426,0.000551821086060412
102795.315246347,29.4794147825533,0.000552381309274116
102796.315246347,29.3667480652086,0.000552934768519675
102797.315246347,29.2532501728264,0.000553481483149373
102798.315246347,29.1389316076168,0.000554021468303507
102799.315246347,29.0238018189105,0.000554554741727721
102800.315246347,28.907870479584,0.000555081317294854
102801.315246347,28.7911463662325,0.000555601211109846
102802.315246347,28.6736383563473,0.000556114436022357
102803.315246347,28.5553546064522,0.000556621006516806
102804.315246347,28.4363032461214,0.00055712093457665
102805.315246347,28.3164918456359,0.0005576142331603
102806.315246347,28.1959278433128,0.000558100913453856
102807.315246347,28.0746182451753,0.000558580987044426
102808.315246347,27.9525698564679,0.000559054464330707
102809.315246347,27.8297891371706,0.000559521355707243
102810.315246347,27.7062823124887,0.000559981670776641
102811.315246347,27.5820553162223,0.000560435418907621
102812.315246347,27.4571138383355,0.000560882608909651
102813.315246347,27.3314633095391,0.000561323249260752
102814.315246347,27.2051089214605,0.000561757348002785
102815.315246347,27.0780556269758,0.000562184912825367
102816.315246347,26.9503081503735,0.000562605951046758
102817.315246347,26.8218716482349,0.000563020470656734
102818.315246347,26.6927503552582,0.000563428478266868
102819.315246347,26.5629479305793,0.000563829979657906
102820.315246347,26.4324679582347,0.000564224980448385
102821.315246347,26.3013140532835,0.000564613486304641
102822.315246347,26.1694897425056,0.000564995502793627
102823.315246347,26.0369983646509,0.000565371035206051
102824.315246347,25.9038430478845,0.000565740088514617
102825.315246347,25.7700267214021,0.000566102667419108
102826.315246347,25.6355521293443,0.000566458776391299
102827.315246347,25.5004218428769,0.000566808419694192
102828.315246347,25.3646382707931,0.000567151601389596
102829.315246347,25.2282036655663,0.000567488325345428
102830.315246347,25.0911201242888,0.000567818595243398
102831.315246347,24.9533895882704,0.000568142414586362
102832.315246347,24.8150138449034,0.000568459786706564
102833.315246347,24.6759945319854,0.000568770714775361
102834.315246347,24.5363331425115,0.000569075201813186
102835.315246347,24.3960310284421,0.000569373250698344
102836.315246347,24.2550894034241,0.000569664864174582
102837.315246347,24.1135093451511,0.00056995004485818
102838.315246347,23.971291797836,0.000570228795245152
102839.315246347,23.8284375748165,0.000570501117718552
102840.315246347,23.6849473611262,0.000570767014555607
102841.315246347,23.5408217159105,0.000571026487934523
102842.315246347,23.3960610746748,0.00057127953994098
102843.315246347,23.2506657513952,0.000571526172574393
102844.315246347,23.1046359405246,0.000571766387753993
102845.315246347,22.9579717189065,0.000572000187324733
102846.315246347,22.8106730476048,0.000572227573063017
102847.315246347,22.6627397736431,0.000572448546682238
102848.315246347,22.5141716316536,0.000572663109838133
102849.315246347,22.364968245434,0.000572871264133967
102850.315246347,22.2151291294158,0.000573073011125543
102851.315246347,22.064653690048,0.000573268352326043
102852.315246347,21.9135412271021,0.000573457289210719
102853.315246347,21.7617909348987,0.000573639823221423
102854.315246347,21.6094019034583,0.000573815955770988
102855.315246347,21.4563731195775,0.000573985688247457
102856.315246347,21.3027034678319,0.000574149022018172
102857.315246347,21.1483917315085,0.000574305958433716
102858.315246347,20.9934365934695,0.000574456498831719
102859.315246347,20.8378366369479,0.000574600644540528
102860.315246347,20.6815903462782,0.000574738396882744
102861.315246347,20.5246961075628,0.000574869757178629
102862.315246347,20.3671522092744,0.000574994726749384
102863.315246347,20.2089568427982,0.000575113306920301
102864.315246347,20.0501081029125,0.000575225499023792
102865.315246347,19.89060398821,0.000575331304402293
102866.315246347,19.7304424014615,0.000575430724411055
102867.315246347,19.5696211499217,0.000575523760420806
102868.315246347,19.4081379455782,0.000575610413820304
102869.315246347,19.2459904053458,0.000575690686018771
102870.315246347,19.0831760512046,0.000575764578448208
102871.315246347,18.9196923102849,0.000575832092565606
102872.315246347,18.7555365148981,0.000575893229855033
102873.315246347,18.590705902514,0.000575947991829616
102874.315246347,18.4251976156857,0.00057599638003341
102875.315246347,18.2590087019225,0.000576038396043152
102876.315246347,18.0921361135103,0.00057607404146991
102877.315246347,17.9245767072806,0.000576103317960616
102878.315246347,17.7563272443275,0.000576126227199494
102879.315246347,17.5873843896738,0.00057614277090937
102880.315246347,17.4177447118854,0.00057615295085288
102881.315246347,17.247404682634,0.000576156768833561
102882.315246347,17.0763606762094,0.000576154226696832
102883.315246347,16.9046089689786,0.000576145326330862
102884.315246347,16.7321447731528,0.000576130067851989
102885.315246347,16.5589634513441,0.000576108451958019
102886.315246347,16.3850604267553,0.000576080478745729
102887.315246347,16.2104308593681,0.000576046146720701
102888.315246347,16.03506970015,0.000576005454157791
102889.315246347,15.858972813772,0.000575958398939246
102890.315246347,15.6821348576718,0.000575904980234322
102891.315246347,15.5045496246465,0.000575845197337324
102892.315246347,15.3262109660009,0.000575779049287248
102893.315246347,15.1471131720665,0.000575706535231255
102894.315246347,14.9672507240517,0.00057562765456844
102895.315246347,14.7866179422768,0.000575542406758455
102896.315246347,14.6052088848155,0.000575450791177944
102897.315246347,14.4230174428051,0.000575352807180541
102898.315246347,14.2400374334558,0.000575248454213824
102899.315246347,14.0562626067896,0.000575137731848366
102900.315246347,13.8716866101245,0.000575020639729819
102901.315246347,13.6863029677442,0.00057489717753533
102902.315246347,13.5001050838344,0.000574767344970746
102903.315246347,13.3130862486296,0.000574631141788139
102904.315246347,13.1252396366588,0.000574488567795615
102905.315246347,12.9365583012629,0.000574339622853194
102906.315246347,12.7470351711478,0.000574184306862577
102907.315246347,12.5566630486666,0.000574022619757886
102908.315246347,12.3654346073635,0.000573854561500629
102909.315246347,12.1733423889333,0.000573680132080318
102910.315246347,11.9803788012647,0.000573499331518757
102911.315246347,11.7865361172682,0.000573312159871241
102912.315246347,11.5918064721284,0.000573118617218225
102913.315246347,11.3961818578485,0.000572918703649592
102914.315246347,11.1996541173034,0.000572712419252868
102915.315246347,11.0022149413075,0.000572499764115168
102916.315246347,10.8038558693347,0.000572280738335147
102917.315246347,10.6045682901461,0.000572055342028394
102918.315246347,10.4043434375498,0.000571823575312678
102919.315246347,10.2031723807839,0.000571585438278499
102920.315246347,10.0010460149119,0.000571340930968065
102921.315246347,9.79795505790177,0.000571090053382026
102922.315246347,9.59389005518448,0.000570832805507181
102923.315246347,9.38884138420416,0.000570569187333201
102924.315246347,9.18279924927575,0.000570299198829665
102925.315246347,8.97575366491806,0.000570022839889943
102926.315246347,8.76769443778684,0.000569740110285708
102927.315246347,8.55861116155914,0.000569451009675981
102928.315246347,8.3484932290314,0.000569155537668002
102929.315246347,8.13732984822746,0.000568853693871095
102930.315246347,7.92511004100621,0.000568545477875213
102931.315246347,7.71182261475921,0.000568230889145195
102932.315246347,7.49745612322042,0.000567909926906628
102933.315246347,7.28199884838617,0.000567582590129137
102934.315246347,7.06543882290775,0.000567248877642804
102935.315246347,6.84776387603633,0.000566908788297122
102936.315246347,6.62896165663942,0.000566562321001799
102937.315246347,6.40901959585992,0.000566209474560164
102938.315246347,6.1879248215534,0.000565850247387023
102939.315246347,5.96566408873047,0.00056548463734467
102940.315246347,5.74222379377735,0.000565112641883143
102941.315246347,5.5175900776505,0.000564734258426949
102942.315246347,5.29174656286977,0.000564349484163445
102943.315246347,5.06467892087191,0.000563958316615218
102944.315246347,4.83637281713791,0.000563560752743361
102945.315246347,4.60681425798894,0.000563156789171777
102946.315246347,4.37599321172844,0.000562746424127811
102947.315246347,4.14389475992256,0.000562329653883657
102948.315246347,3.91049983794807,0.000561906472884201
102949.315246347,3.67578924420699,0.000561476874982252
102950.315246347,3.43974593745282,0.000561040855089602
102951.315246347,3.20235414804718,0.000560598409040703
102952.315246347,2.96359430295743,0.000560149530445851
102953.315246347,2.72344795508611,0.000559694210364045
102954.315246347,2.48189659779561,0.000559232441220528
102955.315246347,2.23892245231291,0.000558764215731003
102956.315246347,1.99450754199684,0.000558289526813959
102957.315246347,1.74863862109375,0.000557808371797773
102958.315246347,1.50129638071804,0.000557320742818516
102959.315246347,1.25245651496693,0.000556826628255019
102960.315246347,1.00209436451402,0.000556326014527154
102961.315246347,0.750187358978012,0.000555818887954363
102962.315246347,0.496714096089222,0.00055530523574347
102963.315246347,0.241648897787678,0.000554785044633785
102964.315246347,-0.0150317666221715,0.000554258298046568
102965.315246347,-0.273351226987396,0.000553724984320638
102966.315246347,-0.533332085153465,0.000553185090822038
102967.315246347,-0.794997767957917,0.000552638602820464
102968.315246347,-1.05836575183032,0.00055208551258302
102969.315246347,-1.3234623881387,0.000551525799846075
102970.315246347,-1.59032088443638,0.000550959438771359
102971.315246347,-1.85897393883117,0.000550386404772153
102972.315246347,-2.12945006616178,0.000549806677347703
102973.315246347,-2.40177567996527,0.000549220238230567
102974.315246347,-2.67598458540351,0.000548627061984061
102975.315246347,-2.95210954197522,0.00054802711275144
102976.315246347,-3.23018311224229,0.000547420364246279
102977.315246347,-3.51023635772329,0.00054680679007923
102978.315246347,-3.79230083915753,0.000546186362373076
102979.315246347,-4.0764099310279,0.00054555905150734
102980.315246347,-4.36258685140129,0.000544924845479945
102981.315246347,-4.65086659083541,0.000544283711375992
102982.315246347,-4.94129507575136,0.000543635604382834
102983.315246347,-5.23391639695365,0.000542980478208088
102984.315246347,-5.52877129556702,0.000542318288039901
102985.315246347,-5.8259063605642,0.000541648985279212
102986.315246347,-6.12535941338464,0.000540972530160729
102987.315246347,-6.42717077818209,0.000540288880735573
102988.315246347,-6.73138956670674,0.000539597971115812
102989.315246347,-7.03806278926874,0.000538899757031365
102990.315246347,-7.34723317988265,0.000538194194760198
102991.315246347,-7.65892689925968,0.00053748126586505
102992.315246347,-7.97319020414504,0.000536760912035002
102993.315246347,-8.29008766623495,0.000536033053745122
102994.315246347,-8.6096837103076,0.000535297614181366
102995.315246347,-8.93203194360383,0.000534554528547527
102996.315246347,-9.25718030741814,0.000533803738460981
102997.315246347,-9.58519302207873,0.000533045167773563
102998.315246347,-9.9161298875901,0.000532278723751481
102999.315246347,-10.2500508163872,0.000531504338106299
103000.315246347,-10.5870113558493,0.000530721944176147
103001.315246347,-10.9270677057821,0.00052993147026288
103002.315246347,-11.2702803203238,0.000529132838336862
103003.315246347,-11.6166937922432,0.000528326005593616
103004.315246347,-11.9663705588856,0.000527510888248357
103005.315246347,-12.3193948333308,0.000526687375323232
103006.315246347,-12.6758428699724,0.000525855363969011
103007.315246347,-13.0357837109099,0.000525014759262519
103008.315246347,-13.3992859796559,0.000524165466430139
103009.315246347,-13.76642213714,0.000523307386973777
103010.315246347,-14.137276727304,0.000522440410674063
103011.315246347,-14.5119143173822,0.000521564453037796
103012.315246347,-14.8904021436387,0.000520679426243795
103013.315246347,-15.272811192472,0.00051978523702248
103014.315246347,-15.6592057636904,0.000518881799536326
103015.315246347,-16.0496574445227,0.000517969018412527
103016.315246347,-16.4442447947376,0.000517046791374832
103017.315246347,-16.8430465361386,0.000516115016211908
103018.315246347,-17.246136558275,0.000515173595825146
103019.315246347,-17.6535844840697,0.000514222438565422
103020.315246347,-18.0654586546088,0.00051326145556432
103021.315246347,-18.4818269968535,0.000512290559668886
103022.315246347,-18.9027551899446,0.000511309667530827
103023.315246347,-19.3283049335465,0.000510318701673627
103024.315246347,-19.7585394368204,0.000509317579522234
103025.315246347,-20.1935135016362,0.00050830623275926
103026.315246347,-20.6332812558891,0.0005072845866633
103027.315246347,-21.0778922219353,0.000506252573812016
103028.315246347,-21.5273859939203,0.000505210143738757
103029.315246347,-21.9818017876099,0.000504157238595327
103030.315246347,-22.441174176149,0.00050309380361408
103031.315246347,-22.9055290225753,0.000502019791254388
103032.315246347,-23.3748891768364,0.000500935146517845
103033.315246347,-23.8492668035919,0.000499839827327276
103034.315246347,-24.3286652959192,0.000498733793395055
103035.315246347,-24.8130815311689,0.000497617004450789
103036.315246347,-25.3025050714885,0.000496489416447233
103037.315246347,-25.7969146810941,0.000495350980365605
103038.315246347,-26.2962728874103,0.000494201655036338
103039.315246347,-26.8005294359603,0.000493041403886005
103040.315246347,-27.3096298845033,0.000491870179825566
103041.315246347,-27.8235133735445,0.000490687919160084
103042.315246347,-28.342096429566,0.000489494554286536
103043.315246347,-28.8652624512375,0.000488290029260161
103044.315246347,-29.3928767565957,0.000487074295775229
103045.315246347,-29.924814187355,0.000485847291870949
103046.315246347,-30.4609565813877,0.000484608931731775
103047.315246347,-31.0011281643638,0.000483359132555991
103048.315246347,-31.5450657947797,0.00048209782686126
103049.315246347,-32.0925501386426,0.00048082495682497
103050.315246347,-32.6433667457334,0.000479540460241955
103051.315246347,-33.1972202300518,0.000478244271598653
103052.315246347,-33.7538148936981,0.000476936345592128
103053.315246347,-34.3128504487209,0.00047561664593719
103054.315246347,-34.8740023689419,0.000474285147201118
103055.315246347,-35.4369470040986,0.000472941828608861
103056.315246347,-36.0013032312346,0.00047158669486317
103057.315246347,-36.5666748669454,0.000470219774157322
103058.315246347,-37.1326716701977,0.000468841117127889
103059.315246347,-37.6989019181238,0.000467450798673696
103060.315246347,-38.2649720797896,0.000466048919060992
103061.315246347,-38.8305034232699,0.000464635603336326
103062.315246347,-39.3951441823415,0.000463211000668347
103063.315246347,-39.9585650193171,0.000461775284136542
103064.315246347,-40.5204548081915,0.000460328650027031
103065.315246347,-41.0805356302947,0.000458871316026767
103066.315246347,-41.6385858808451,0.000457403518821614
103067.315246347,-42.1944438322833,0.000455925511839084
103068.315246347,-42.7479895841108,0.000454437562985295
103069.315246347,-43.2991369892077,0.000452939951606105
103070.315246347,-43.8478564965811,0.000451432964740983
103071.315246347,-44.3942027628018,0.000449916893963261
103072.315246347,-44.9383041753536,0.000448392033519273
103073.315246347,-45.4803189754756,0.000446858678366711
103074.315246347,-46.0204154732465,0.000445317120340073
103075.315246347,-46.5588101823612,0.000443767643622531
103076.315246347,-47.0958141013222,0.000442210523121311
103077.315246347,-47.6318077423024,0.000440646026445196
103078.315246347,-48.1671515269862,0.00043907441452524
103079.315246347,-48.7021396444972,0.000437495936298239
103080.315246347,-49.2370697486565,0.000435910821827583
103081.315246347,-49.7723426995499,0.000434319284119487
103082.315246347,-50.3084325780025,0.00043272153062146
103083.315246347,-50.8457171924535,0.000431117769564294
103084.315246347,-51.3843704408726,0.00042950819799339
103085.315246347,-51.9244835369204,0.000427892984151443
103086.315246347,-52.4662820388569,0.000426272273883911
103087.315246347,-53.0101189705579,0.00042464622470761
103088.315246347,-53.5561740123165,0.000423015026311711
103089.315246347,-54.1041666223312,0.000421378863572035
103090.315246347,-54.6537439713403,0.000419738022097587
103091.315246347,-55.2048885725386,0.000418092434683608
103092.315246347,-55.7573834047505,0.00041644226342216
103093.315246347,-56.3107948610335,0.000414787733919584
103094.315246347,-56.8646012217005,0.000413129052294232
103095.315246347,-57.4182757312284,0.000411466395046746
103096.315246347,-57.9711610848979,0.000409799968093166
103097.315246347,-58.5225115187567,0.000408129998729742
103098.315246347,-59.0715337828036,0.000406456724509079
103099.315246347,-59.617401766672,0.000404780393896638
103099.866559942,-59.9166890077376,0.000403854997087246
103099.952490843,-59.9632183882117,0.000403710685862943
103100.038421744,-60.0097102114352,0.000403566363998368
103100.124352645,-60.0561577861893,0.000403422045796415
103100.210283546,-60.102557199566,0.00040327773904127
103100.296214447,-60.1489058077333,0.00040313344894984
103100.409989801,-60.2101966079817,0.000402942423484196
103100.523765156,-60.2714010524488,0.000402751416590789
103100.637540511,-60.3325206540718,0.000402560422164381
103100.751315865,-60.3935557482135,0.00040236943687486
103100.86509122,-60.4545058514451,0.000402178459362748
103101.573819494,-60.8322269289743,0.000400988838999007
103102.282547767,-61.206527688023,0.000399799085983718
103102.991276041,-61.5772608335374,0.000398608976035134
103103.700004315,-61.9442328831295,0.000397418380809642
103104.682886795,-62.4465327860135,0.000395766382528111
103105.665769276,-62.9405554327035,0.00039411342032058
103106.648651756,-63.4256461418424,0.000392459652525283
103107.631534236,-63.9011725763701,0.000390805320786133
103108.614416717,-64.3665438344398,0.000389150714651714
103109.614416717,-64.8290381082769,0.000387467338749656
103110.614416717,-65.2799439248637,0.000385784356915255
103111.614416717,-65.7188091377826,0.00038410212456974
103112.614416717,-66.1452512496876,0.000382420993217036
103113.614416717,-66.5589472194731,0.000380741322999054
103114.614416717,-66.9596456606747,0.000379063465912213
103115.614416717,-67.3471557385716,0.000377387771542422
103116.614416717,-67.7213530028157,0.000375714580566228
103117.614416717,-68.0821708080329,0.00037404422560773
103118.614416717,-68.4296019074744,0.000372377030081461
103119.614416717,-68.763690864557,0.000370713307719182
103120.614416717,-69.084532506,0.000369053362417234
103121.614416717,-69.392264463897,0.000367397484178814
103122.614416717,-69.6870685375339,0.000365745955975743
103123.614416717,-69.9691649881453,0.000364099048771275
103124.614416717,-70.2388044432507,0.000362457019453856
103125.614416717,-70.4962640305957,0.000360820111663309
103126.614416717,-70.7418441512038,0.000359188557857573
103127.614416717,-70.9758688651089,0.000357562578248803
103128.614416717,-71.198678440168,0.000355942382112471
103129.614416717,-71.4106232097719,0.000354328165748924
103130.614416717,-71.6120653970523,0.000352720114222662
103131.614416717,-71.8033741128994,0.000351118400908348
103132.614416717,-71.9849197831852,0.000349523187152431
103133.614416717,-72.1570771284247,0.000347934624981656
103134.614416717,-72.3202201468036,0.000346352854891132
103135.614416717,-72.4747525907419,0.00034477801789363
103136.614416717,-72.62102069652,0.000343210227934851
103137.614416717,-72.7593710507538,0.000341649591721631
103138.614416717,-72.8901514908153,0.000340096210161853
103139.614416717,-73.0136770845501,0.000338550169913672
103140.614416717,-73.1302900324142,0.000337011559449957
103141.614416717,-73.2403327956582,0.000335480461728553
103142.614416717,-73.3441292819687,0.00033395694980034
103143.614416717,-73.4419847039358,0.000332441087487861
103144.614416717,-73.5341907980829,0.000330932931358296
103145.614416717,-73.6210286297126,0.000329432531920588
103146.614416717,-73.7027687838482,0.000327939934030995
103147.614416717,-73.7796708318849,0.000326455177062757
103148.614416717,-73.8519830943965,0.000324978295137639
103149.614416717,-73.9199427622092,0.000323509317433821
103150.614416717,-73.9837761602502,0.000322048268505631
103151.614416717,-74.0436990270924,0.000320595168580255
103152.614416717,-74.0999167931672,0.000319150033830035
103153.614416717,-74.1526248745206,0.000317712876628144
103154.614416717,-74.2020089899893,0.000316283705791979
103155.614416717,-74.2482454976048,0.00031486252681477
103156.614416717,-74.2915017427042,0.000313449342084855
103157.614416717,-74.3319364119523,0.000312044151092545
103158.614416717,-74.369699889572,0.000310646950624954
103159.614416717,-74.4049346131028,0.000309257734949334
103160.614416717,-74.4377754263672,0.000307876495985441
103161.614416717,-74.468349927571,0.000306503223467388
103162.614416717,-74.4967788107823,0.000305137905095466
103163.614416717,-74.5231761993775,0.000303780526678404
103164.614416717,-74.5476499703501,0.000302431072266528
103165.614416717,-74.5703020686423,0.000301089524276297
103166.614416717,-74.5912288108686,0.000299755863606668
103167.614416717,-74.6105211779905,0.000298430069747751
103168.614416717,-74.6282650966564,0.000297112120882162
103169.614416717,-74.644541709057,0.000295801993979521
103170.614416717,-74.6594276312602,0.00029449966488449
103171.614416717,-74.6729952000835,0.000293205108398732
103172.614416717,-74.6853127086401,0.000291918298357185
103173.614416717,-74.6964446307576,0.000290639207698995
103174.614416717,-74.7064518345198,0.000289367808533459
103175.614416717,-74.7153917852196,0.0002881040722013
103176.614416717,-74.7233187380462,0.000286847969331597
103177.614416717,-74.7302839208452,0.000285599469894645
103178.614416717,-74.7363357073143,0.00028435854325105
103179.614416717,-74.7415197810002,0.000283125158197314
103180.614416717,-74.7458792904721,0.000281899283008158
103181.614416717,-74.7494549960469,0.00028068088547583
103182.614416717,-74.752285408439,0.000279469932946624
103183.614416717,-74.7544069197046,0.000278266392354805
103184.614416717,-74.7558539268419,0.000277070230254164
103185.614416717,-74.7566589484011,0.00027588141284737
103186.614416717,-74.7568527344488,0.0002746999060133
103187.614416717,-74.7564643702201,0.00027352567533252
103188.614416717,-74.7555213737809,0.000272358686111052
103189.614416717,-74.7540497880099,0.000271198903402587
103190.614416717,-74.7520742672006,0.000270046292029266
103191.614416717,-74.7496181585669,0.000268900816601157
103192.614416717,-74.7467035789285,0.000267762441534535
103193.614416717,-74.7433514868362,0.000266631131069087
103194.614416717,-74.7395817503889,0.000265506849284114
103195.614416717,-74.7354132109783,0.000264389560113837
103196.614416717,-74.730863743191,0.000263279227361894
103197.614416717,-74.7259503110813,0.00026217581471507
103198.614416717,-74.7206890210224,0.000261079285756376
103199.614416717,-74.7150951713298,0.00025998960397749
103200.614416717,-74.7091832988428,0.000258906732790649
103201.614416717,-74.7029672226395,0.00025783063554003
103202.614416717,-74.6964600850534,0.000256761275512661
103203.614416717,-74.6896743901483,0.00025569861594891
103204.614416717,-74.6826220398023,0.000254642620052577
103205.614416717,-74.6753143675435,0.000253593251000636
103206.614416717,-74.6677621702706,0.000252550471952633
103207.614416717,-74.659975737987,0.000251514246059784
103208.614416717,-74.6519648816687,0.000250484536473779
103209.614416717,-74.6437389593798,0.000249461306355324
103210.614416717,-74.6353069007434,0.000248444518882414
103211.614416717,-74.6266772298701,0.000247434137258377
103212.614416717,-74.6178580868405,0.000246430124719679
103213.614416717,-74.608857247832,0.000245432444543503
103214.614416717,-74.599682143977,0.000244441060055122
103215.614416717,-74.5903398790311,0.000243455934635048
103216.614416717,-74.5808372459313,0.000242477031725989
103217.614416717,-74.5711807423117,0.000241504314839593
103218.614416717,-74.5613765850485,0.000240537747562999
103219.614416717,-74.5514307238957,0.000239577293565184
103220.614416717,-74.5413488542713,0.000238622916603123
103221.614416717,-74.5311364292525,0.000237674580527746
103222.614416717,-74.52079867083,0.000236732249289701
103223.614416717,-74.5103405804737,0.000235795886944928
103224.614416717,-74.4997669490539,0.000234865457660038
103225.614416717,-74.489082366164,0.000233940925717492
103226.614416717,-74.478291228884,0.000233022255520598
103227.614416717,-74.4673977500228,0.000232109411598308
103228.614416717,-74.4564059658772,0.000231202358609825
103229.614416717,-74.4453197435382,0.000230301061349021
103230.614416717,-74.4341427877774,0.000229405484748663
103231.614416717,-74.4228786475428,0.000228515593884452
103232.614416717,-74.4115307220893,0.000227631353978873
103233.614416717,-74.4001022667715,0.000226752730404859
103234.614416717,-74.3885963985203,0.000225879688689276
103235.614416717,-74.3770161010257,0.000225012194516223
103236.614416717,-74.3653642296467,0.00022415021373015
103237.614416717,-74.3536435160657,0.000223293712338811
103238.614416717,-74.3418565727063,0.000222442656516033
103239.614416717,-74.3300058969297,0.000221597012604318
103240.614416717,-74.3180938750245,0.000220756747117286
103241.614416717,-74.3061227860047,0.000219921826741948
103242.614416717,-74.2940948052273,0.000219092218340818
103243.614416717,-74.2820120078426,0.000218267888953884
103244.614416717,-74.2698763720877,0.000217448805800412
103245.614416717,-74.2576897824319,0.000216634936280617
103246.614416717,-74.2454540325862,0.000215826247977182
103247.614416717,-74.2331708283823,0.000215022708656651
103248.614416717,-74.2208417905312,0.000214224286270679
103249.614416717,-74.2084684572675,0.000213430948957163
103250.614416717,-74.1960522868865,0.000212642665041239
103251.614416717,-74.1835946601806,0.000211859403036174
103252.614416717,-74.1710968827797,0.000211081131644132
103253.614416717,-74.1585601874019,0.000210307819756841
103254.614416717,-74.1459857360186,0.000209539436456144
103255.614416717,-74.1333746219391,0.000208775951014463
103256.614416717,-74.1207278718172,0.000208017332895159
103257.614416717,-74.1080464475863,0.000207263551752802
103258.614416717,-74.0953312483238,0.000206514577433361
103259.614416717,-74.0825831120492,0.000205770379974302
103260.614416717,-74.0698028174588,0.000205030929604619
103261.614416717,-74.0569910856003,0.000204296196744783
103262.614416717,-74.0441485814879,0.000203566152006628
103263.614416717,-74.0312759156625,0.000202840766193164
103264.614416717,-74.018373645698,0.000202120010298339
103265.614416717,-74.0054422776551,0.000201403855506735
103266.614416717,-73.9924822674867,0.00020069227319321
103267.614416717,-73.9794940223935,0.000199985234922496
103268.614416717,-73.966477902134,0.000199282712448745
103269.614416717,-73.9534342202896,0.000198584677715026
103270.614416717,-73.9403632454851,0.000197891102852798
103271.614416717,-73.9272652025683,0.000197201960181325
103272.614416717,-73.9141402737469,0.00019651722220707
103273.614416717,-73.9009885996866,0.000195836861623052
103274.614416717,-73.8878102805701,0.000195160851308176
103275.614416717,-73.8746053771176,0.000194489164326535
103276.614416717,-73.8613739115717,0.000193821773926687
103277.614416717,-73.8481158686449,0.000193158653540912
103278.614416717,-73.8348311964329,0.000192499776784449
103279.614416717,-73.8215198072935,0.000191845117454714
103280.614416717,-73.8081815786916,0.000191194649530507
103281.614416717,-73.7948163540118,0.000190548347171201
103282.614416717,-73.7814239433389,0.000189906184715921
103283.614416717,-73.7680041242066,0.000189268136682712
103284.614416717,-73.7545566423158,0.000188634177767705
103285.614416717,-73.7410812122229,0.000188004282844265
103286.614416717,-73.7275775179978,0.000187378426962147
103287.614416717,-73.7140452138536,0.000186756585346636
103288.614416717,-73.7004839247471,0.000186138733397697
103289.614416717,-73.6868932469523,0.00018552484668911
103290.614416717,-73.6732727486051,0.000184914900967618
103291.614416717,-73.6596219702218,0.00018430887215207
103292.614416717,-73.6459404251908,0.000183706736332563
103293.614416717,-73.632227600238,0.000183108469769596
103294.614416717,-73.6184829558661,0.00018251404889322
103295.614416717,-73.6047059267691,0.000181923450302199
103296.614416717,-73.5908959222211,0.000181336650763172
103297.614416717,-73.5770523264405,0.000180753627209823
103298.614416717,-73.56317449893,0.000180174356742062
103299.614416717,-73.5492617747924,0.000179598816625211
103300.614416717,-73.5353134650218,0.000179026984289195
103301.614416717,-73.5213288567728,0.000178458837327751
103302.614416717,-73.5073072136042,0.000177894353497639
103303.614416717,-73.4932477757018,0.000177333510717867
103304.614416717,-73.4791497600764,0.000176776287068926
103305.614416717,-73.4650123607401,0.000176222660792038
103306.614416717,-73.4508347488597,0.000175672610288415
103307.614416717,-73.4366160728878,0.000175126114118523
103308.614416717,-73.4223554586713,0.000174583151001377
103309.614416717,-73.4080520095377,0.000174043699813824
103310.614416717,-73.39370480636,0.000173507739589865
103311.614416717,-73.3793129075984,0.000172975249519968
103312.614416717,-73.3648753493206,0.000172446208950413
103313.614416717,-73.3503911452003,0.000171920597382639
103314.614416717,-73.3358592864934,0.000171398394472613
103315.614416717,-73.3212787419921,0.000170879580030208
103316.614416717,-73.3066484579568,0.000170364134018604
103317.614416717,-73.291967358027,0.000169852036553697
103318.614416717,-73.2772343431078,0.000169343267903529
103319.614416717,-73.2624482912368,0.00016883780848773
103320.614416717,-73.2476080574258,0.000168335638876978
103321.614416717,-73.2327124734819,0.000167836739792478
103322.614416717,-73.2177603478047,0.000167341092105455
103323.614416717,-73.2027504651609,0.000166848676836664
103324.614416717,-73.1876815864351,0.000166359475155919
103325.614416717,-73.1725524483576,0.000165873468381642
103326.614416717,-73.1573617632079,0.000165390637980421
103327.614416717,-73.1421082184941,0.000164910965566597
103328.614416717,-73.1267904766076,0.000164434432901864
103329.614416717,-73.1114071744532,0.00016396102189489
103330.614416717,-73.0959569230529,0.000163490714600954
103331.614416717,-73.080438307125,0.000163023493221607
103332.614416717,-73.0648498846354,0.000162559340104349
103333.614416717,-73.0491901863232,0.000162098237742329
103334.614416717,-73.0334577151981,0.000161640168774065
103335.614416717,-73.0176509460094,0.000161185115983184
103336.614416717,-73.0017683246869,0.000160733062298186
103337.614416717,-72.9858082677516,0.000160283990792227
103338.614416717,-72.9697691616964,0.000159837884682925
103339.614416717,-72.9536493623357,0.000159394727332192
103340.614416717,-72.9374471941227,0.000158954502246085
103341.614416717,-72.9211609494343,0.000158517193074683
103342.614416717,-72.9047888878218,0.000158082783611992
103343.614416717,-72.8883292352269,0.000157651257795865
103344.614416717,-72.8717801831616,0.00015722259970796
103345.614416717,-72.8551398878512,0.000156796793573717
103346.614416717,-72.8384064693391,0.000156373823762361
103347.614416717,-72.8215780105513,0.000155953674786941
103348.614416717,-72.8046525563211,0.000155536331304386
103349.614416717,-72.7876281123703,0.000155121778115599
103350.614416717,-72.7705026442475,0.00015471000016558
103351.614416717,-72.7532740762203,0.000154300982543575
103352.614416717,-72.7359402901206,0.000153894710483263
103353.614416717,-72.7184991241408,0.000153491169362973
103354.614416717,-72.7009483715796,0.000153090344705934
103355.614416717,-72.6832857795344,0.000152692222180564
103356.614416717,-72.6655090475398,0.00015229678760079
103357.614416717,-72.6476158261476,0.000151904026926409
103358.614416717,-72.6296037154489,0.000151513926263487
103359.614416717,-72.6114702635335,0.0001511264718648
103360.614416717,-72.593212964885,0.000150741650130308
103361.614416717,-72.5748292587086,0.000150359447607687
103362.614416717,-72.5563165271891,0.000149979850992888
103363.614416717,-72.5376720936759,0.000149602847130754
103364.614416717,-72.5188932207909,0.000149228423015685
103365.614416717,-72.4999771084577,0.000148856565792343
103366.614416717,-72.4809208918461,0.000148487262756417
103367.614416717,-72.461721639231,0.00014812050135544
103368.614416717,-72.4423763497587,0.000147756269189661
103369.614416717,-72.4228819511187,0.000147394554012972
103370.614416717,-72.4032352971148,0.000147035343733901
103371.614416717,-72.3834331651322,0.000146678626416662
103372.614416717,-72.3634722534941,0.000146324390282276
103373.614416717,-72.3433491787041,0.000145972623709754
103374.614416717,-72.3230604725666,0.000145623315237357
103375.614416717,-72.3026025791815,0.000145276453563925
103376.614416717,-72.2819718518054,0.000144932027550288
103377.614416717,-72.2611645495728,0.000144590026220755
103378.614416717,-72.2401768340703,0.000144250438764685
103379.614416717,-72.2190047657566,0.000143913254538156
103380.614416717,-72.197644300219,0.000143578463065715
103381.614416717,-72.17609128426,0.000143246054042229
103382.614416717,-72.1543414518019,0.000142916017334842
103383.614416717,-72.132390419603,0.000142588342985029
103384.614416717,-72.1102336827724,0.000142263021210771
103385.614416717,-72.0878666100746,0.000141940042408835
103386.614416717,-72.0652844390102,0.000141619397157191
103387.614416717,-72.0424822706618,0.000141301076217541
103388.614416717,-72.0194550642922,0.000140985070537998
103389.614416717,-71.9961976316785,0.000140671371255892
103390.614416717,-71.9727046311697,0.000140359969700741
103391.614416717,-71.9489705614506,0.000140050857397362
103392.614416717,-71.9249897549941,0.00013974402606916
103393.614416717,-71.9007563711854,0.000139439467641583
103394.614416717,-71.8762643890965,0.00013913717424576
103395.614416717,-71.8515075998918,0.000138837138222339
103396.614416717,-71.8264795988415,0.000138539352125516
103397.614416717,-71.8011737769179,0.00013824380872729
103398.614416717,-71.7755833119514,0.000137950501021935
103399.614416717,-71.7497011593156,0.000137659422230719
103400.614416717,-71.7235200421139,0.000137370565806868
103401.614416717,-71.6970324408351,0.000137083925440802
103402.614416717,-71.6702305824434,0.000136799495065653
103403.614416717,-71.6431064288666,0.000136517268863078
103404.614416717,-71.6156516648429,0.000136237241269399
103405.614416717,-71.587857685083,0.000135959406982063
103406.614416717,-71.5597155807018,0.000135683760966475
103407.614416717,-71.5312161248711,0.0001354102984632
103408.614416717,-71.5023497576378,0.000135139014995564
103409.614416717,-71.4731065698513,0.000134869906377694
103410.614416717,-71.4434762861379,0.000134602968722997
103411.614416717,-71.4134482468519,0.000134338198453133
103412.614416717,-71.3830113889342,0.000134075592307499
103413.614416717,-71.3521542255948,0.000133815147353258
103414.614416717,-71.3208648247358,0.00013355686099596
103415.614416717,-71.2891307860205,0.000133300730990777
103416.614416717,-71.2569392164861,0.000133046755454415
103417.614416717,-71.2242767045903,0.000132794932877731
103418.614416717,-71.1911292925709,0.000132545262139112
103419.614416717,-71.1574824469863,0.000132297742518676
103420.614416717,-71.1233210272945,0.000132052373713337
103421.614416717,-71.0886292523129,0.000131809155852821
103422.614416717,-71.0533906643883,0.000131568089516669
103423.614416717,-71.0175880910883,0.000131329175752342
103424.614416717,-70.98120360421,0.000131092416094469
103425.614416717,-70.9442184758781,0.000130857812585356
103426.614416717,-70.9066131314863,0.000130625367796838
103427.614416717,-70.8683670992083,0.000130395084853588
103428.614416717,-70.8294589557768,0.000130166967457983
103429.614416717,-70.7898662682011,0.000129941019916677
103430.614416717,-70.7495655310549,0.000129717247168994
103431.614416717,-70.7085320989309,0.000129495654817312
103432.614416717,-70.6667401136132,0.000129276249159595
103433.614416717,-70.6241624254692,0.000129059037224255
103434.614416717,-70.5807705085106,0.000128844026807557
103435.614416717,-70.536534368506,0.000128631226513774
103436.614416717,-70.4914224434632,0.000128420645798347
103437.614416717,-70.4454014957133,0.00012821229501433
103438.614416717,-70.3984364947458,0.0001280061854624
103439.614416717,-70.3504904898337,0.000127802329444785
103440.614416717,-70.3015244713776,0.000127600740323485
103441.614416717,-70.2514972197599,0.000127401432583175
103442.614416717,-70.20036514035,0.000127204421899281
103443.614416717,-70.1480820831263,0.000127009725211737
103444.614416717,-70.0945991451794,0.000126817360804982
103445.614416717,-70.0398644541315,0.000126627348394881
103446.614416717,-69.9838229302367,0.000126439709223265
103447.614416717,-69.9264160246226,0.000126254466160935
103448.614416717,-69.8675814307699,0.000126071643820045
103449.614416717,-69.8072527659136,0.000125891268676915
103450.614416717,-69.745359218559,0.000125713369206469
103451.614416717,-69.6818251577373,0.000125537976029642
103452.614416717,-69.6165696989544,0.000125365122075297
103453.614416717,-69.5495062209964,0.000125194842758422
103454.614416717,-69.4805418268256,0.000125027176176611
103455.614416717,-69.4095767406872,0.000124862163327148
103456.614416717,-69.3365036322355,0.000124699848347371
103457.614416717,-69.2612068569066,0.000124540278781392
103458.614416717,-69.1835615998755,0.000124383505876749
103459.614416717,-69.1034329086563,0.000124229584915158
103460.614416717,-69.0206745966424,0.000124078575582222
103461.614416717,-68.9351279965292,0.000123930542381787
103462.614416717,-68.8466205384601,0.000123785555101644
103463.614416717,-68.7549641226991,0.000123643689338493
103464.614416717,-68.6599532504133,0.000123505027091558
103465.614416717,-68.5613628684254,0.000123369657436026
103466.614416717,-68.4589458741465,0.000123237677289735
103467.614416717,-68.3524302147706,0.000123109192289196
103468.614416717,-68.2415154994636,0.000122984317794495
103469.614416717,-68.125869023718,0.000122863180046787
103470.614416717,-68.0051210799309,0.000122745917507468
103471.614416717,-67.8788593957575,0.00012263268241481
103472.614416717,-67.7466224993677,0.000122523642602513
103473.614416717,-67.6078917548569,0.000122418983635673
103474.614416717,-67.4620817367538,0.000122318911334101
103475.614416717,-67.3085285127144,0.000122223654771828
103476.614416717,-67.1464752678125,0.000122133469866625
103477.614416717,-66.9750545172485,0.000122048643706934
103478.614416717,-66.7932658943398,0.000121969499808971
103479.614416717,-66.5999481333601,0.000121896404559133
103480.614416717,-66.3937433398342,0.000121829775183596
103481.614416717,-66.1730508721482,0.000121770089709599
103482.614416717,-65.9359670162169,0.000121717899559181
103483.614416717,-65.6802049036941,0.000121673845674082
103484.614416717,-65.4029864411847,0.000121638679456098
103485.614416717,-65.100893756478,0.000121613290396501
103486.614416717,-64.7696607116015,0.000121598743192441
103487.614416717,-64.4038733238578,0.000121596328640273
103488.614416717,-63.9965275352028,0.00012160763508444
103489.614416717,-63.53835580384,0.000121634651510902
103490.614416717,-63.0167639431755,0.000121679921172082
103491.614416717,-62.4140798897355,0.000121746779477369
103492.614416717,-61.7024309505622,0.000121839916667051
103493.614416717,-60.8391008944128,0.000121965942130084
103494.614416717,-59.7555192757077,0.000122134527640801
103495.400067141,-58.6725162839636,0.000122306567026058
103496.185717564,-57.2620066938103,0.000122527118612787
103496.725320877,-55.9953045148882,0.000122717410885882
103497.150939794,-54.7262685076311,0.000122898587438616
103497.505350134,-53.3954218564403,0.000123078006903161
103497.859760474,-51.6865833061506,0.000123293637604404
103498.112530194,-50.1272798764743,0.000123478181212371
103498.320739997,-48.5341964284802,0.000123657210329423
103498.5289498,-46.5525620012663,0.000123870704879465
103498.689625784,-44.669807166485,0.000124068588105387
103498.850301768,-42.3930957449685,0.000124308334382237
103498.982128324,-40.1769095099657,0.00012454977287248
103499.113954881,-37.6242982189199,0.000124850030325206
103499.245781437,-34.764659719019,0.000125235970965217
103499.377607993,-31.7013580431087,0.000125746573072057
103499.509434549,-28.6045039241811,0.00012643283081691
103499.618121336,-26.1584381597934,0.000127171523129287
103499.726808123,-23.8794436424463,0.000128097499588387
103499.83549491,-21.7749624756334,0.00012923034318177
103499.944181697,-19.808653499337,0.000130577973386454
103500.052868483,-17.9275195710642,0.000132137445041097
103500.16155527,-16.0845277802602,0.000133897476882437
103500.270242057,-14.2460937163686,0.000135840195140605
103500.378928844,-12.3919166020234,0.000137942571605974
103500.498785006,-10.3206472610824,0.000140412959934516
103500.593430406,-8.66639278450512,0.000142450799527447
103500.688075805,-7.00396726281205,0.000144542169802785
103500.761268999,-5.71930409451033,0.00014618258039346
103500.834462193,-4.44169662611674,0.000147832470850484
103500.907655387,-3.17681922451839,0.000149482669388704
103500.980848581,-1.93018007118091,0.00015112465109827
103501.054041775,-0.706947906731105,0.000152750684182841
103501.150794125,0.866263404095966,0.000154864134072441
103501.247546474,2.38146194261359,0.000156924769312443
103501.344298823,3.83184109412764,0.000158922682174935
103501.441051173,5.21284200741902,0.000160851053407206
103501.537803522,6.5219716022285,0.000162705897168118
103501.634555872,7.75852624849029,0.000164485724285218
103501.767112786,9.33650989401393,0.000166803784837948
103501.899669699,10.7856169231641,0.000168989115215164
103502.032226613,12.1143659882271,0.000171052573658888
103502.164783527,13.3326770386408,0.000173007213643138
103502.297340441,14.4509115848587,0.00017486689358409
103502.429897355,15.4790715487479,0.000176645150789023
103502.614453562,16.7775182183867,0.000179008514111066
103502.763105021,17.7238408054512,0.000180834800444154
103502.911756479,18.591222829973,0.000182605464833026
103503.060407938,19.3870218411052,0.000184330264145304
103503.209059397,20.117274199428,0.000186016944903583
103503.357710855,20.78695375529,0.000187671577184237
103503.506362314,21.4002212439177,0.000189298868647932
103503.666351948,22.0013635223226,0.000191023945031843
103503.777532691,22.3852127996585,0.000192208534837904
103503.888713434,22.7427346297539,0.000193382693932689
103503.999894177,23.0751573240768,0.000194547342289234
103504.111074921,23.3836592089375,0.000195703285811783
103504.222255664,23.6693869541167,0.00019685125150277
103504.333436407,23.9334779130868,0.000197991912783204
103504.468131721,24.2260618718455,0.000199364930939453
103504.602827034,24.490524486881,0.000200729171375715
103504.737522348,24.7287639797745,0.000202085569622095
103504.872217662,24.942637855735,0.000203434981970993
103505.006912975,25.1339937884765,0.000204778196652361
103505.141608289,25.3045775185104,0.000206115928275098
103505.276303603,25.4560597120234,0.000207448821197963
103505.497367074,25.6674815523832,0.000209627386440563
103505.718430546,25.8384311170793,0.000211796632979708
103505.939494017,25.974752912595,0.000213958287838549
103506.160557489,26.0816689775754,0.000216113669808699
103506.38162096,26.1639676442396,0.000218263757249049
103506.602684432,26.2259180344434,0.000220409206216111
103506.921341557,26.2866707444306,0.000223494308869297
103507.239998682,26.3216935874441,0.000226570577933369
103507.558655807,26.3380618107242,0.000229637235314355
103507.877312932,26.3412504300045,0.000232692843690823
103508.195970057,26.3354222231355,0.000235735485503285
103508.514627182,26.3236515266676,0.000238762906080122
103508.979148435,26.3002831378204,0.000243143785622345
103509.443669689,26.2731232754206,0.000247479162551662
103509.908190942,26.2442939007589,0.000251761230758477
103510.372712195,26.2146677380342,0.000255982794815534
103510.837233448,26.1843996771989,0.000260137517728358
103511.301754701,26.1532575332137,0.000264220044938054
103512.081381667,26.0981455825461,0.000270898310782765
103512.861008633,26.0379246647656,0.000277347799105804
103513.640635599,25.9721476893845,0.000283562615259865
103514.420262565,25.9021061489602,0.000289543468117398
103515.199889531,25.8301482070341,0.000295295936437421
103515.979516496,25.7589072521284,0.000300828865760057
103516.979516496,25.6727270774655,0.000307621830858515
103517.979516496,25.5973858961604,0.00031409736320774
103518.979516496,25.5376419486259,0.000320281938486648
103519.979516496,25.4971317932546,0.000326200646325187
103520.979516496,25.478158793402,0.000331876282716667
103521.979516496,25.4818203972696,0.000337329136587921
103522.979516496,25.5083351172053,0.000342577000450327
103523.979516496,25.5574021436287,0.000347635375128332
103524.979516496,25.6280698250428,0.000352517597375627
103525.979516496,25.7189188901165,0.000357235048197866
103526.979516496,25.8283107806871,0.000361797513268379
103527.979516496,25.9544870301867,0.000366213572730682
103528.979516496,26.0957475376084,0.000370490688766126
103529.979516496,26.2504983822226,0.000374635450635005
103530.979516496,26.4171809205515,0.000378653756314423
103531.979516496,26.5942361601097,0.000382550916553564
103532.979516496,26.7801549256738,0.000386331774987629
103533.979516496,26.9735442257127,0.000390000833138009
103534.979516496,27.1731442184138,0.00039356232307531
103535.979516496,27.3778014697729,0.000397020231989165
103536.979516496,27.5864410765145,0.000400378326015667
103537.979516496,27.7980616499449,0.000403640193591443
103538.979516496,28.0117447198324,0.000406809289152627
103539.979516496,28.2266591992848,0.000409888956197456
103540.979516496,28.4420530493544,0.000412882431555616
103541.979516496,28.6572392603244,0.000415792846178929
103542.979516496,28.8715866865719,0.000418623232048744
103543.979516496,29.08451848727,0.000421376532894194
103544.979516496,29.2955128030987,0.000424055611638823
103545.979516496,29.5041000312838,0.000426663251504705
103546.979516496,29.709856641642,0.000429202153743589
103547.979516496,29.9123994101259,0.000431674936617779
103548.979516496,30.1113826071758,0.000434084137107259
103549.979516496,30.3064970739779,0.000436432213287945
103550.979516496,30.4974687438623,0.000438721545070721
103551.979516496,30.6840557577559,0.000440954433322305
103552.979516496,30.8660448613464,0.000443133098800389
103553.979516496,31.0432497094311,0.000445259682974665
103554.979516496,31.215509794506,0.000447336250307157
103555.979516496,31.3826888718293,0.000449364788708629
103556.979516496,31.5446726703813,0.000451347209464202
103557.979516496,31.7013668555213,0.000453285348128057
103558.979516496,31.8526957949009,0.000455180966599022
103559.979516496,31.9986018733489,0.000457035755278054
103560.979516496,32.1390441301014,0.000458851334014721
103561.979516496,32.2739964841065,0.000460629253290342
103562.979516496,32.4034461032366,0.000462370996232319
103563.979516496,32.5273925023251,0.000464077980483979
103564.979516496,32.6458473123652,0.000465751560821061
103565.979516496,32.7588334432875,0.000467393027885166
103566.979516496,32.8663818689584,0.000469003615575902
103567.979516496,32.9685333423853,0.000470584502790189
103568.979516496,33.0653358909268,0.00047213681497098
103569.979516496,33.1568457555178,0.000473661623865397
103570.979516496,33.2431253235013,0.0004751599473084
103571.979516496,33.3242419512878,0.000476632754640784
103572.979516496,33.4002670614581,0.00047808096772526
103573.979516496,33.4712759612876,0.000479505465888802
103574.979516496,33.5373487936018,0.000480907084683626
103575.979516496,33.5985696275387,0.000482286618888924
103576.979516496,33.6550245113724,0.000483644824678602
103577.979516496,33.7068007936977,0.000484982420507635
103578.979516496,33.753987955442,0.000486300088782095
103579.979516496,33.7966778583771,0.000487598479909118
103580.979516496,33.8349632871652,0.000488878211699655
103581.979516496,33.8689360008787,0.000490139869857934
103582.979516496,33.8986881639252,0.000491384009572405
103583.979516496,33.9243146989387,0.000492611159495061
103584.979516496,33.945910424116,0.000493821825000045
103585.979516496,33.9635658644958,0.000495016484190919
103586.979516496,33.9773706616454,0.000496195590009117
103587.979516496,33.9874173687271,0.000497359573265559
103588.979516496,33.9937991804792,0.000498508845987277
103589.979516496,33.9966049882931,0.000499643800579308
103590.979516496,33.9959197937043,0.000500764807347837
103591.979516496,33.9918351909264,0.000501872244896222
103592.979516496,33.9844366307219,0.000502966432231399
103593.979516496,33.9738068829092,0.000504047678101456
103594.979516496,33.9600263460412,0.000505116282462073
103595.979516496,33.94316993251,0.000506172513288683
103596.979516496,33.9233166530684,0.00050721664898115
103597.979516496,33.9005470699052,0.000508248962928741
103598.979516496,33.8749383934537,0.000509269711113383
103599.979516496,33.8465632962212,0.000510279131042879
103600.979516496,33.8154924897112,0.000511277445686954
103601.979516496,33.7817966192767,0.000512264867875828
103602.979516496,33.7455448921546,0.000513241602333096
103603.979516496,33.7068070789772,0.000514207859098089
103604.979516496,33.6656452679521,0.000515163814963711
103605.979516496,33.6221206536275,0.000516109639814567
103606.979516496,33.5762940460834,0.000517045499523559
103607.979516496,33.528224770769,0.00051797155428991
103608.979516496,33.477970203195,0.000518887957270541
103609.979516496,33.4255832303058,0.000519794845215767
103610.979516496,33.3711179827536,0.000520692358859178
103611.979516496,33.3146293340246,0.000521580637006795
103612.979516496,33.2561698159596,0.000522459810074364
103613.979516496,33.1957878229522,0.000523329998507001
103614.979516496,33.1335334033714,0.000524191324642383
103615.979516496,33.0694423901537,0.000525043886168507
103616.979516496,33.0035622030292,0.000525887786363614
103617.979516496,32.9359396557725,0.000526723128616561
103618.979516496,32.8666191597028,0.000527550010533322
103619.979516496,32.7956415629723,0.000528368525218605
103620.979516496,32.7230470850333,0.000529178758868106
103621.979516496,32.648882235513,0.000529980804011668
103622.979516496,32.5731711910831,0.000530774730631936
103623.979516496,32.4959484416796,0.000531560611994663
103624.979516496,32.4172494663917,0.000532338523102725
103625.979516496,32.3371168408475,0.000533108542606026
103626.979516496,32.2555726815691,0.000533870728544723
103627.979516496,32.1726472798555,0.000534625143036531
103628.979516496,32.0883720737366,0.0005353718484289
103629.979516496,32.0027768712425,0.000536110904786548
103630.979516496,31.9158900449711,0.000536842368289335
103631.979516496,31.8277382901701,0.000537566292874136
103632.979516496,31.7383477076,0.000538282728942129
103633.979516496,31.6477428368364,0.000538991726159432
103634.979516496,31.5559534370595,0.000539693336377893
103635.979516496,31.4629953880727,0.000540387597220391
103636.979516496,31.3688905038954,0.000541074550234524
103637.979516496,31.2736615078806,0.000541754237512134
103638.979516496,31.1773300799693,0.00054242669949359
103639.979516496,31.0799167071648,0.000543091974203329
103640.979516496,30.9814408412259,0.00054375009775608
103641.979516496,30.8819211913365,0.000544401104429181
103642.979516496,30.7813757183606,0.000545045027203742
103643.979516496,30.679821802371,0.000545681897450613
103644.979516496,30.5772761276179,0.00054631174546291
103645.979516496,30.4737548562198,0.000546934599956123
103646.979516496,30.36927347987,0.000547550488736149
103647.979516496,30.2638470152366,0.000548159438068627
103648.979516496,30.1574898381514,0.000548761473462351
103649.979516496,30.0502158875609,0.00054935661894235
103650.979516496,29.9420384982139,0.000549944897892782
103651.979516496,29.8329705960082,0.000550526332298094
103652.979516496,29.7230245459797,0.000551100943571894
103653.979516496,29.6122123228794,0.000551668751843337
103654.979516496,29.5005453878759,0.000552229776697199
103655.979516496,29.3880348239291,0.000552784036573387
103656.979516496,29.2746912478251,0.000553331549363286
103657.979516496,29.160524907797,0.000553872331962062
103658.979516496,29.0455456297784,0.0005544064007002
103659.979516496,28.9297628817719,0.000554933771052285
103660.979516496,28.8131857474832,0.000555454457916972
103661.979516496,28.6958229659568,0.000555968475456328
103662.979516496,28.5776829235405,0.000556475837259834
103663.979516496,28.4587736778035,0.000556976556274332
103664.979516496,28.3391029596927,0.000557470644893279
103665.979516496,28.2186781888263,0.000557958114938982
103666.979516496,28.0975074541671,0.000558438978979985
103667.979516496,27.9755975007744,0.000558913247782329
103668.979516496,27.8529542401934,0.000559380930918313
103669.979516496,27.7295834891909,0.000559842037653322
103670.979516496,27.6054911485262,0.000560296577256245
103671.979516496,27.4806830374948,0.000560744558813734
103672.979516496,27.3551647303996,0.000561185990987419
103673.979516496,27.2289415052251,0.000561620881946596
103674.979516496,27.1020183612954,0.000562049239426211
103675.979516496,26.9744000515558,0.000562471070795443
103676.979516496,26.8460911074161,0.000562886383092462
103677.979516496,26.7170958524492,0.000563295183036304
103678.979516496,26.5874184066715,0.000563697477033356
103679.979516496,26.4570626861784,0.000564093271185428
103680.979516496,26.3260324038022,0.00056448257130065
103681.979516496,26.1943310735723,0.000564865382906923
103682.979516496,26.061962017793,0.000565241711266551
103683.979516496,25.9289283740374,0.00056561156139003
103684.979516496,25.7952331005563,0.000565974938047978
103685.979516496,25.6608789803728,0.000566331845781631
103686.979516496,25.5258686250137,0.00056668228891294
103687.979516496,25.3902044784513,0.000567026271554826
103688.979516496,25.2538888212366,0.000567363797621489
103689.979516496,25.1169237745616,0.00056769487083841
103690.979516496,24.9793113040729,0.000568019494751875
103691.979516496,24.8410532234223,0.000568337672738058
103692.979516496,24.7021511976238,0.000568649408011766
103693.979516496,24.5626067462747,0.000568954703634943
103694.979516496,24.4224212466629,0.000569253562524922
103695.979516496,24.2815959367545,0.00056954598746243
103696.979516496,24.1401319180525,0.000569831981099323
103697.979516496,23.9980301583224,0.000570111545966062
103698.979516496,23.8552914941888,0.000570384684478941
103699.979516496,23.7119166336112,0.000570651398947088
103700.979516496,23.5679061582458,0.000570911691579232
103701.979516496,23.4232605256988,0.000571165564490265
103702.979516496,23.2779800716729,0.000571413019707588
103703.979516496,23.1320650120102,0.000571654059177252
103704.979516496,22.985515444634,0.00057188868476991
103705.979516496,22.838331351393,0.000572116898286563
103706.979516496,22.6905125998104,0.000572338701464129
103707.979516496,22.5420589447421,0.000572554095980835
103708.979516496,22.3929700299465,0.000572763083461427
103709.979516496,22.2432453895678,0.000572965665482212
103710.979516496,22.0928844495355,0.000573161843575934
103711.979516496,21.9418865288838,0.000573351619236497
103712.979516496,21.7902508409903,0.000573534993923517
103713.979516496,21.6379764947393,0.000573711969066731
103714.979516496,21.4850624956097,0.000573882546070257
103715.979516496,21.3315077466903,0.000574046726316702
103716.979516496,21.1773110496242,0.000574204511171133
103717.979516496,21.0224711054837,0.000574355901984908
103718.979516496,20.8669865155779,0.000574500900099369
103719.979516496,20.7108557821941,0.000574639506849402
103720.979516496,20.5540773092751,0.000574771723566866
103721.979516496,20.3966494030326,0.000574897551583895
103722.979516496,20.2385702724992,0.000575016992236072
103723.979516496,20.0798380300201,0.000575130046865478
103724.979516496,19.9204506916841,0.000575236716823621
103725.979516496,19.7604061776977,0.000575337003474241
103726.979516496,19.5997023126999,0.000575430908196001
103727.979516496,19.4383368260222,0.000575518432385052
103728.979516496,19.2763073518913,0.000575599577457494
103729.979516496,19.1136114295779,0.000575674344851708
103730.979516496,18.95024650349,0.000575742736030588
103731.979516496,18.7862099232135,0.000575804752483644
103732.979516496,18.6214989434991,0.00057586039572901
103733.979516496,18.456110724196,0.000575909667315326
103734.979516496,18.2900423301342,0.000575952568823515
103735.979516496,18.1232907309537,0.000575989101868452
103736.979516496,17.9558528008831,0.000576019268100513
103737.979516496,17.7877253184652,0.000576043069207027
103738.979516496,17.6189049662324,0.0005760605069136
103739.979516496,17.4493883303302,0.000576071582985348
103740.979516496,17.2791719000891,0.000576076299228003
103741.979516496,17.1082520675455,0.000576074657488915
103742.979516496,16.9366251269106,0.000576066659657944
103743.979516496,16.7642864823235,0.000576052306135165
103744.979516496,16.5912319163061,0.000576031597547847
103745.979516496,16.4174577273935,0.000576004534621738
103746.979516496,16.2429592854199,0.000575971116380816
103747.979516496,16.0677304800384,0.000575931340005771
103748.979516496,15.8917648108924,0.000575885202650195
103749.979516496,15.7150566236536,0.000575832703035656
103750.979516496,15.5376011632618,0.00057577384130825
103751.979516496,15.3593937078297,0.000575708617735976
103752.979516496,15.1804288687649,0.000575637031761438
103753.979516496,15.0007006217975,0.000575559082126458
103754.979516496,14.8202027694109,0.000575474767585182
103755.979516496,14.6389292730955,0.000575384087380848
103756.979516496,14.4568742329859,0.000575287041178213
103757.979516496,14.2740316820076,0.000575183628728479
103758.979516496,14.0903954413436,0.000575073849654271
103759.979516496,13.9059591228976,0.000574957703477502
103760.979516496,13.7207162068349,0.000574835189758742
103761.979516496,13.5346600965409,0.000574706308183718
103762.979516496,13.3477841177767,0.000574571058549959
103763.979516496,13.1600814881579,0.000574429440708783
103764.979516496,12.9715452929228,0.000574281454527619
103765.979516496,12.782168480257,0.000574127099890618
103766.979516496,12.5919438680628,0.000573966376716405
103767.979516496,12.4008641495516,0.000573799284968372
103768.979516496,12.2089218921835,0.000573625824650491
103769.979516496,12.0161095320513,0.000573445995796301
103770.979516496,11.8224193680623,0.00057325979846029
103771.979516496,11.627843558227,0.00057306723271446
103772.979516496,11.4323741175997,0.000572868298647155
103773.979516496,11.236002916277,0.0005726629963604
103774.979516496,11.0387216764462,0.000572451325964673
103775.979516496,10.8405219686374,0.000572233287572613
103776.979516496,10.6413952079198,0.000572008881293675
103777.979516496,10.4413326505092,0.000571778107230087
103778.979516496,10.2403253905686,0.000571540965472717
103779.979516496,10.0383643566263,0.000571297456095118
103780.979516496,9.83544030731091,0.000571047579145583
103781.979516496,9.63154382673611,0.000570791334638926
103782.979516496,9.42666532020903,0.000570528722550143
103783.979516496,9.22079501058459,0.000570259742810256
103784.979516496,9.01392293479246,0.000569984395302015
103785.979516496,8.80603893957149,0.000569702679852276
103786.979516496,8.59713267585456,0.000569414596220119
103787.979516496,8.38719359236067,0.000569120144083637
103788.979516496,8.17621092979663,0.000568819323030225
103789.979516496,7.96417371669146,0.000568512132552638
103790.979516496,7.75107076631761,0.000568198572047438
103791.979516496,7.53689067265741,0.00056787864080851
103792.979516496,7.32162180350131,0.000567552338010624
103793.979516496,7.10525229088011,0.000567219662686105
103794.979516496,6.8877700216043,0.000566880613705083
103795.979516496,6.66916263127109,0.000566535189769127
103796.979516496,6.44941750250117,0.000566183389417368
103797.979516496,6.22852176396641,0.000565825211031143
103798.979516496,6.00646228459942,0.000565460652819546
103799.979516496,5.78322565999635,0.000565089712780607
103800.979516496,5.55879819440127,0.000564712388654142
103801.979516496,5.33316588682895,0.000564328677894961
103802.979516496,5.10631442850445,0.000563938577684533
103803.979516496,4.87822921009716,0.000563542084968038
103804.979516496,4.64889532709369,0.000563139196474862
103805.979516496,4.41829756914858,0.000562729908681512
103806.979516496,4.18642038916199,0.000562314217715141
103807.979516496,3.95324786496784,0.000561892119249417
103808.979516496,3.71876367742709,0.000561463608467972
103809.979516496,3.48295112142332,0.000561028680133476
103810.979516496,3.24579314149477,0.000560587328716724
103811.979516496,3.00727235829495,0.000560139548470146
103812.979516496,2.76737104837887,0.000559685333340202
103813.979516496,2.52607106832058,0.000559224676719743
103814.979516496,2.28335376012344,0.000558757571181654
103815.979516496,2.03919990362416,0.000558284008397931
103816.979516496,1.79358976251238,0.000557803979354815
103817.979516496,1.54650320472248,0.000557317474755564
103818.979516496,1.29791980673952,0.000556824485304687
103819.979516496,1.04781883379273,0.000556325001564725
103820.979516496,0.796179056177614,0.000555819013333048
103821.979516496,0.542974784707069,0.000555306506742249
103822.979516496,0.288182893737914,0.000554787464764035
103823.979516496,0.0317802572665946,0.000554261874263163
103824.979516496,-0.226255668257829,0.000553729722100274
103825.979516496,-0.485940973703447,0.00055319100292638
103826.979516496,-0.747299174152659,0.000552645702353201
103827.979516496,-1.01035995812443,0.000552093800884965
103828.979516496,-1.27515363007801,0.000551535277326289
103829.979516496,-1.54170824986663,0.000550970110185475
103830.979516496,-1.81005083623504,0.000550398277647236
103831.979516496,-2.08021399660586,0.000549819755163305
103832.979516496,-2.35222767780253,0.000549234513498685
103833.979516496,-2.62612133482322,0.000548642532531501
103834.979516496,-2.90192334297566,0.000548043791966131
103835.979516496,-3.17966295636441,0.000547438268918522
103836.979516496,-3.45937155758758,0.000546825937102729
103837.979516496,-3.7410826142864,0.000546206766942168
103838.979516496,-4.02482092236156,0.000545580742674201
103839.979516496,-4.31062190485234,0.000544947828539112
103840.979516496,-4.59852913775314,0.00054430798023502
103841.979516496,-4.88858566363033,0.000543661155560682
103842.979516496,-5.1808298421503,0.000543007317398472
103843.979516496,-5.47529783131952,0.000542346430846712
103844.979516496,-5.77203537706345,0.000541678450723647
103845.979516496,-6.07108625391442,0.000541003318647184
103846.979516496,-6.37249377893936,0.000540320991810868
103847.979516496,-6.67629929301871,0.000539631427452518
103848.979516496,-6.98254513440096,0.000538934579179833
103849.979516496,-7.29127641074141,0.00053823039666954
103850.979516496,-7.60254069465836,0.000537518826553729
103851.979516496,-7.91637101220555,0.000536799843814654
103852.979516496,-8.23281561433055,0.000536073390765892
103853.979516496,-8.5519378358768,0.000535339391025639
103854.979516496,-8.87379804522373,0.000534597769309313
103855.979516496,-9.19845155014455,0.00053384845471812
103856.979516496,-9.52595205908683,0.000533091378616548
103857.979516496,-9.85636758822565,0.000532326456890425
103858.979516496,-10.1897511663377,0.000531553623426405
103859.979516496,-10.5261587890305,0.000530772808598085
103860.979516496,-10.8656499610702,0.000529983937603514
103861.979516496,-11.2082866466567,0.000529186931225672
103862.979516496,-11.5541226043855,0.000528381718717267
103863.979516496,-11.903224533386,0.000527568210831335
103864.979516496,-12.2556653147177,0.000526746313779898
103865.979516496,-12.6115156946267,0.000525915936000834
103866.979516496,-12.9708441575745,0.000525076986566721
103867.979516496,-13.3337201826467,0.000524229373217688
103868.979516496,-13.7002149088247,0.000523373002655067
103869.979516496,-14.0703997273504,0.000522507781164472
103870.979516496,-14.4443460222241,0.000521633613715317
103871.979516496,-14.8221264485362,0.00052075040241385
103872.979516496,-15.2038155924157,0.000519858046510124
103873.979516496,-15.589488878233,0.000518956444616666
103874.979516496,-15.9792208146755,0.000518045497684509
103875.979516496,-16.3730840273132,0.00051712511099643
103876.979516496,-16.7711518860915,0.000516195189677362
103877.979516496,-17.1734923890834,0.000515255650625802
103878.979516496,-17.5801753211948,0.000514306403256541
103879.979516496,-17.9912689209938,0.000513347358735486
103880.979516496,-18.4068465638985,0.000512378416515875
103881.979516496,-18.8269768510562,0.000511399485805449
103882.979516496,-19.2517215187264,0.000510410489484543
103883.979516496,-19.6811380494984,0.000509411357877875
103884.979516496,-20.1152784280559,0.000508402029941967
103885.979516496,-20.5541997685359,0.000507382428337818
103886.979516496,-20.9979544705563,0.000506352481049539
103887.979516496,-21.4465873479611,0.000505312125352561
103888.979516496,-21.900137593892,0.000504261303592252
103889.979516496,-22.3586399918608,0.000503199960312483
103890.979516496,-22.8221235427865,0.000502128044011415
103891.979516496,-23.2906089062447,0.000501045510536424
103892.979516496,-23.7641059643731,0.00049995232690015
103893.979516496,-24.2426199434408,0.000498848450526307
103894.979516496,-24.7261513060282,0.000497733832463933
103895.979516496,-25.2146934421339,0.000496608420385729
103896.979516496,-25.7082285295092,0.000495472166279669
103897.979516496,-26.2067252160901,0.000494325030186784
103898.979516496,-26.7101335452708,0.000493166977662379
103899.979516496,-27.2183940270621,0.000491997964432412
103900.979516496,-27.7314409825362,0.000490817931895107
103901.979516496,-28.2491988274089,0.000489626816011536
103902.979516496,-28.7715716461988,0.000488424558261497
103903.979516496,-29.2984353343769,0.000487211103739343
103904.979516496,-29.8296430825032,0.000485986388038595
103905.979516496,-30.3650419205109,0.000484750331406291
103906.979516496,-30.9044807263894,0.00048350285125356
103907.979516496,-31.4477897127777,0.00048224387944009
103908.979516496,-31.9947397041086,0.000480973362020984
103909.979516496,-32.545026655162,0.00047969124142133
103910.979516496,-33.0983571952226,0.000478397448970276
103911.979516496,-33.6544650118512,0.000477091898017061
103912.979516496,-34.2131313620994,0.000475774532368349
103913.979516496,-34.774044486753,0.000474445335617759
103914.979516496,-35.3368185170481,0.000473104292291772
103915.979516496,-35.9010063577342,0.000471751430546886
103916.979516496,-36.4662071285975,0.000470386752992101
103917.979516496,-37.0320580399176,0.000469010311388607
103918.979516496,-37.5982819386691,0.00046762219559073
103919.979516496,-38.1645625526717,0.000466222503506098
103920.979516496,-38.7304365702903,0.000464811359038724
103921.979516496,-39.2953179990779,0.000463388934500973
103922.979516496,-39.8589283471202,0.000461955399935029
103923.979516496,-40.4211711172613,0.000460510938645577
103924.979516496,-40.9816487488553,0.000459055772493374
103925.979516496,-41.5400716696799,0.000457590136299926
103926.979516496,-42.096306830528,0.000456114270819196
103927.979516496,-42.6502621687894,0.000454628435461377
103928.979516496,-43.2018513877264,0.000453132904164483
103929.979516496,-43.751039862684,0.000451627910278341
103930.979516496,-44.2978459928633,0.000450113756015821
103931.979516496,-44.8423655212075,0.000448590755574959
103932.979516496,-45.3847471301853,0.000447059213322073
103933.979516496,-45.9251776188345,0.000445519422943866
103934.979516496,-46.4638926825883,0.000443971669139043
103935.979516496,-47.0011803976164,0.000442416228532949
103936.979516496,-47.5373628574016,0.000440853369629958
103937.979516496,-48.0727786001005,0.000439283351331348
103938.979516496,-48.6077817463628,0.000437706420919861
103939.979516496,-49.1427429280528,0.000436122813212646
103940.979516496,-49.6780349359138,0.000434532752163833
103941.979516496,-50.2140145731374,0.000432936448022792
103942.979516496,-50.7510112632551,0.000431334099830285
103943.979516496,-51.2893279673892,0.00042972589301809
103944.979516496,-51.829227217135,0.000428112006921005
103945.979516496,-52.3709096815858,0.000426492611971904
103946.979516496,-52.9145041269454,0.000424867873640216
103947.979516496,-53.4600728079712,0.000423237952217001
103948.979516496,-54.0076026518958,0.000421603005074251
103949.979516496,-54.5569896473092,0.00041996319031548
103950.979516496,-55.1080351603252,0.000418318668740614
103951.979516496,-55.6604466372274,0.000416669605412465
103952.979516496,-56.2138426177946,0.000415016169222598
103953.979516496,-56.7677448348684,0.000413358540898976
103954.979516496,-57.3215850415621,0.00041169691382931
103955.979516496,-57.8747188204722,0.000410031490991177
103956.979516496,-58.4264337877307,0.000408362488848378
103957.979516496,-58.9759581376167,0.000406690139295177
103958.979516496,-59.5224734543076,0.000405014690086607
103959.531264839,-59.8224176269545,0.000404089028938749
103959.70336712,-59.9157133522185,0.000403800124953006
103959.842674837,-59.9911341394738,0.000403566214973101
103959.981982553,-60.0664546807903,0.000403332279239401
103960.119345893,-60.1406084294115,0.000403101618074319
103960.256709232,-60.2146390776347,0.000402870981249686
103960.394072572,-60.2885438969697,0.000402640370784403
103960.531435912,-60.3623225453707,0.000402409783130196
103960.819059517,-60.5163983286785,0.000401927007164835
103961.106683122,-60.6699194807412,0.000401444274514003
103961.394306727,-60.8228821723753,0.000400961554545534
103961.681930332,-60.9752801326919,0.000400478821576521
103962.494712512,-61.4027979958065,0.000399114477385439
103963.307494693,-61.8254839936601,0.000397749582313653
103964.120276873,-62.2430252809991,0.000396383999231212
103964.933059054,-62.6550685951539,0.000395017724379064
103965.745841234,-63.0612481827452,0.000393650829812651
103966.745841234,-63.5524094826344,0.000391968408401601
103967.745841234,-64.0334993867613,0.000390285492816515
103968.745841234,-64.5039098630762,0.000388602392254206
103969.745841234,-64.9630853613803,0.000386919442034271
103970.745841234,-65.4105301519201,0.000385236990560439
103971.745841234,-65.8458141848595,0.000383555389701635
103972.745841234,-66.268569814956,0.000381874997292243
103973.745841234,-66.6784974247668,0.000380196168043492
103974.745841234,-67.0753611564795,0.000378519254749321
103975.745841234,-67.4589924012493,0.000376844602748559
103976.745841234,-67.829282240568,0.000375172551001152
103977.745841234,-68.186184607889,0.000373503429371921
103978.745841234,-68.5297048109294,0.000371837558780791
103979.745841234,-68.85990672967,0.00037017525034553
103980.745841234,-69.1768974041988,0.000368516804767172
103981.745841234,-69.4808291110004,0.000366862510708355
103982.745841234,-69.7718906195527,0.000365212645001791
103983.745841234,-70.0503130473496,0.000363567474045183
103984.745841234,-70.3163553035861,0.000361927251862436
103985.745841234,-70.570302740404,0.000360292219310715
103986.745841234,-70.8124617099389,0.00035866260510664
103987.745841234,-71.0431618984092,0.000357038626387113
103988.745841234,-71.2627473085759,0.000355420488510921
103989.745841234,-71.4715724986635,0.000353808384033665
103990.745841234,-71.6700011548429,0.000352202494418012
103991.745841234,-71.8584020415379,0.000350602989062406
103992.745841234,-72.0371505056023,0.000349010027791857
103993.745841234,-72.2066209082839,0.000347423758528041
103994.745841234,-72.367219619321,0.000345844330449957
103995.745841234,-72.5192961037731,0.000344271863639088
103996.745841234,-72.6632011153701,0.000342706471022925
103997.745841234,-72.7992876316489,0.000341148259690972
103998.745841234,-72.9278760771117,0.000339597321789066
103999.745841234,-73.0493152798146,0.000338053751641232
104000.745841234,-73.1639550277514,0.000336517637946368
104001.745841234,-73.2721268024619,0.000334989059073241
104002.745841234,-73.3741435216505,0.000333468083752721
104003.745841234,-73.4703047598945,0.000331954773155468
104004.745841234,-73.5608995295139,0.000330449182149568
104005.745841234,-73.6462064119715,0.000328951359718686
104006.745841234,-73.7264929588221,0.000327461349130534
104007.745841234,-73.802015399808,0.000325979188171788
104008.745841234,-73.8730187214556,0.000324504909464991
104009.745841234,-73.9397368969515,0.000323038540799082
104010.745841234,-74.0023931376463,0.000321580105436451
104011.745841234,-74.0612001482798,0.000320129622394916
104012.745841234,-74.1163604024919,0.00031868710671278
104013.745841234,-74.1680664461113,0.0003172525697015
104014.745841234,-74.2165012235175,0.00031582601918642
104015.745841234,-74.2618384190271,0.000314407459734964
104016.745841234,-74.3042428070304,0.000312996892872122
104017.745841234,-74.3438706067626,0.000311594317283605
104018.745841234,-74.38086983866,0.000310199729007188
104019.745841234,-74.4153806796508,0.000308813121612748
104020.745841234,-74.4475358150138,0.000307434486371469
104021.745841234,-74.4774607847869,0.000306063812414681
104022.745841234,-74.5052743230849,0.00030470108688279
104023.745841234,-74.5310886890245,0.000303346295064789
104024.745841234,-74.5550099882389,0.000301999420528806
104025.745841234,-74.5771384842057,0.000300660445244175
104026.745841234,-74.5975688988148,0.00029932934969547
104027.745841234,-74.6163907017836,0.000298006112988939
104028.745841234,-74.6336883886758,0.000296690712951796
104029.745841234,-74.6495417474102,0.000295383126224752
104030.745841234,-74.6640261132535,0.000294083328348217
104031.745841234,-74.6772126123801,0.000292791293842533
104032.745841234,-74.6891683941546,0.000291506996282634
104033.745841234,-74.6999568523531,0.000290230408367465
104034.745841234,-74.7096378355849,0.000288961501984512
104035.745841234,-74.7182678472163,0.000287700248269758
104036.745841234,-74.7259002351225,0.000286446617663381
104037.745841234,-74.7325853716161,0.000285200579961477
104038.745841234,-74.7383708239157,0.000283962104364089
104039.745841234,-74.7433015155239,0.000282731159519805
104040.745841234,-74.7474198788895,0.000281507713567172
104041.745841234,-74.7507659997316,0.000280291734173157
104042.745841234,-74.7533777533942,0.000279083188568884
104043.745841234,-74.7552909336022,0.000277882043582846
104044.745841234,-74.7565393739764,0.00027668826567179
104045.745841234,-74.7571550626599,0.000275501820949464
104046.745841234,-74.7571682503974,0.000274322675213391
104047.745841234,-74.7566075523959,0.000273150793969831
104048.745841234,-74.7555000442889,0.000271986142457084
104049.745841234,-74.7538713525077,0.000270828685667274
104050.745841234,-74.7517457393572,0.000269678388366737
104051.745841234,-74.7491461830774,0.000268535215115144
104052.745841234,-74.7460944531619,0.000267399130283462
104053.745841234,-74.7426111811907,0.000266270098070853
104054.745841234,-74.7387159274253,0.000265148082520618
104055.745841234,-74.7344272434,0.000264033047535261
104056.745841234,-74.7297627307339,0.00026292495689076
104057.745841234,-74.7247390963758,0.000261823774250104
104058.745841234,-74.7193722044852,0.000260729463176186
104059.745841234,-74.7136771251412,0.000259641987144085
104060.745841234,-74.7076681800621,0.000258561309552807
104061.745841234,-74.7013589855085,0.00025748739373653
104062.745841234,-74.6947624925349,0.000256420202975395
104063.745841234,-74.6878910247455,0.000255359700505875
104064.745841234,-74.6807563137014,0.000254305849530774
104065.745841234,-74.6733695321187,0.000253258613228864
104066.745841234,-74.6657413249924,0.000252217954764199
104067.745841234,-74.6578818387674,0.000251183837295131
104068.745841234,-74.6498007486791,0.000250156223983037
104069.745841234,-74.6415072843738,0.000249135078000781
104070.745841234,-74.6330102539151,0.000248120362540931
104071.745841234,-74.6243180662768,0.000247112040823723
104072.745841234,-74.6154387524179,0.000246110076104808
104073.745841234,-74.6063799850267,0.000245114431682773
104074.745841234,-74.5971490970217,0.000244125070906444
104075.745841234,-74.5877530988854,0.000243141957181982
104076.745841234,-74.5781986949091,0.000242165053979778
104077.745841234,-74.5684922984171,0.000241194324841142
104078.745841234,-74.5586400460379,0.000240229733384789
104079.745841234,-74.5486478110853,0.000239271243313139
104080.745841234,-74.5385212161068,0.000238318818418407
104081.745841234,-74.5282656446568,0.00023737242258851
104082.745841234,-74.5178862523442,0.000236432019812771
104083.745841234,-74.5073879772051,0.000235497574187433
104084.745841234,-74.496775549445,0.000234569049920977
104085.745841234,-74.4860535005942,0.000233646411339251
104086.745841234,-74.475226172115,0.000232729622890401
104087.745841234,-74.4642977235007,0.000231818649149612
104088.745841234,-74.4532721398986,0.000230913454823657
104089.745841234,-74.4421532392917,0.000230014004755258
104090.745841234,-74.4309446792685,0.00022912026392725
104091.745841234,-74.4196499634105,0.000228232197466566
104092.745841234,-74.4082724473223,0.000227349770648028
104093.745841234,-74.3968153443304,0.000226472948897958
104094.745841234,-74.3852817308728,0.000225601697797599
104095.745841234,-74.3736745516013,0.000224735983086367
104096.745841234,-74.3619966242152,0.000223875770664912
104097.745841234,-74.3502506440467,0.000223021026598015
104098.745841234,-74.3384391884127,0.000222171717117307
104099.745841234,-74.3265647207508,0.000221327808623819
104100.745841234,-74.3146295945522,0.000220489267690371
104101.745841234,-74.302636057107,0.0002196560610638
104102.745841234,-74.2905862530726,0.000218828155667021
104103.745841234,-74.278482227878,0.000218005518600951
104104.745841234,-74.2663259309738,0.000217188117146268
104105.745841234,-74.2541192189379,0.000216375918765036
104106.745841234,-74.2418638584468,0.000215568891102187
104107.745841234,-74.2295615291192,0.000214767001986862
104108.745841234,-74.2172138262414,0.000213970219433633
104109.745841234,-74.2048222633801,0.000213178511643581
104110.745841234,-74.1923882748904,0.000212391847005272
104111.745841234,-74.1799132183235,0.000211610194095601
104112.745841234,-74.1673983767416,0.000210833521680531
104113.745841234,-74.1548449609431,0.000210061798715719
104114.745841234,-74.1422541116041,0.000209294994347049
104115.745841234,-74.1296269013406,0.000208533077911052
104116.745841234,-74.1169643366939,0.000207776018935246
104117.745841234,-74.1042673600446,0.000207023787138378
104118.745841234,-74.0915368514581,0.000206276352430586
104119.745841234,-74.078773630464,0.000205533684913476
104120.745841234,-74.0659784577727,0.000204795754880125
104121.745841234,-74.0531520369326,0.000204062532815015
104122.745841234,-74.0402950159292,0.000203333989393892
104123.745841234,-74.0274079887292,0.000202610095483567
104124.745841234,-74.0144914967709,0.000201890822141655
104125.745841234,-74.0015460304044,0.000201176140616254
104126.745841234,-73.9885720302811,0.000200466022345575
104127.745841234,-73.9755698886967,0.000199760438957522
104128.745841234,-73.962539950887,0.000199059362269227
104129.745841234,-73.94948251628,0.000198362764286535
104130.745841234,-73.936397839704,0.000197670617203461
104131.745841234,-73.9232861325542,0.0001969828934016
104132.745841234,-73.9101475639181,0.000196299565449507
104133.745841234,-73.8969822616616,0.000195620606102051
104134.745841234,-73.8837903134762,0.000194945988299729
104135.745841234,-73.8705717678889,0.000194275685167968
104136.745841234,-73.8573266352354,0.000193609670016391
104137.745841234,-73.8440548885971,0.000192947916338071
104138.745841234,-73.8307564647045,0.000192290397808761
104139.745841234,-73.8174312648045,0.000191637088286111
104140.745841234,-73.8040791554965,0.000190987961808867
104141.745841234,-73.7906999695344,0.000190342992596058
104142.745841234,-73.7772935065975,0.000189702155046176
104143.745841234,-73.7638595340296,0.000189065423736338
104144.745841234,-73.7503977875482,0.00018843277342145
104145.745841234,-73.736907971923,0.000187804179033358
104146.745841234,-73.7233897616253,0.000187179615679999
104147.745841234,-73.7098428014483,0.000186559058644547
104148.745841234,-73.6962667070995,0.000185942483384551
104149.745841234,-73.6826610657645,0.000185329865531086
104150.745841234,-73.6690254366441,0.000184721180887892
104151.745841234,-73.6553593514639,0.000184116405430518
104152.745841234,-73.6416623149575,0.000183515515305473
104153.745841234,-73.6279338053242,0.000182918486829375
104154.745841234,-73.6141732746597,0.000182325296488104
104155.745841234,-73.6003801493628,0.000181735920935969
104156.745841234,-73.5865538305165,0.000181150336994868
104157.745841234,-73.5726936942437,0.000180568521653467
104158.745841234,-73.5587990920403,0.000179990452066377
104159.745841234,-73.5448693510824,0.000179416105553347
104160.745841234,-73.5309037745107,0.000178845459598461
104161.745841234,-73.5169016416915,0.000178278491849345
104162.745841234,-73.5028622084534,0.000177715180116385
104163.745841234,-73.4887847073021,0.000177155502371959
104164.745841234,-73.4746683476116,0.00017659943674967
104165.745841234,-73.4605123157927,0.000176046961543602
104166.745841234,-73.4463157754392,0.000175498055207581
104167.745841234,-73.4320778674517,0.000174952696354451
104168.745841234,-73.4177977101386,0.00017441086375536
104169.745841234,-73.4034743992957,0.000173872536339064
104170.745841234,-73.389107008263,0.000173337693191238
104171.745841234,-73.3746945879597,0.000172806313553809
104172.745841234,-73.3602361668973,0.000172278376824293
104173.745841234,-73.3457307511703,0.000171753862555157
104174.745841234,-73.3311773244254,0.000171232750453186
104175.745841234,-73.3165748478083,0.000170715020378876
104176.745841234,-73.3019222598883,0.000170200652345829
104177.745841234,-73.287218476561,0.000169689626520174
104178.745841234,-73.2724623909289,0.000169181923220003
104179.745841234,-73.2576528731587,0.000168677522914816
104180.745841234,-73.2427887703172,0.00016817640622499
104181.745841234,-73.2278689061839,0.000167678553921262
104182.745841234,-73.2128920810404,0.000167183946924228
104183.745841234,-73.197857071437,0.000166692566303861
104184.745841234,-73.1827626299363,0.000166204393279043
104185.745841234,-73.1676074848318,0.000165719409217122
104186.745841234,-73.1523903398441,0.000165237595633479
104187.745841234,-73.1371098737914,0.000164758934191117
104188.745841234,-73.121764740236,0.000164283406700273
104189.745841234,-73.1063535671053,0.000163810995118038
104190.745841234,-73.0908749562875,0.000163341681548009
104191.745841234,-73.0753274832007,0.000162875448239952
104192.745841234,-73.0597096963359,0.00016241227758949
104193.745841234,-73.0440201167725,0.000161952152137806
104194.745841234,-73.0282572376662,0.000161495054571372
104195.745841234,-73.0124195237083,0.000161040967721699
104196.745841234,-72.9965054105565,0.000160589874565105
104197.745841234,-72.9805133042345,0.000160141758222509
104198.745841234,-72.9644415805029,0.000159696601959242
104199.745841234,-72.9482885841968,0.00015925438918489
104200.745841234,-72.9320526285329,0.000158815103453151
104201.745841234,-72.9157319943815,0.000158378728461725
104202.745841234,-72.8993249295061,0.00015794524805222
104203.745841234,-72.8828296477662,0.00015751464621009
104204.745841234,-72.8662443282851,0.000157086907064594
104205.745841234,-72.8495671145791,0.00015666201488879
104206.745841234,-72.8327961136486,0.000156239954099542
104207.745841234,-72.8159293950286,0.000155820709257572
104208.745841234,-72.7989649897986,0.000155404265067524
104209.745841234,-72.7819008895488,0.000154990606378072
104210.745841234,-72.764735045302,0.000154579718182051
104211.745841234,-72.7474653663901,0.000154171585616618
104212.745841234,-72.7300897192818,0.00015376619396345
104213.745841234,-72.7126059263615,0.000153363528648976
104214.745841234,-72.6950117646566,0.000152963575244634
104215.745841234,-72.6773049645111,0.000152566319467177
104216.745841234,-72.6594832082033,0.000152171747179003
104217.745841234,-72.6415441285064,0.000151779844388534
104218.745841234,-72.623485307188,0.000151390597250626
104219.745841234,-72.6053042734475,0.000151003992067021
104220.745841234,-72.5869985022877,0.000150620015286844
104221.745841234,-72.5685654128182,0.000150238653507142
104222.745841234,-72.550002366488,0.000149859893473469
104223.745841234,-72.5313066652434,0.000149483722080509
104224.745841234,-72.5124755496087,0.000149110126372767
104225.745841234,-72.4935061966857,0.000148739093545285
104226.745841234,-72.4743957180685,0.000148370610944432
104227.745841234,-72.4551411576698,0.000148004666068739
104228.745841234,-72.4357394894545,0.000147641246569787
104229.745841234,-72.4161876150762,0.000147280340253158
104230.745841234,-72.3964823614122,0.000146921935079453
104231.745841234,-72.3766204779917,0.000146566019165358
104232.745841234,-72.3565986343128,0.000146212580784796
104233.745841234,-72.3364134170424,0.000145861608370131
104234.745841234,-72.3160613270925,0.000145513090513451
104235.745841234,-72.2955387765683,0.000145167015967932
104236.745841234,-72.2748420855808,0.00014482337364927
104237.745841234,-72.2539674789165,0.000144482152637203
104238.745841234,-72.2329110825579,0.000144143342177114
104239.745841234,-72.2116689200465,0.000143806931681726
104240.745841234,-72.1902369086797,0.000143472910732893
104241.745841234,-72.1686108555343,0.000143141269083483
104242.745841234,-72.1467864533052,0.000142811996659373
104243.745841234,-72.1247592759516,0.00014248508356154
104244.745841234,-72.102524774138,0.000142160520068278
104245.745841234,-72.0800782704611,0.000141838296637522
104246.745841234,-72.0574149544485,0.000141518403909306
104247.745841234,-72.0345298773185,0.000141200832708344
104248.745841234,-72.0114179464859,0.000140885574046752
104249.745841234,-71.9880739197997,0.000140572619126914
104250.745841234,-71.964492399499,0.0001402619593445
104251.745841234,-71.9406678258673,0.000139953586291639
104252.745841234,-71.9165944705713,0.000139647491760265
104253.745841234,-71.8922664296632,0.000139343667745641
104254.745841234,-71.8676776162263,0.000139042106450059
104255.745841234,-71.8428217526445,0.000138742800286748
104256.745841234,-71.8176923624701,0.000138445741883986
104257.745841234,-71.7922827618674,0.000138150924089422
104258.745841234,-71.7665860506039,0.000137858339974642
104259.745841234,-71.740595102563,0.000137567982839966
104260.745841234,-71.7143025557452,0.000137279846219513
104261.745841234,-71.687700801727,0.000136993923886532
104262.745841234,-71.660781974542,0.000136710209859023
104263.745841234,-71.6335379389458,0.000136428698405665
104264.745841234,-71.605960278025,0.000136149384052063
104265.745841234,-71.578040280105,0.000135872261587344
104266.745841234,-71.5497689249118,0.000135597326071114
104267.745841234,-71.5211368689341,0.000135324572840799
104268.745841234,-71.4921344299327,0.000135053997519401
104269.745841234,-71.4627515705369,0.000134785596023687
104270.745841234,-71.432977880863,0.000134519364572841
104271.745841234,-71.4028025600876,0.000134255299697616
104272.745841234,-71.3722143968969,0.000133993398250007
104273.745841234,-71.3412017487332,0.000133733657413482
104274.745841234,-71.3097525197479,0.00013347607471382
104275.745841234,-71.2778541373661,0.000133220648030578
104276.745841234,-71.2454935273566,0.00013296737560925
104277.745841234,-71.2126570872936,0.000132716256074147
104278.745841234,-71.1793306582865,0.000132467288442059
104279.745841234,-71.1454994948417,0.000132220472136762
104280.745841234,-71.1111482327072,0.000131975807004403
104281.745841234,-71.0762608545408,0.000131733293329864
104282.745841234,-71.0408206532224,0.000131492931854148
104283.745841234,-71.0048101926178,0.000131254723792873
104284.745841234,-70.9682112655815,0.000131018670855963
104285.745841234,-70.9310048489637,0.000130784775268618
104286.745841234,-70.8931710553669,0.000130553039793673
104287.745841234,-70.8546890813685,0.000130323467755439
104288.745841234,-70.8155371518975,0.000130096063065167
104289.745841234,-70.7756924604242,0.000129870830248244
104290.745841234,-70.735131104581,0.000129647774473276
104291.745841234,-70.6938280167958,0.000129426901583214
104292.745841234,-70.6517568894728,0.000129208218128688
104293.745841234,-70.608890094204,0.000128991731403751
104294.745841234,-70.5651985944374,0.000128777449484226
104295.745841234,-70.5206518509646,0.000128565381268899
104296.745841234,-70.4752177195141,0.000128355536523817
104297.745841234,-70.4288623396564,0.000128147925929951
104298.745841234,-70.3815500141304,0.000127942561134562
104299.745841234,-70.3332430775947,0.000127739454806605
104300.745841234,-70.2839017536852,0.000127538620696555
104301.745841234,-70.233483999118,0.0001273400737011
104302.745841234,-70.1819453334218,0.000127143829933156
104303.745841234,-70.1292386526941,0.000126949906797774
104304.745841234,-70.0753140255704,0.000126758323074516
104305.745841234,-70.0201184693486,0.000126569099006982
104306.745841234,-69.9635957039313,0.000126382256400259
104307.745841234,-69.9056858809226,0.000126197818727132
104308.745841234,-69.8463252848375,0.000126015811244046
104309.745841234,-69.7854460029417,0.000125836261117891
104310.745841234,-69.7229755597241,0.000125659197564876
104311.745841234,-69.6588365114004,0.000125484652002896
104312.745841234,-69.5929459951355,0.000125312658219008
104313.745841234,-69.5252152268383,0.000125143252553862
104314.745841234,-69.4555489403863,0.000124976474105212
104315.745841234,-69.3838447599634,0.000124812364952926
104316.745841234,-69.3099924957895,0.000124650970408318
104317.745841234,-69.2338733518392,0.00012449233929105
104318.745841234,-69.1553590321257,0.000124336524237362
104319.745841234,-69.074310729691,0.000124183582044046
104320.745841234,-68.9905779794827,0.000124033574053289
104321.745841234,-68.9039973526994,0.00012388656658441
104322.745841234,-68.8143909657759,0.000123742631419606
104323.745841234,-68.7215647717554,0.000123601846352103
104324.745841234,-68.6253065950823,0.000123464295806692
104325.745841234,-68.5253838624972,0.000123330071544584
104326.745841234,-68.421540972258,0.000123199273466861
104327.745841234,-68.3134962307372,0.000123072010533782
104328.745841234,-68.2009382687261,0.000122948401820836
104329.745841234,-68.0835218284277,0.000122828577737031
104330.745841234,-67.9608627846163,0.000122712681436697
104331.745841234,-67.8325322277566,0.00012260087046342
104332.745841234,-67.69804939014,0.00012249331867416
104333.745841234,-67.5568731343419,0.000122390218503735
104334.745841234,-67.4083916408804,0.00012229178364574
104335.745841234,-67.2519098207707,0.000122198252246768
104336.745841234,-67.0866338269624,0.000122109890738587
104337.745841234,-66.9116518290694,0.000122026998470142
104338.745841234,-66.7259099224053,0.00012194991335204
104339.745841234,-66.5281816255799,0.00012187901879612
104340.745841234,-66.317028819549,0.00012181475233065
104341.745841234,-66.0907510981792,0.000121757616410852
104342.745841234,-65.8473191796577,0.000121708192145777
104343.745841234,-65.5842860107806,0.000121667156959314
104344.745841234,-65.2986660433012,0.000121635307650069
104345.745841234,-64.9867681065995,0.000121613591004065
104346.745841234,-64.643958962285,0.000121603145205824
104347.745841234,-64.2643204238191,0.000121605357075159
104348.745841234,-63.8401378445974,0.000121621943167126
104349.745841234,-63.3611116344929,0.000121655068063092
104350.745841234,-62.8130944815274,0.00012170752291754
104351.745841234,-62.1745664982448,0.00012178313149632
104352.745841234,-61.4137998802218,0.000121887124239574
104353.745841234,-60.4821742767089,0.000122026871490799
104354.745841234,-59.2945628729947,0.000122213871878079
104355.491684902,-58.152152895011,0.000122394922777906
104356.089058609,-56.9894090363564,0.000122575069770134
104356.579206725,-55.7837776132605,0.00012275452113442
104356.984672707,-54.5286808296095,0.00012293207766787
104357.390138689,-52.9164683535762,0.000123146148534688
104357.680247501,-51.4354202960725,0.000123330278257381
104357.917959101,-49.920666939484,0.000123508059535681
104358.155670701,-48.0165083098533,0.000123719977646267
104358.334885652,-46.2263457579969,0.000123911386254145
104358.514100603,-44.02663198609,0.000124142266826897
104358.654710676,-41.9415930420406,0.00012436284743526
104358.795320749,-39.489222183396,0.000124634121555552
104358.935930822,-36.6578968455338,0.000124979963309747
104359.076540895,-33.5095108267018,0.000125437297057338
104359.217150968,-30.2028896395719,0.000126059066126164
104359.327123726,-27.6527988560796,0.000126702965025631
104359.437096483,-25.23929517111,0.000127521235362414
104359.547069241,-23.0061072716808,0.000128540441251701
104359.657041999,-20.9405090781208,0.000129776093413286
104359.767014757,-18.9944351987537,0.000131231530051262
104359.876987515,-17.1135501834378,0.000132899843157021
104359.986960272,-15.2543681022628,0.000134766113358673
104360.09693303,-13.3879936934821,0.000136809216931898
104360.216908771,-11.3281218606069,0.000139208806599481
104360.336884511,-9.24054827346118,0.000141748778175471
104360.42194015,-7.74815380957369,0.000143611621961881
104360.506995789,-6.25377925903402,0.000145508056177179
104360.592051428,-4.76583437089036,0.000147422670613509
104360.661881066,-3.55522126778538,0.00014899775911472
104360.731710703,-2.35972674287937,0.000150567614900642
104360.801540341,-1.18396708942125,0.00015212529534552
104360.871369978,-0.0321643747468956,0.000153664577389775
104360.941199616,1.09196047104872,0.000155180038943222
104361.031765709,2.5035635044108,0.000157102612379091
104361.122331802,3.85795694917277,0.000158969593617552
104361.212897896,5.15148671289805,0.000160775516833035
104361.303463989,6.38209199429276,0.000162517102183256
104361.394030082,7.54909869438435,0.000164192992928622
104361.484596176,8.65303429077721,0.000165803501878215
104361.633728373,10.3375333302713,0.000168317711680164
104361.782860571,11.8659354127667,0.000170672805945883
104361.931992769,13.2520966365365,0.000172886886496817
104362.081124966,14.5107740909447,0.000174979677157829
104362.230257164,15.6561663053228,0.000176970407392086
104362.379389362,16.7011050299563,0.000178876572318677
104362.53682716,17.7074652935179,0.000180813815477711
104362.694264958,18.6250830968735,0.00018268837640166
104362.851702756,19.4627491956597,0.000184511936843883
104363.009140554,20.2275219788002,0.00018629353532871
104363.166578353,20.9251403205318,0.000188040099245602
104363.324016151,21.5604033810613,0.000189756955570405
104363.460177693,22.0627399134811,0.000191221042743832
104363.596339236,22.5240016282946,0.000192668198993454
104363.732500778,22.9464864284509,0.000194100253583397
104363.843345548,23.2633072810525,0.000195255981037164
104363.954190318,23.5570444982553,0.000196403498407995
104364.065035088,23.8288360823484,0.000197543498973876
104364.175879858,24.0798008144142,0.000198676619388895
104364.286724628,24.3110405475262,0.000199803449373473
104364.397569398,24.5236399856539,0.000200924538644956
104364.534059258,24.7613907401499,0.000202297872840047
104364.670549119,24.974426813928,0.000203664160789084
104364.80703898,25.1646237291801,0.00020502420731718
104364.943528841,25.3337881922441,0.000206378742848583
104365.080018702,25.4836499909232,0.000207728425620688
104365.216508562,25.6158573428873,0.000209073843819241
104365.468483269,25.8187393666325,0.000211548132687227
104365.720457976,25.9757401218435,0.000214012318812381
104365.972432683,26.0948479353651,0.00021646840904266
104366.22440739,26.1830279227395,0.000218917790690145
104366.476382096,26.2462628867357,0.000221361301038192
104366.728356803,26.2896306578779,0.000223799302765607
104367.058800227,26.3234338464347,0.000226988083092822
104367.389243651,26.3380418222292,0.000230166352766504
104367.719687076,26.3393348632784,0.000233332417791448
104368.0501305,26.3316977356313,0.00023648405012239
104368.380573924,26.3183084325964,0.000239618668886333
104368.711017348,26.3013888973438,0.000242733491556586
104369.19264164,26.2734167862991,0.000247232070674321
104369.674265931,26.2436171271334,0.000251673861288909
104370.155890222,26.212949037792,0.000256050770312267
104370.637514513,26.1815496854632,0.00026035570965406
104371.119138805,26.1491647553386,0.000264582764324564
104371.600763096,26.1153943875764,0.000268727241817113
104372.456648221,26.0510190861903,0.000275878407829604
104373.312533346,25.9801262332214,0.000282747760669465
104374.168418471,25.9036045524965,0.000289334640779788
104375.024303596,25.8243667058229,0.000295645985636112
104375.880188721,25.7462213392473,0.000301693695340954
104376.736073846,25.6728475247208,0.000307492478377802
104377.736073846,25.5974462049173,0.000313973776187596
104378.736073846,25.5374588086729,0.000320163383174822
104379.736073846,25.4965119408337,0.000326086549775192
104380.736073846,25.47705841325,0.000331766313155274
104381.736073846,25.480306790739,0.000337223042638383
104382.736073846,25.506448273513,0.000342474519271405
104383.736073846,25.5550298720186,0.000347536164706002
104384.736073846,25.6252047838008,0.000352421349545882
104385.736073846,25.7156526561383,0.000357141581129141
104386.736073846,25.8247439766394,0.000361706704694495
104387.736073846,25.9507402073133,0.000366125230025329
104388.736073846,26.0918746659333,0.000370404675420703
104389.736073846,26.246467616346,0.000374551645480942
104390.736073846,26.4129511931477,0.000378572031219022
104391.736073846,26.5898190080135,0.00038247116875858
104392.736073846,26.7756015291269,0.000386253930948287
104393.736073846,26.9688989470069,0.000389924816689922
104394.736073846,27.1684245450316,0.000393488040867493
104395.736073846,27.3730129381165,0.000396947591534417
104396.736073846,27.5815971343932,0.000400307254248842
104397.736073846,27.7931864198207,0.00040357063271561
104398.736073846,28.0068628694198,0.000406741180797792
104399.736073846,28.221787966662,0.000409822234402968
104400.736073846,28.4372032963402,0.000412817028313256
104401.736073846,28.6524211019985,0.000415728698901516
104402.736073846,28.8668126099079,0.000418560284579132
104403.736073846,29.0798019224688,0.000421314731418334
104404.736073846,29.2908652424533,0.000423994901354594
104405.736073846,29.4995301211852,0.000426603576956679
104406.736073846,29.7053715345617,0.000429143461140649
104407.736073846,29.9080062978201,0.000431617175161749
104408.736073846,30.1070888755552,0.000434027258369869
104409.736073846,30.3023094512488,0.000436376169917935
104410.736073846,30.4933927126239,0.000438666290348324
104411.736073846,30.6800957861405,0.000440899921727512
104412.736073846,30.8622050352291,0.000443079286741995
104413.736073846,31.03953394165,0.000445206528848227
104414.736073846,31.2119215081591,0.000447283713821389
104415.736073846,31.3792307260723,0.000449312830574489
104416.736073846,31.5413467215999,0.000451295791776842
104417.736073846,31.6981749096532,0.000453234434784205
104418.736073846,31.8496395353279,0.000455130523111801
104419.736073846,31.9956825650894,0.000456985748358014
104420.736073846,32.1362625800977,0.000458801731498193
104421.736073846,32.2713530546049,0.000460580024406157
104422.736073846,32.4009410230211,0.000462322111465487
104423.736073846,32.5250259933507,0.000464029411905319
104424.736073846,32.6436195165728,0.000465703281618118
104425.736073846,32.7567437509656,0.000467345012365579
104426.736073846,32.864429477985,0.000468955839050779
104427.736073846,32.966716674973,0.000470536942067741
104428.736073846,33.0636542965373,0.000472089447082431
104429.736073846,33.1552988335435,0.000473614427572768
104430.736073846,33.2417114919172,0.000475112902021024
104431.736073846,33.322958648383,0.000476585839411859
104432.736073846,33.3991123080167,0.000478034165312563
104433.736073846,33.4702487829719,0.000479458758558176
104434.736073846,33.5364479977349,0.000480860455019178
104435.736073846,33.5977928816776,0.000482240050705826
104436.736073846,33.6543693271336,0.000483598303321665
104437.736073846,33.7062657007351,0.000484935931426833
104438.736073846,33.7535717622516,0.000486253618232125
104439.736073846,33.796378747589,0.000487552013765013
104440.736073846,33.8347784163557,0.000488831736584981
104441.736073846,33.868863822407,0.000490093373237168
104442.736073846,33.8987278942611,0.000491337481063934
104443.736073846,33.9244637755802,0.000492564590041435
104444.736073846,33.9461642053512,0.000493775204411538
104445.736073846,33.9639222742599,0.000494969802759051
104446.736073846,33.977829599715,0.000496148839875919
104447.736073846,33.9879779524337,0.000497312747718499
104448.736073846,33.9944575151657,0.000498461937419091
104449.736073846,33.9973578432966,0.000499596799703781
104450.736073846,33.9967663127774,0.000500717705657222
104451.736073846,33.9927701341206,0.000501825007902567
104452.736073846,33.9854544969438,0.000502919042226653
104453.736073846,33.9749034146176,0.000504000128110856
104454.736073846,33.9611982966228,0.000505068568715709
104455.736073846,33.9444202436959,0.000506124652310188
104456.736073846,33.9246481910006,0.000507168653770781
104457.736073846,33.9019594411911,0.000508200835028411
104458.736073846,33.8764284296202,0.000509221444252908
104459.736073846,33.848129331507,0.000510230717531625
104460.736073846,33.8171342316103,0.000511228880509649
104461.736073846,33.7835132237883,0.000512216148643268
104462.736073846,33.7473333881729,0.000513192725587894
104463.736073846,33.708661694538,0.000514158805092411
104464.736073846,33.667563237044,0.000515114572956259
104465.736073846,33.6241043344249,0.000516060220110754
104466.736073846,33.5783438390797,0.000516995907139294
104467.736073846,33.5303395673685,0.000517921788599244
104468.736073846,33.4801487780953,0.000518838015450557
104469.736073846,33.4278273119035,0.000519744733448002
104470.736073846,33.3734264652688,0.000520642073084454
104471.736073846,33.316998897019,0.000521530168870315
104472.736073846,33.2585976490434,0.000522409153626442
104473.736073846,33.1982736349697,0.000523279151875585
104474.736073846,33.1360746054531,0.000524140279142295
104475.736073846,33.0720458037912,0.000524992644664291
104476.736073846,33.0062340260715,0.000525836360127502
104477.736073846,32.9386734895749,0.00052667151417639
104478.736073846,32.8694084621992,0.000527498201887913
104479.736073846,32.7984828830148,0.000528316517573221
104480.736073846,32.7259379243246,0.000529126550881448
104481.736073846,32.6518179560361,0.000529928388446439
104482.736073846,32.5761589829378,0.000530722111133937
104483.736073846,32.498992745041,0.000531507793267957
104484.736073846,32.4203508581083,0.000532285505801817
104485.736073846,32.3402656854219,0.000533055318260504
104486.736073846,32.2587696837979,0.00053381729795025
104487.736073846,32.1758959856492,0.000534571513889122
104488.736073846,32.091668104715,0.00053531801894278
104489.736073846,32.0061160693233,0.000536056871215062
104490.736073846,31.919269843053,0.000536788128518945
104491.736073846,31.8311615319828,0.000537511848129139
104492.736073846,31.7418171135411,0.000538228082301413
104493.736073846,31.6512591297135,0.000538936878247562
104494.736073846,31.5595097672465,0.000539638281035166
104495.736073846,31.46659174774,0.000540332335063206
104496.736073846,31.3725277968563,0.000541019083726584
104497.736073846,31.2773399991858,0.0005416985685284
104498.736073846,31.1810504335724,0.000542370831434264
104499.736073846,31.0836750127572,0.000543035904344687
104500.736073846,30.9852339159183,0.000543693823371994
104501.736073846,30.885747309402,0.000544344624431831
104502.736073846,30.7852341260859,0.00054498834155045
104503.736073846,30.6837121046255,0.000545625006682016
104504.736073846,30.5812004209849,0.000546254652051205
104505.736073846,30.4777149382629,0.00054687730664358
104506.736073846,30.3732696312752,0.00054749299679774
104507.736073846,30.2678783623757,0.000548101747890904
104508.736073846,30.1615553175492,0.000548703585073337
104509.736073846,30.0543154294363,0.000549298534607834
104510.736073846,29.9461694821128,0.000549886615838929
104511.736073846,29.8371309037743,0.00055046785132597
104512.736073846,29.7272130888375,0.000551042263424646
104513.736073846,29.6164285888256,0.000551609873201515
104514.736073846,29.5047907418765,0.000552170702064765
104515.736073846,29.3923105172219,0.00055272476868139
104516.736073846,29.2789974804313,0.000553272089772526
104517.736073846,29.1648610785823,0.000553812681490595
104518.736073846,29.0499109829505,0.000554346559940372
104519.736073846,28.9341573606781,0.000554873741963386
104520.736073846,28.8176075773457,0.000555394239641885
104521.736073846,28.7002707173323,0.00055590806757719
104522.736073846,28.5821558330771,0.000556415240182392
104523.736073846,28.4632713890296,0.000556915770964268
104524.736073846,28.3436263280927,0.000557409673881464
104525.736073846,28.2232280281764,0.00055789696077191
104526.736073846,28.1020829018899,0.000558377642143426
104527.736073846,27.9801972523081,0.000558851728177596
104528.736073846,27.8575775078925,0.000559319229059481
104529.736073846,27.7342300442589,0.000559780154786409
104530.736073846,27.6101609800069,0.000560234514908173
104531.736073846,27.4853761015857,0.000560682318439003
104532.736073846,27.3598808857349,0.000561123573909179
104533.736073846,27.2336805478688,0.000561558289443692
104534.736073846,27.1067800759204,0.000561986472808725
104535.736073846,26.9791842426166,0.000562408131426479
104536.736073846,26.8508976049324,0.000562823272378318
104537.736073846,26.7219245015803,0.000563231902410303
104538.736073846,26.5922690548147,0.000563634027945078
104539.736073846,26.4619351769732,0.000564029655097984
104540.736073846,26.3309265788025,0.000564418789693653
104541.736073846,26.1992467767304,0.000564801437280572
104542.736073846,26.066899098235,0.000565177603143337
104543.736073846,25.9338866860649,0.000565547292313708
104544.736073846,25.8002125023376,0.000565910509581545
104545.736073846,25.6658793329517,0.000566267259505972
104546.736073846,25.5308897921636,0.000566617546426503
104547.736073846,25.3952463270151,0.000566961374473751
104548.736073846,25.258951221454,0.000567298747579599
104549.736073846,25.1220066001686,0.000567629669486902
104550.736073846,24.9844144322328,0.000567954143758861
104551.736073846,24.8461765346242,0.000568272173788126
104552.736073846,24.707294575627,0.000568583762805648
104553.736073846,24.5677700781029,0.000568888913889238
104554.736073846,24.4276044226167,0.000569187629971843
104555.736073846,24.2867988504157,0.000569479913849541
104556.736073846,24.1453544662712,0.000569765768189262
104557.736073846,24.0032722411948,0.000570045195536269
104558.736073846,23.8605530150333,0.000570318198321398
104559.736073846,23.7171974989478,0.000570584778868069
104560.736073846,23.573206277779,0.000570844939399062
104561.736073846,23.4285798123002,0.000571098682043086
104562.736073846,23.2833184413638,0.000571346008841131
104563.736073846,23.1374223839422,0.000571586921752613
104564.736073846,22.9908917410696,0.000571821422661324
104565.736073846,22.8437264976863,0.000572049513381191
104566.736073846,22.6959265243885,0.000572271195661851
104567.736073846,22.5474915790873,0.000572486471194039
104568.736073846,22.3984213085786,0.000572695341614807
104569.736073846,22.2487152500268,0.000572897808512571
104570.736073846,22.0983728323653,0.000573093873431991
104571.736073846,21.9473933776157,0.00057328353787869
104572.736073846,21.7957761021279,0.000573466803323821
104573.736073846,21.6435201177439,0.000573643671208471
104574.736073846,21.4906244328866,0.000573814142947924
104575.736073846,21.3370879535755,0.000573978219935778
104576.736073846,21.1829094843722,0.000574135903547915
104577.736073846,21.0280877292564,0.000574287195146333
104578.736073846,20.8726212924337,0.000574432096082846
104579.736073846,20.716508679079,0.000574570607702645
104580.736073846,20.5597482960134,0.000574702731347728
104581.736073846,20.4023384523197,0.000574828468360209
104582.736073846,20.2442773598949,0.000574947820085488
104583.736073846,20.0855631339426,0.00057506078787531
104584.736073846,19.9261937934058,0.000575167373090689
104585.736073846,19.766167261341,0.000575267577104722
104586.736073846,19.605481365235,0.00057536140130528
104587.736073846,19.4441338372655,0.000575448847097574
104588.736073846,19.2821223145048,0.000575529915906619
104589.736073846,19.1194443390697,0.000575604609179572
104590.736073846,18.9560973582162,0.000575672928387959
104591.736073846,18.7920787243808,0.000575734875029792
104592.736073846,18.6273856951688,0.000575790450631566
104593.736073846,18.462015433289,0.000575839656750152
104594.736073846,18.2959650064372,0.000575882494974578
104595.736073846,18.1292313871264,0.000575918966927692
104596.736073846,17.9618114524668,0.000575949074267722
104597.736073846,17.7937019838924,0.000575972818689726
104598.736073846,17.6248996668379,0.000575990201926921
104599.736073846,17.455401090363,0.000576001225751915
104600.736073846,17.2852027467256,0.000576005891977822
104601.736073846,17.1143010309044,0.000576004202459261
104602.736073846,16.9426922400687,0.000575996159093252
104603.736073846,16.7703717801062,0.000575981762235507
104604.736073846,16.5973354523633,0.000575961012551191
104605.736073846,16.4235795390109,0.000575933910835484
104606.736073846,16.2490993763143,0.000575900456099048
104607.736073846,16.0738888608115,0.000575860645458377
104608.736073846,15.8979415345483,0.000575814476051941
104609.736073846,15.72125177001,0.000575761946645448
104610.736073846,15.5438148031389,0.000575703057424463
104611.736073846,15.3656258920478,0.000575637808657806
104612.736073846,15.1866796427871,0.000575566199773413
104613.736073846,15.0069700397635,0.00057548822951315
104614.736073846,14.8264908950123,0.000575403896647107
104615.736073846,14.6452361750341,0.00057531320043436
104616.736073846,14.4631999836265,0.000575216140546698
104617.736073846,14.2803763582261,0.000575112716737278
104618.736073846,14.0967591235904,0.000575002928631922
104619.736073846,13.9123418930184,0.000574886775758819
104620.736073846,13.7271181478597,0.000574764257686309
104621.736073846,13.5410812949901,0.000574635374107756
104622.736073846,13.3542246658182,0.000574500124827661
104623.736073846,13.1665414834745,0.000574358509703603
104624.736073846,12.9780248369902,0.000574210528608751
104625.736073846,12.7886676771502,0.000574056181432905
104626.736073846,12.5984628247782,0.000573895468100756
104627.736073846,12.4074029770912,0.000573728388582287
104628.736073846,12.2154807062128,0.000573554942888253
104629.736073846,12.0226884527728,0.000573375131058742
104630.736073846,11.8290185197789,0.000573188953154421
104631.736073846,11.6344630691443,0.000572996409253284
104632.736073846,11.4390141199833,0.000572797499449773
104633.736073846,11.2426635467492,0.000572592223852331
104634.736073846,11.0454030762061,0.000572380582578181
104635.736073846,10.8472242835413,0.000572162575746844
104636.736073846,10.6481185884641,0.000571938203474453
104637.736073846,10.4480772517853,0.000571707465869545
104638.736073846,10.247091372279,0.000571470363029131
104639.736073846,10.0451518832387,0.000571226895033309
104640.736073846,9.8422495483411,0.000570977061937737
104641.736073846,9.63837495701284,0.000570720863765182
104642.736073846,9.43351855487811,0.000570458300527167
104643.736073846,9.22767058410361,0.000570189372171378
104644.736073846,9.02082105589137,0.000569914078568621
104645.736073846,8.8129597847134,0.000569632419525517
104646.736073846,8.60407642581725,0.000569344394803189
104647.736073846,8.39416045939297,0.000569050004104823
104648.736073846,8.1832011437638,0.000568749247034178
104649.736073846,7.97118747958961,0.000568442123075251
104650.736073846,7.75810826703759,0.00056812863159939
104651.736073846,7.54395211293362,0.000567808771923644
104652.736073846,7.32870741348557,0.000567482543254415
104653.736073846,7.11236232145088,0.000567149944629587
104654.736073846,6.89490472603839,0.000566810974904474
104655.736073846,6.67632225900509,0.000566465632780691
104656.736073846,6.45660231145506,0.000566113916839266
104657.736073846,6.23573203601064,0.000565755825530299
104658.736073846,6.01369832470748,0.000565391357106083
104659.736073846,5.79048777591691,0.00056502050953741
104660.736073846,5.56608667396515,0.00056464328047795
104661.736073846,5.3404809960083,0.000564259667311984
104662.736073846,5.11365643885213,0.000563869667251747
104663.736073846,4.88559843882496,0.000563473277393861
104664.736073846,4.65629215632451,0.000563070494653097
104665.736073846,4.42572241941529,0.000562661315577225
104666.736073846,4.193873655847,0.000562245736156086
104667.736073846,3.96072986317654,0.000561823751780823
104668.736073846,3.72627464900413,0.000561395357425501
104669.736073846,3.49049132054045,0.000560960547946668
104670.736073846,3.2533629503606,0.000560519318253849
104671.736073846,3.0148723403994,0.000560071663133041
104672.736073846,2.77500186933359,0.000559617576736756
104673.736073846,2.53373042955637,0.000559157050728808
104674.736073846,2.29103912450567,0.000558690075532462
104675.736073846,2.04690903933006,0.000558216642944362
104676.736073846,1.80132156105931,0.000557736744981457
104677.736073846,1.55425767251989,0.00055725037352213
104678.736073846,1.30570254052313,0.000556757524699429
104679.736073846,1.05563574311963,0.000556258189247079
104680.736073846,0.804032631524618,0.000555752354334833
104681.736073846,0.550868231485792,0.000555240005573429
104682.736073846,0.296119048049987,0.000554721128255491
104683.736073846,0.0397623172137051,0.000554195707878778
104684.736073846,-0.218225219831923,0.000553663730323576
104685.736073846,-0.477867563573382,0.000553125182063844
104686.736073846,-0.739189075088696,0.000552580049967443
104687.736073846,-1.00221873781132,0.000552028316259203
104688.736073846,-1.26698341395198,0.000551469957334284
104689.736073846,-1.5335100395856,0.000550904954252067
104690.736073846,-1.80182529850592,0.000550333287389136
104691.736073846,-2.07195667790784,0.000549754935695286
104692.736073846,-2.34393296309231,0.000549169876914743
104693.736073846,-2.61778402613258,0.000548578087932189
104694.736073846,-2.89353208597098,0.0005479795581728
104695.736073846,-3.17120776470808,0.000547374262845301
104696.736073846,-3.45084808001333,0.000546762169676769
104697.736073846,-3.73249062274222,0.000546143244433477
104698.736073846,-4.01617120945084,0.00054551745188702
104699.736073846,-4.3019247529119,0.000544884757162047
104700.736073846,-4.58979372194766,0.000544245119009773
104701.736073846,-4.87981207492564,0.000543598505792234
104702.736073846,-5.17201996678757,0.000542944869775468
104703.736073846,-5.46645658366158,0.000542284177064904
104704.736073846,-5.76315923022007,0.000541616393685938
104705.736073846,-6.06216669439566,0.000540941480381566
104706.736073846,-6.36350807940615,0.000540259415576631
104707.736073846,-6.66722757299108,0.00053957014726434
104708.736073846,-6.97338059280431,0.000538873609279518
104709.736073846,-7.28202138776187,0.00053816973946632
104710.736073846,-7.59319744816265,0.00053745848480783
104711.736073846,-7.90695312529137,0.000536739796411136
104712.736073846,-8.22334480709411,0.000536013610630462
104713.736073846,-8.5424261680243,0.000535279849190366
104714.736073846,-8.86424102453948,0.000534538478396955
104715.736073846,-9.18884861860445,0.000533789406701574
104716.736073846,-9.51630893152065,0.000533032562686985
104717.736073846,-9.84666660488006,0.000532267911322654
104718.736073846,-10.1799852074971,0.00053149535088496
104719.736073846,-10.5163219926507,0.00053071482973336
104720.736073846,-10.8557427031501,0.000529926244026389
104721.736073846,-11.1983052208616,0.000529129541189127
104722.736073846,-11.5440769577491,0.0005283246130144
104723.736073846,-11.8931198349099,0.000527511399808139
104724.736073846,-12.2455032100974,0.000526689788963026
104725.736073846,-12.6012932188597,0.000525859714089795
104726.736073846,-12.9605599081747,0.000525021061515169
104727.736073846,-13.3233729568789,0.000524173759452776
104728.736073846,-13.689802070209,0.000523317695778182
104729.736073846,-14.059920567172,0.000522452792650682
104730.736073846,-14.4337970373624,0.000521578941097706
104731.736073846,-14.8115088481841,0.000520696055822409
104732.736073846,-15.1931224985702,0.000519804032945177
104733.736073846,-15.5787195418333,0.000518902778908065
104734.736073846,-15.9683711840495,0.000517992196716022
104735.736073846,-16.3621494926174,0.000517072189048054
104736.736073846,-16.7601206537006,0.000516142668471452
104737.736073846,-17.1623535424045,0.000515203546260476
104738.736073846,-17.5689218709505,0.000514254727835816
104739.736073846,-17.9799004486045,0.000513296116741241
104740.736073846,-18.3953601454529,0.000512327620573489
104741.736073846,-18.8153668078216,0.000511349152580336
104742.736073846,-19.2399835632712,0.000510360629441954
104743.736073846,-19.6692721736818,0.000509361970369358
104744.736073846,-20.1032913814539,0.000508353099828617
104745.736073846,-20.5420942984759,0.000507333950903459
104746.736073846,-20.9857276598049,0.000506304465226783
104747.736073846,-21.4342333080902,0.00050526458882997
104748.736073846,-21.8876500667053,0.00050421426683115
104749.736073846,-22.3460141469951,0.00050315344062112
104750.736073846,-22.8093575883573,0.000502082049446815
104751.736073846,-23.2777074829973,0.000501000032308523
104752.736073846,-23.7510772894405,0.000499907346364058
104753.736073846,-24.2294699126983,0.000498803958431776
104754.736073846,-24.7128814500077,0.000497689833231264
104755.736073846,-25.2013003207399,0.000496564930386123
104756.736073846,-25.6947049254711,0.000495429207447229
104757.736073846,-26.1930638204493,0.000494282620648199
104758.736073846,-26.6963370734147,0.000493125121024414
104759.736073846,-27.2044740561178,0.000491956652298687
104760.736073846,-27.7174071809586,0.000490777156291444
104761.736073846,-28.2350483363778,0.000489586580806786
104762.736073846,-28.7572938038005,0.00048838487832658
104763.736073846,-29.2840318107697,0.000487171993230568
104764.736073846,-29.8151389211144,0.000485947851507957
104765.736073846,-30.3504629024599,0.000484712367883482
104766.736073846,-30.88981230012,0.000483465465201687
104767.736073846,-31.4329750372968,0.000482207083280608
104768.736073846,-31.9797529432081,0.000480937165146359
104769.736073846,-32.5299603848168,0.000479655638851935
104770.736073846,-33.0833379606943,0.000478362430217762
104771.736073846,-33.6394995569711,0.000477057479452298
104772.736073846,-34.1981322391206,0.000475740756540617
104773.736073846,-34.7589533800897,0.000474412240479384
104774.736073846,-35.3215854767155,0.000473071918008662
104775.736073846,-35.8856553610373,0.000471719798191421
104776.736073846,-36.4508026135803,0.000470355906323947
104777.736073846,-37.0166555818416,0.00046898028910796
104778.736073846,-37.5828576019772,0.000467592993974716
104779.736073846,-38.1490040173557,0.000466194114174862
104780.736073846,-38.7146981520322,0.000464783773514259
104781.736073846,-39.279576211743,0.000463362117794538
104782.736073846,-39.8432966297347,0.000461929315611442
104783.736073846,-40.4055396745788,0.000460485558909455
104784.736073846,-40.9660272454489,0.000459031060995438
104785.736073846,-41.5245348497834,0.000457566054347074
104786.736073846,-42.0808825685339,0.000456090788872643
104787.736073846,-42.6349273790525,0.000454605529549335
104788.736073846,-43.1865772680786,0.000453110553102148
104789.736073846,-43.7358112713896,0.000451606144705006
104790.736073846,-44.2826760762327,0.000450092595432615
104791.736073846,-44.8272626555445,0.000448570199767208
104792.736073846,-45.3696973866143,0.000447039252210777
104793.736073846,-45.9101615700106,0.000445500043695212
104794.736073846,-46.4489075046405,0.000443952859491637
104795.736073846,-46.9862375444054,0.00044239797856957
104796.736073846,-47.5224642285517,0.000440835672114054
104797.736073846,-48.0579013820971,0.000439266200137059
104798.736073846,-48.5928945746953,0.000437689808875787
104799.736073846,-49.1278372038994,0.000436106732031436
104800.736073846,-49.6631296619009,0.000434517193878907
104801.736073846,-50.1991194782272,0.000432921408797434
104802.736073846,-50.7360967345869,0.000431319576654809
104803.736073846,-51.2743461246895,0.000429711881333101
104804.736073846,-51.8141682157308,0.000428098497658308
104805.736073846,-52.3558139537588,0.000426479599853538
104806.736073846,-52.8994023209606,0.000424855359774312
104807.736073846,-53.4449314012844,0.000423225936993213
104808.736073846,-53.9923680226971,0.000421591478319615
104809.736073846,-54.5416767573671,0.000419952134674376
104810.736073846,-55.0927226673588,0.000418308076127439
104811.736073846,-55.6451740176613,0.000416659482145353
104812.736073846,-56.1985550933265,0.000415006519294512
104813.736073846,-56.7523870312845,0.000413349344943548
104814.736073846,-57.3062081813671,0.000411688142279916
104815.736073846,-57.8592937004879,0.00041002317981903
104816.736073846,-58.4109448917232,0.000408354658499598
104817.736073846,-58.9604102526906,0.000406682794277982
104818.736073846,-59.5068840027658,0.000405007826319354
104819.287849244,-59.8068727071491,0.000404082368543085
104819.632083615,-59.9933930891508,0.0004035045790791
104819.751714503,-60.0580820826684,0.000403303724754023
104819.871345391,-60.1226843040722,0.000403102877166361
104819.990976279,-60.1871908360602,0.000402902053967164
104820.110607167,-60.2515994690906,0.000402701257626776
104820.230238055,-60.3159114962307,0.000402500482431014
104820.460216701,-60.4392771640877,0.00040211455276264
104820.66784141,-60.5503553536124,0.000401766152529336
104820.875466118,-60.6611507435421,0.000401417756233176
104821.083090826,-60.7716575563663,0.000401069361943839
104821.290715534,-60.8818710041274,0.000400720965590306
104821.498340243,-60.9917875340917,0.000400372560416677
104822.451998697,-61.4926775553149,0.000398771903754035
104823.405657151,-61.9867757198163,0.000397170512371198
104824.359315605,-62.473586193239,0.000395568231079763
104825.312974059,-62.9525613876003,0.000393965044397677
104826.312974059,-63.4458037378111,0.00039228313845211
104827.312974059,-63.9291578771883,0.000390600662583199
104828.312974059,-64.4019729064101,0.000388917931931917
104829.312974059,-64.8636673243645,0.000387235277663358
104830.312974059,-65.3137343076,0.000385553040476694
104831.312974059,-65.7517281270522,0.000383871574292462
104832.312974059,-66.1772703336063,0.000382191234409429
104833.312974059,-66.5900425865034,0.000380512379021339
104834.312974059,-66.9897984087725,0.000378835361472265
104835.312974059,-67.3763520130031,0.000377160530643775
104836.312974059,-67.7495838990338,0.000375488225453624
104837.312974059,-68.1094299346257,0.000373818776564073
104838.312974059,-68.4558903762709,0.000372152508093419
104839.312974059,-68.7890136130431,0.000370489733447498
104840.312974059,-69.1088974743062,0.00036883075493985
104841.312974059,-69.4156808302587,0.000367175862439794
104842.312974059,-69.7095519819222,0.000365525337948359
104843.312974059,-69.9907318249317,0.000363879449931261
104844.312974059,-70.2594714015475,0.000362238453966862
104845.312974059,-70.5160476486201,0.000360602593052458
104846.312974059,-70.7607668357157,0.000358972099727591
104847.312974059,-70.9939546470862,0.000357347194106273
104848.312974059,-71.2159499691263,0.000355728083161978
104849.312974059,-71.4271059343002,0.000354114962515628
104850.312974059,-71.627785209289,0.000352508016134755
104851.312974059,-71.8183554881289,0.000350907415929639
104852.312974059,-71.999190032207,0.00034931332361774
104853.312974059,-72.1706634427713,0.000347725889652942
104854.312974059,-72.3331472054551,0.000346145253249747
104855.312974059,-72.4870124028353,0.000344571545180518
104856.312974059,-72.6326251778192,0.000343004885255147
104857.312974059,-72.7703772038074,0.000341445392899545
104858.312974059,-72.9006015081908,0.000339893164095013
104859.312974059,-73.0236290271157,0.000338348288136523
104860.312974059,-73.1397897602755,0.000336810848878202
104861.312974059,-73.2493810432307,0.000335280917865608
104862.312974059,-73.3527239153894,0.000333758567527808
104863.312974059,-73.4501379979407,0.000332243865145433
104864.312974059,-73.5419240667516,0.000330736869282366
104865.312974059,-73.628364196475,0.000329237630420033
104866.312974059,-73.7097268969573,0.000327746192643085
104867.312974059,-73.7862699327461,0.000326262594667548
104868.312974059,-73.858240653194,0.00032478687020758
104869.312974059,-73.9258756233627,0.000323319048144842
104870.312974059,-73.9894005199118,0.000321859152747815
104871.312974059,-74.0490303502581,0.000320407203952446
104872.312974059,-74.1049697917628,0.000318963217650124
104873.312974059,-74.1574135320319,0.000317527205954155
104874.312974059,-74.2065465957749,0.000316099177443933
104875.312974059,-74.2525446756703,0.000314679137393553
104876.312974059,-74.2955744759654,0.000313267087988656
104877.312974059,-74.3357940659362,0.000311863028532052
104878.312974059,-74.3733532370844,0.000310466955637801
104879.312974059,-74.4083938595106,0.000309078863413792
104880.312974059,-74.4410502348177,0.00030769874363326
104881.312974059,-74.4714494437872,0.000306326585895777
104882.312974059,-74.4997116873255,0.000304962377778269
104883.312974059,-74.5259506193367,0.000303606104976506
104884.312974059,-74.5502736704079,0.000302257751437557
104885.312974059,-74.5727823614527,0.000300917299483645
104886.312974059,-74.5935726066965,0.000299584729927884
104887.312974059,-74.6127350055763,0.000298260022182323
104888.312974059,-74.6303551232853,0.000296943154358738
104889.312974059,-74.6465137598228,0.000295634103362603
104890.312974059,-74.661287207519,0.000294332844980622
104891.312974059,-74.6747474971019,0.000293039353962228
104892.312974059,-74.6869626324451,0.000291753604095421
104893.312974059,-74.6979968142023,0.000290475568277294
104894.312974059,-74.7079106525799,0.000289205218579599
104895.312974059,-74.7167613695421,0.000287942526309674
104896.312974059,-74.7246029907698,0.000286687462067038
104897.312974059,-74.7314865277175,0.000285439995795959
104898.312974059,-74.737460150129,0.000284200096834269
104899.312974059,-74.7425693493795,0.000282967733958684
104900.312974059,-74.7468570930209,0.000281742875426901
104901.312974059,-74.7503639709028,0.000280525489016683
104902.312974059,-74.7531283332459,0.000279315542062179
104903.312974059,-74.7551864210332,0.000278113001487668
104904.312974059,-74.7565724890837,0.00027691783383895
104905.312974059,-74.7573189221593,0.000275730005312545
104906.312974059,-74.7574563444509,0.000274549481782888
104907.312974059,-74.7570137227744,0.000273376228827684
104908.312974059,-74.7560184638005,0.000272210211751567
104909.312974059,-74.754496505625,0.000271051395608208
104910.312974059,-74.75247240398,0.000269899745221012
104911.312974059,-74.7499694133697,0.000268755225202507
104912.312974059,-74.7470095634043,0.000267617799972563
104913.312974059,-74.7436137305934,0.000266487433775522
104914.312974059,-74.7398017058473,0.000265364090696349
104915.312974059,-74.735592257925,0.000264247734675894
104916.312974059,-74.7310031930538,0.000263138329525329
104917.312974059,-74.7260514109369,0.000262035838939861
104918.312974059,-74.7207529573531,0.000260940226511754
104919.312974059,-74.7151230735428,0.000259851455742757
104920.312974059,-74.7091762425664,0.000258769490055966
104921.312974059,-74.7029262328088,0.000257694292807176
104922.312974059,-74.6963861387966,0.000256625827295776
104923.312974059,-74.6895684194869,0.000255564056775219
104924.312974059,-74.6824849341753,0.000254508944463101
104925.312974059,-74.6751469761664,0.00025346045355088
104926.312974059,-74.667565304339,0.000252418547213266
104927.312974059,-74.6597501727352,0.000251383188617308
104928.312974059,-74.6517113582908,0.000250354340931182
104929.312974059,-74.6434581868233,0.000249331967332721
104930.312974059,-74.6349995573826,0.000248316031017681
104931.312974059,-74.6263439650676,0.00024730649520777
104932.312974059,-74.6174995224039,0.000246303323158439
104933.312974059,-74.6084739793722,0.000245306478166458
104934.312974059,-74.5992747421753,0.000244315923577269
104935.312974059,-74.5899088908214,0.000243331622792127
104936.312974059,-74.5803831956022,0.000242353539275042
104937.312974059,-74.5707041325353,0.00024138163655951
104938.312974059,-74.5608778978404,0.000240415878255052
104939.312974059,-74.5509104215105,0.000239456228053547
104940.312974059,-74.5408073800398,0.000238502649735372
104941.312974059,-74.5305742083631,0.00023755510717535
104942.312974059,-74.5202161110599,0.000236613564348494
104943.312974059,-74.5097380728718,0.000235677985335566
104944.312974059,-74.4991448685814,0.000234748334328435
104945.312974059,-74.4884410722936,0.000233824575635247
104946.312974059,-74.4776310661622,0.000232906673685397
104947.312974059,-74.4667190485981,0.000231994593034309
104948.312974059,-74.4557090419959,0.000231088298368031
104949.312974059,-74.4446049000112,0.000230187754507626
104950.312974059,-74.4334103144203,0.000229292926413386
104951.312974059,-74.4221288215905,0.00022840377918885
104952.312974059,-74.4107638085885,0.000227520278084633
104953.312974059,-74.3993185189513,0.000226642388502078
104954.312974059,-74.3877960581437,0.000225770075996715
104955.312974059,-74.3761993987233,0.000224903306281547
104956.312974059,-74.3645313852336,0.000224042045230149
104957.312974059,-74.3527947388438,0.000223186258879602
104958.312974059,-74.3409920617519,0.000222335913433244
104959.312974059,-74.3291258413683,0.000221490975263257
104960.312974059,-74.3171984542941,0.000220651410913089
104961.312974059,-74.3052121701075,0.000219817187099712
104962.312974059,-74.2931691549713,0.00021898827071572
104963.312974059,-74.2810714750743,0.000218164628831278
104964.312974059,-74.2689210999146,0.000217346228695917
104965.312974059,-74.2567199054383,0.000216533037740184
104966.312974059,-74.2444696770405,0.000215725023577154
104967.312974059,-74.232172112437,0.000214922154003799
104968.312974059,-74.2198288244166,0.000214124397002234
104969.312974059,-74.2074413434786,0.000213331720740824
104970.312974059,-74.1950111203647,0.000212544093575181
104971.312974059,-74.1825395284885,0.000211761484049036
104972.312974059,-74.1700278662718,0.000210983860894994
104973.312974059,-74.157477359389,0.000210211193035192
104974.312974059,-74.1448891629283,0.00020944344958184
104975.312974059,-74.1322643634707,0.000208680599837672
104976.312974059,-74.1196039810928,0.0002079226132963
104977.312974059,-74.106908971297,0.000207169459642474
104978.312974059,-74.0941802268719,0.000206421108752261
104979.312974059,-74.0814185796862,0.000205677530693142
104980.312974059,-74.0686248024196,0.000204938695724027
104981.312974059,-74.0557996102328,0.000204204574295204
104982.312974059,-74.0429436623797,0.000203475137048214
104983.312974059,-74.0300575637633,0.000202750354815664
104984.312974059,-74.0171418664381,0.000202030198620975
104985.312974059,-74.0041970710609,0.000201314639678079
104986.312974059,-73.9912236282921,0.000200603649391057
104987.312974059,-73.9782219401477,0.00019989719935373
104988.312974059,-73.9651923613065,0.0001991952613492
104989.312974059,-73.9521352003705,0.000198497807349348
104990.312974059,-73.9390507210835,0.000197804809514299
104991.312974059,-73.9259391435058,0.000197116240191839
104992.312974059,-73.9128006451487,0.000196432071916802
104993.312974059,-73.899635362069,0.00019575227741043
104994.312974059,-73.8864433899243,0.000195076829579695
104995.312974059,-73.8732247849909,0.000194405701516606
104996.312974059,-73.8599795651445,0.000193738866497479
104997.312974059,-73.8467077108052,0.000193076297982196
104998.312974059,-73.8334091658473,0.000192417969613443
104999.312974059,-73.8200838384746,0.000191763855215925
105000.312974059,-73.8067316020627,0.000191113928795572
105001.312974059,-73.793352295968,0.000190468164538728
105002.312974059,-73.7799457263052,0.000189826536811335
105003.312974059,-73.7665116666929,0.000189189020158096
105004.312974059,-73.7530498589683,0.000188555589301642
105005.312974059,-73.7395600138726,0.000187926219141685
105006.312974059,-73.7260418117062,0.000187300884754169
105007.312974059,-73.7124949029544,0.000186679561390417
105008.312974059,-73.698918908886,0.000186062224476274
105009.312974059,-73.6853134221221,0.000185448849611255
105010.312974059,-73.6716780071791,0.000184839412567685
105011.312974059,-73.6580122009836,0.000184233889289844
105012.312974059,-73.6443155133606,0.000183632255893118
105013.312974059,-73.6305874274962,0.000183034488663146
105014.312974059,-73.6168274003741,0.000182440564054979
105015.312974059,-73.6030348631864,0.000181850458692237
105016.312974059,-73.5892092217195,0.000181264149366276
105017.312974059,-73.5753498567156,0.000180681613035364
105018.312974059,-73.5614561242094,0.000180102826823856
105019.312974059,-73.5475273558403,0.000179527768021388
105020.312974059,-73.5335628591415,0.00017895641408207
105021.312974059,-73.5195619178051,0.000178388742623694
105022.312974059,-73.5055237919238,0.000177824731426952
105023.312974059,-73.4914477182094,0.000177264358434661
105024.312974059,-73.4773329101886,0.000176707601751002
105025.312974059,-73.4631785583758,0.000176154439640767
105026.312974059,-73.4489838304233,0.000175604850528625
105027.312974059,-73.4347478712495,0.00017505881299839
105028.312974059,-73.4204698031437,0.000174516305792309
105029.312974059,-73.4061487258502,0.000173977307810363
105030.312974059,-73.3917837166285,0.000173441798109578
105031.312974059,-73.3773738302931,0.00017290975590335
105032.312974059,-73.3629180992299,0.000172381160560788
105033.312974059,-73.3484155333913,0.000171855991606065
105034.312974059,-73.3338651202691,0.000171334228717792
105035.312974059,-73.3192658248453,0.000170815851728401
105036.312974059,-73.3046165895209,0.00017030084062354
105037.312974059,-73.2899163340221,0.000169789175541496
105038.312974059,-73.275163955285,0.000169280836772621
105039.312974059,-73.2603583273169,0.00016877580475878
105040.312974059,-73.2454983010362,0.000168274060092815
105041.312974059,-73.2305827040886,0.000167775583518026
105042.312974059,-73.2156103406409,0.000167280355927668
105043.312974059,-73.2005799911514,0.000166788358364465
105044.312974059,-73.1854904121173,0.000166299572020141
105045.312974059,-73.1703403357978,0.000165813978234972
105046.312974059,-73.1551284699141,0.00016533155849735
105047.312974059,-73.139853497324,0.000164852294443376
105048.312974059,-73.1245140756729,0.000164376167856456
105049.312974059,-73.1091088370186,0.000163903160666931
105050.312974059,-73.0936363874314,0.000163433254951718
105051.312974059,-73.0780953065679,0.000162966432933974
105052.312974059,-73.062484147218,0.000162502676982776
105053.312974059,-73.0468014348253,0.000162041969612826
105054.312974059,-73.0310456669792,0.000161584293484177
105055.312974059,-73.0152153128791,0.000161129631401975
105056.312974059,-72.9993088127698,0.000160677966316224
105057.312974059,-72.9833245773464,0.000160229281321581
105058.312974059,-72.9672609871296,0.000159783559657161
105059.312974059,-72.9511163918091,0.000159340784706376
105060.312974059,-72.9348891095551,0.000158900939996789
105061.312974059,-72.9185774262966,0.000158464009199997
105062.312974059,-72.9021795949657,0.000158029976131539
105063.312974059,-72.8856938347068,0.000157598824750827
105064.312974059,-72.8691183300495,0.000157170539161099
105065.312974059,-72.8524512300446,0.000156745103609412
105066.312974059,-72.8356906473607,0.000156322502486644
105067.312974059,-72.8188346573418,0.000155902720327539
105068.312974059,-72.8018812970232,0.00015548574181077
105069.312974059,-72.7848285641048,0.000155071551759041
105070.312974059,-72.76767441588,0.000154660135139212
105071.312974059,-72.7504167681197,0.000154251477062458
105072.312974059,-72.7330534939073,0.000153845562784459
105073.312974059,-72.7155824224259,0.000153442377705627
105074.312974059,-72.6980013376931,0.00015304190737136
105075.312974059,-72.6803079772434,0.000152644137472341
105076.312974059,-72.6625000307549,0.000152249053844863
105077.312974059,-72.6445751386186,0.000151856642471199
105078.312974059,-72.6265308904479,0.000151466889480009
105079.312974059,-72.6083648235253,0.000151079781146786
105080.312974059,-72.5900744211848,0.000150695303894346
105081.312974059,-72.5716571111255,0.000150313444293358
105082.312974059,-72.5531102636561,0.000149934189062921
105083.312974059,-72.5344311898636,0.000149557525071188
105084.312974059,-72.515617139707,0.00014918343933604
105085.312974059,-72.4966653000289,0.000148811919025798
105086.312974059,-72.4775727924838,0.000148442951460007
105087.312974059,-72.4583366713785,0.000148076524110256
105088.312974059,-72.4389539214197,0.000147712624601063
105089.312974059,-72.4194214553662,0.00014735124071082
105090.312974059,-72.3997361115795,0.000146992360372787
105091.312974059,-72.3798946514689,0.000146635971676168
105092.312974059,-72.3598937568258,0.000146282062867233
105093.312974059,-72.3397300270419,0.000145930622350526
105094.312974059,-72.3193999762047,0.000145581638690132
105095.312974059,-72.2989000300663,0.000145235100611023
105096.312974059,-72.2782265228763,0.000144890997000489
105097.312974059,-72.2573756940743,0.000144549316909637
105098.312974059,-72.2363436848341,0.000144210049554987
105099.312974059,-72.2151265344502,0.00014387318432015
105100.312974059,-72.1937201765621,0.000143538710757606
105101.312974059,-72.1721204352038,0.00014320661859057
105102.312974059,-72.150323020672,0.00014287689771497
105103.312974059,-72.128323525202,0.000142549538201528
105104.312974059,-72.1061174184412,0.000142224530297947
105105.312974059,-72.0837000427092,0.00014190186443123
105106.312974059,-72.0610666080323,0.000141581531210108
105107.312974059,-72.0382121869407,0.000141263521427606
105108.312974059,-72.0151317090136,0.000140947826063742
105109.312974059,-71.9918199551599,0.000140634436288371
105110.312974059,-71.9682715516167,0.000140323343464178
105111.312974059,-71.9444809636524,0.000140014539149826
105112.312974059,-71.9204424889535,0.000139708015103281
105113.312974059,-71.8961502506805,0.000139403763285297
105114.312974059,-71.8715981901691,0.0001391017758631
105115.312974059,-71.8467800592582,0.000138802045214256
105116.312974059,-71.8216894122211,0.000138504563930752
105117.312974059,-71.7963195972756,0.000138209324823289
105118.312974059,-71.7706637476457,0.000137916320925804
105119.312974059,-71.7447147721497,0.000137625545500237
105120.312974059,-71.7184653452811,0.00013733699204155
105121.312974059,-71.6919078967532,0.000137050654283013
105122.312974059,-71.6650346004704,0.000136766526201789
105123.312974059,-71.6378373628898,0.000136484602024803
105124.312974059,-71.6103078107329,0.000136204876234949
105125.312974059,-71.5824372780046,0.000135927343577623
105126.312974059,-71.5542167922706,0.000135651999067627
105127.312974059,-71.5256370601462,0.000135378837996451
105128.312974059,-71.4966884519392,0.000135107855939958
105129.312974059,-71.4673609853899,0.000134839048766513
105130.312974059,-71.4376443084436,0.000134572412645557
105131.312974059,-71.407527680988,0.00013430794405668
105132.312974059,-71.3769999554793,0.000134045639799215
105133.312974059,-71.3460495563781,0.000133785497002377
105134.312974059,-71.3146644583063,0.00013352751313601
105135.312974059,-71.28283216283,0.000133271686021953
105136.312974059,-71.250539673765,0.00013301801384609
105137.312974059,-71.2177734708924,0.000132766495171114
105138.312974059,-71.1845194819609,0.000132517128950071
105139.312974059,-71.1507630528437,0.000132269914540727
105140.312974059,-71.1164889157013,0.000132024851720821
105141.312974059,-71.0816811549931,0.000131781940704272
105142.312974059,-71.0463231711623,0.000131541182158401
105143.312974059,-71.0103976418018,0.000131302577222254
105144.312974059,-70.9738864800935,0.0001310661275261
105145.312974059,-70.9367707902896,0.000130831835212206
105146.312974059,-70.8990308199833,0.000130599702956965
105147.312974059,-70.8606459088902,0.000130369733994514
105148.312974059,-70.8215944338354,0.000130141932141935
105149.312974059,-70.7818537496053,0.000129916301826176
105150.312974059,-70.741400125294,0.000129692848112841
105151.312974059,-70.700208675727,0.000129471576736985
105152.312974059,-70.6582532875079,0.000129252494136105
105153.312974059,-70.6155065391779,0.000129035607485495
105154.312974059,-70.5719396149237,0.000128820924736185
105155.312974059,-70.5275222112067,0.000128608454655683
105156.312974059,-70.4822224356128,0.000128398206871772
105157.312974059,-70.4360066971401,0.000128190191919648
105158.312974059,-70.3888395870517,0.000127984421292693
105159.312974059,-70.3406837493129,0.000127780907497234
105160.312974059,-70.2914997395141,0.000127579664111671
105161.312974059,-70.2412458710425,0.000127380705850388
105162.312974059,-70.1898780471096,0.000127184048632925
105163.312974059,-70.1373495770627,0.000126989709658944
105164.312974059,-70.0836109752001,0.000126797707489571
105165.312974059,-70.0286097400741,0.000126608062135781
105166.312974059,-69.9722901119885,0.000126420795154585
105167.312974059,-69.914592806082,0.000126235929753834
105168.312974059,-69.8554547180161,0.000126053490906623
105169.312974059,-69.794808598857,0.000125873505476342
105170.312974059,-69.7325826952393,0.00012569600235361
105171.312974059,-69.6687003503069,0.000125521012606481
105172.312974059,-69.6030795602375,0.000125348569645485
105173.312974059,-69.5356324803387,0.000125178709405344
105174.312974059,-69.4662648737391,0.0001250114705454
105175.312974059,-69.3948754945492,0.00012484689467117
105176.312974059,-69.3213553960035,0.000124685026579756
105177.312974059,-69.245587152458,0.000124525914532283
105178.312974059,-69.1674439821544,0.000124369610557082
105179.312974059,-69.0867887552945,0.000124216170787863
105180.312974059,-69.0034728690977,0.000124065655841941
105181.312974059,-68.9173349680227,0.000123918131244363
105182.312974059,-68.8281994830582,0.000123773667904872
105183.312974059,-68.7358749587393,0.000123632342655899
105184.312974059,-68.6401521300448,0.0001234942388613
105185.312974059,-68.5408017032625,0.000123359447107438
105186.312974059,-68.4375717848058,0.000123228065990499
105187.312974059,-68.3301848892567,0.00012310020301681
105188.312974059,-68.2183344417982,0.000122975975636426
105189.312974059,-68.1016806696451,0.000122855512434718
105190.312974059,-67.9798457506396,0.000122738954512241
105191.312974059,-67.8524080529107,0.000122626457090284
105192.312974059,-67.7188952546804,0.000122518191388522
105193.312974059,-67.57877607417,0.000122414346832911
105194.312974059,-67.4314502607629,0.00012231513366715
105195.312974059,-67.276236392464,0.000122220786061026
105196.312974059,-67.1123568801765,0.000122131565835481
105197.312974059,-66.9389193800581,0.000122047766959832
105198.312974059,-66.7548935368678,0.000121969721024938
105199.312974059,-66.5590815867511,0.000121897803962666
105200.312974059,-66.3500807801635,0.000121832444374926
105201.312974059,-66.1262347544735,0.000121774133967295
105202.312974059,-65.8855697461666,0.000121723440772261
105203.312974059,-65.6257096455757,0.000121681026126433
105204.312974059,-65.3437609589394,0.000121647666785257
105205.312974059,-65.0361540516872,0.000121624284202769
105206.312974059,-64.6984193450769,0.000121611984019582
105207.312974059,-64.324864090172,0.000121612110452117
105208.312974059,-63.9080924409639,0.000121626323048018
105209.312974059,-63.4382697021612,0.000121656708113774
105210.312974059,-62.9019515727685,0.000121705945964554
105211.312974059,-62.2801377433166,0.000121777572180589
105212.312974059,-61.5424781636344,0.000121876600948733
105213.312974059,-60.6417943509577,0.000122010176625084
105214.312974059,-59.5011032356713,0.000122188899625991
105215.067711887,-58.3996608273999,0.000122363721032485
105215.694191502,-57.2407426019306,0.000122544425633903
105216.205976304,-56.0424239499188,0.000122724469972905
105216.629438092,-54.7926246842175,0.00012290324829463
105217.052899881,-53.1828705732575,0.000123119476610738
105217.353352928,-51.7126484180522,0.000123304311653865
105217.598559139,-50.2123516040021,0.000123482197995097
105217.843765351,-48.3219102635874,0.000123694320435855
105218.027588623,-46.5498408509066,0.000123884809233187
105218.211411895,-44.3651769935327,0.000124114441690545
105218.354414101,-42.3043599362878,0.000124331695046169
105218.497416307,-39.87018111201,0.000124598381612125
105218.640418513,-37.0425336635279,0.000124937930777871
105218.783420719,-33.8737126997628,0.000125387038045498
105218.926422925,-30.5188019896988,0.000125999480645671
105219.038580296,-27.9055038324535,0.000126637817161058
105219.150737666,-25.423983585743,0.000127453645563055
105219.262895036,-23.1255537930964,0.000128475718942967
105219.375052406,-21.0046365362084,0.000129721803794564
105219.466705042,-19.3734523547047,0.000130910877070315
105219.558357678,-17.7966972429473,0.000132249847212369
105219.650010314,-16.2452219677195,0.000133731144336377
105219.74166295,-14.6980440003725,0.000135344033596078
105219.833315586,-13.1416260649843,0.000137075108877677
105219.994666736,-10.3658443268462,0.000140359331890053
105220.042910361,-9.52382857584992,0.000141389207928592
105220.091153987,-8.67871260639122,0.000142435776111037
105220.139397613,-7.83173559406998,0.000143496168526281
105220.187641238,-6.98406126687033,0.000144567596231867
105220.235884864,-6.13705173913447,0.000145647266923945
105220.310462818,-4.83269647068209,0.000147326093462672
105220.385040773,-3.53964536339459,0.00014900813417609
105220.459618727,-2.26385259693694,0.000150684119979749
105220.534196682,-1.01095812708716,0.000152345612231424
105220.608774637,0.213944786635091,0.000153985142212906
105220.687401379,1.47014891128305,0.000155682792283253
105220.766028121,2.68604420030007,0.000157342668150201
105220.844654863,3.85836833149352,0.000158959984084798
105220.923281605,4.9848167224444,0.00016053127513778
105221.001908348,6.06397412281735,0.000162054298173832
105221.08053509,7.09523110314692,0.00016352792806981
105221.208892197,8.67626532695492,0.000165827390811434
105221.337249305,10.1337859001861,0.000167999131654225
105221.465606412,11.4745658538229,0.00017005158759915
105221.59396352,12.7071554511416,0.000171995862770522
105221.722320627,13.8408433644746,0.000173844289674111
105221.850677735,14.8849485682697,0.00017560941487322
105222.039088935,16.2733502290905,0.000178074034936676
105222.227500136,17.5119477782696,0.000180418053270552
105222.410614662,18.5909853596525,0.000182606143809276
105222.593729189,19.5613644109004,0.00018472454134481
105222.716974908,20.1591608088008,0.000186118679391122
105222.818515507,20.6204293084828,0.000187250790972358
105222.920056105,21.0548709179855,0.000188369574306957
105223.021596704,21.4637209500237,0.00018947635671024
105223.123137302,21.8481136769479,0.000190572276613384
105223.206304628,22.1454688506576,0.000191462487628221
105223.289471953,22.4276554273565,0.000192346513565492
105223.372639278,22.6951937900444,0.000193224766787531
105223.455806604,22.948593043003,0.000194097627408383
105223.538973929,23.1883522044969,0.000194965445423025
105223.65649194,23.5048354288443,0.000196183727423926
105223.774009951,23.7964218625854,0.000197393423491802
105223.891527962,24.0644475199471,0.000198595300065578
105224.009045973,24.3102284731248,0.000199790066413169
105224.126563984,24.535058822764,0.000200978380643643
105224.244081995,24.7402058157034,0.000202160852382707
105224.409164046,24.9975004759282,0.000203813121395661
105224.574246097,25.2217023530757,0.000205456390382868
105224.739328148,25.4159806013304,0.000207091923518593
105224.904410199,25.5833356623462,0.000208720831851724
105225.06949225,25.7265813310441,0.000210344077129314
105225.234574301,25.8483427427077,0.000211962479803238
105225.519490328,26.0149790833234,0.00021474625331059
105225.804406355,26.1359917924341,0.000217520286682586
105226.089322382,26.2209204337555,0.000220286278683605
105226.374238409,26.2777440033713,0.000223045082630319
105226.659154437,26.3130345823229,0.000225796845594956
105226.944070464,26.3321267729155,0.000228541137391496
105227.308486024,26.3396509863433,0.000232038835096099
105227.672901584,26.3343500403034,0.000235520147877968
105228.037317144,26.3210011206121,0.000238981744816003
105228.401732704,26.3028703313474,0.000242419945620592
105228.766148264,26.2820867328098,0.000245830933586278
105229.130563824,26.2599387461879,0.000249210918270753
105229.684721051,26.225178254495,0.000254283308983723
105230.238878277,26.1895311559675,0.000259264121040473
105230.793035504,26.1526032791354,0.00026414365691569
105231.34719273,26.1137937212566,0.000268914437059311
105231.901349957,26.0726261450678,0.000273571178284792
105232.455507183,26.0288459070035,0.000278110622263188
105233.455507183,25.9435372492261,0.000286001542171459
105234.455507183,25.8522590610538,0.000293510447264222
105235.455507183,25.7599360518917,0.000300653348607057
105236.455507183,25.6730041310621,0.00030745309155592
105237.455507183,25.5975219755244,0.000313935317358606
105238.455507183,25.5379922541923,0.000320125913567133
105239.455507183,25.4974324057302,0.000326049672884028
105240.455507183,25.4779931899396,0.000331729592388255
105241.455507183,25.4811522667102,0.000337186338381479
105242.455507183,25.5073552269411,0.000342437903909408
105243.455507183,25.5561288025602,0.000347499715651741
105244.455507183,25.6264009916187,0.000352385004983037
105245.455507183,25.7167773635329,0.000357105189664426
105246.455507183,25.8256992954468,0.000361670163776391
105247.455507183,25.9515218129263,0.000366088523107785
105248.455507183,26.0925619944939,0.000370367772191033
105249.455507183,26.247141809078,0.000374514523842933
105250.455507183,26.4136271965351,0.000378534678054312
105251.455507183,26.590458265687,0.000382433568585745
105252.455507183,26.7761675132788,0.000386216076682998
105253.455507183,26.9693871291632,0.000389886718309274
105254.455507183,27.1688490923183,0.000393449712091705
105255.455507183,27.3733819051787,0.000396909033109809
105256.455507183,27.5819063171841,0.000400268455524057
105257.455507183,27.7934307674395,0.000403531585827714
105258.455507183,28.0070464817327,0.000406701888122433
105259.455507183,28.2219221635532,0.000409782702845709
105260.455507183,28.4372984861314,0.000412777260410485
105261.455507183,28.652491142757,0.000415688703430032
105262.455507183,28.866870105586,0.000418520070678352
105263.455507183,29.07985385793,0.000421274297845067
105264.455507183,29.290914602905,0.000423954239287678
105265.455507183,29.4995795811683,0.000426562678999128
105266.455507183,29.705424866355,0.000429102323974513
105267.455507183,29.9080676034742,0.000431575796143584
105268.455507183,30.1071616479151,0.00043398563293571
105269.455507183,30.3023963664972,0.000436334292265283
105270.455507183,30.4934959042369,0.000438624155018057
105271.455507183,30.6802172087259,0.000440857524013404
105272.455507183,30.8623470024271,0.000443036622442499
105273.455507183,31.0396988981656,0.000445163593823649
105274.455507183,31.212111405105,0.000447240503376889
105275.455507183,31.3794467777705,0.000449269339478826
105276.455507183,31.5415899504303,0.000451252010408636
105277.455507183,31.6984435172937,0.000453190352186959
105278.455507183,31.8499318454501,0.00045508613078558
105279.455507183,31.9959987773629,0.000456941041555635
105280.455507183,32.1366040117669,0.00045875670769573
105281.455507183,32.2717213795921,0.00046053468100752
105282.455507183,32.4013371718423,0.000462276445909076
105283.455507183,32.5254520646993,0.000463983423610474
105284.455507183,32.6440758713899,0.000465656967855444
105285.455507183,32.7572299666457,0.000467298371673333
105286.455507183,32.8649464060354,0.000468908871647226
105287.455507183,32.9672659848008,0.000470489647778174
105288.455507183,33.064237065417,0.000472041823954037
105289.455507183,33.1559143696863,0.000473566470729027
105290.455507183,33.2423595145513,0.000475064609018478
105291.455507183,33.3236392655923,0.000476537208120948
105292.455507183,33.3998254476536,0.000477985191366444
105293.455507183,33.4709945951915,0.000479409440088666
105294.455507183,33.5372268197571,0.000480810790235724
105295.455507183,33.598605074715,0.000482190037981665
105296.455507183,33.6552150688484,0.000483547939098335
105297.455507183,33.7071443762059,0.000484885213486393
105298.455507183,33.7544830120077,0.000486202544279263
105299.455507183,33.7973220356079,0.000487500582184029
105300.455507183,33.835753706189,0.000488779944718813
105301.455507183,33.8698701959106,0.000490041219181324
105302.455507183,33.899765116032,0.000491284962778045
105303.455507183,33.9255317156295,0.000492511706285476
105304.455507183,33.9472631641199,0.00049372195365613
105305.455507183,33.9650511850987,0.000494916183516285
105306.455507183,33.9789880111381,0.000496094850415893
105307.455507183,33.9891657389237,0.000497258386920797
105308.455507183,33.9956747748729,0.000498407204488525
105309.455507183,33.9986036385425,0.000499541693647715
105310.455507183,33.9980401188316,0.0005006622251004
105311.455507183,33.9940717713262,0.000501769152334282
105312.455507183,33.9867844816612,0.000502862811862214
105313.455507183,33.9762607672866,0.000503943522835146
105314.455507183,33.9625816919702,0.000505011587070444
105315.455507183,33.9458296919705,0.000506067292210704
105316.455507183,33.9260856737682,0.000507110915143342
105317.455507183,33.9034244259976,0.000508142718148995
105318.455507183,33.8779185514017,0.0005091629483342
105319.455507183,33.8496429677492,0.000510171840495197
105320.455507183,33.8186727215504,0.00051116962119555
105321.455507183,33.7850775866949,0.000512156507823097
105322.455507183,33.7489224825473,0.000513132704637351
105323.455507183,33.7102772000246,0.000514098418295737
105324.455507183,33.669206937708,0.000515053825453612
105325.455507183,33.6257739834931,0.000515999098255835
105326.455507183,33.5800378486253,0.000516934403984065
105327.455507183,33.532056647578,0.000517859902440232
105328.455507183,33.4818879351347,0.0005187757460081
105329.455507183,33.4295854728074,0.000519682071362966
105330.455507183,33.3752041261103,0.000520579020608358
105331.455507183,33.318797560897,0.00052146673286696
105332.455507183,33.260417249941,0.000522345337510717
105333.455507183,33.2001132407502,0.000523214955507608
105334.455507183,33.1379332977503,0.000524075701530851
105335.455507183,33.073926145789,0.000524927693588933
105336.455507183,33.0081352202784,0.000525771032647292
105337.455507183,32.9405941967714,0.000526605808289417
105338.455507183,32.8713473068068,0.000527432117290939
105339.455507183,32.8004494379516,0.000528250063965461
105340.455507183,32.727936752973,0.000529059732998905
105341.455507183,32.6538359707822,0.000529861199302095
105342.455507183,32.5781855932657,0.000530654541871207
105343.455507183,32.5010326228179,0.000531439849003662
105344.455507183,32.4224013447705,0.00053221718582464
105345.455507183,32.3423246589889,0.000532986620466111
105346.455507183,32.2608361806305,0.000533748221595135
105347.455507183,32.1779683284242,0.00053450205424569
105348.455507183,32.0937511245224,0.00053524818087659
105349.455507183,32.0082204590113,0.000535986666201987
105350.455507183,31.9213950455004,0.000536717557882061
105351.455507183,31.8333009510164,0.000537440907685714
105352.455507183,31.7439654247408,0.000538156767928422
105353.455507183,31.6534143701066,0.000538865189124683
105354.455507183,31.5616724159893,0.000539566218510223
105355.455507183,31.468762774162,0.000540259901388008
105356.455507183,31.3747080429094,0.0005409462801575
105357.455507183,31.2795295855854,0.000541625396457786
105358.455507183,31.1832485358631,0.000542297288746512
105359.455507183,31.0858846190567,0.000542961995702043
105360.455507183,30.9874618414579,0.000543619557421606
105361.455507183,30.8879930459135,0.000544270002391778
105362.455507183,30.7874957926812,0.000544913362573218
105363.455507183,30.6859883476466,0.00054554967054262
105364.455507183,30.5834881611974,0.000546178957472935
105365.455507183,30.4800116603434,0.000546801252779914
105366.455507183,30.3755744854112,0.000547416584206933
105367.455507183,30.2701916103974,0.000548024978279389
105368.455507183,30.1638774705429,0.000548626460283744
105369.455507183,30.0566459476727,0.000549221054536506
105370.455507183,29.948510439258,0.000549808784216181
105371.455507183,29.8394838251236,0.000550389671614899
105372.455507183,29.7295785307785,0.000550963737959427
105373.455507183,29.6188064971852,0.000551531003662751
105374.455507183,29.5071792369673,0.000552091488157151
105375.455507183,29.3947078113399,0.000552645210121106
105376.455507183,29.2814028766038,0.000553192187340681
105377.455507183,29.1672746701511,0.000553732436895885
105378.455507183,29.0523330463278,0.000554265975061338
105379.455507183,28.9365874710399,0.00055479281744607
105380.455507183,28.8200470479956,0.000555312978934822
105381.455507183,28.7027205200425,0.000555826473784792
105382.455507183,28.5846162880767,0.000556333315600863
105383.455507183,28.4657424167195,0.00055683351739905
105384.455507183,28.3461077228449,0.000557327092938663
105385.455507183,28.225719543136,0.000557814054085882
105386.455507183,28.1045843127963,0.000558294411403977
105387.455507183,27.9827083781523,0.000558768175115399
105388.455507183,27.860098185305,0.000559235355449564
105389.455507183,27.7367604187541,0.00055969596303992
105390.455507183,27.6126999141117,0.000560150005311542
105391.455507183,27.4879226528408,0.000560597491587588
105392.455507183,27.3624345733958,0.000561038431057778
105393.455507183,27.2362419447482,0.000561472833395935
105394.455507183,27.1093498281939,0.000561900706510458
105395.455507183,26.9817625238341,0.000562322057205183
105396.455507183,26.8534842179821,0.000562736892052582
105397.455507183,26.7245191567201,0.000563145217695945
105398.455507183,26.5948715212469,0.000563547040688717
105399.455507183,26.464545298193,0.000563942367277134
105400.455507183,26.3335442373855,0.00056433120333593
105401.455507183,26.2018718618569,0.000564713554413795
105402.455507183,26.0695314894443,0.000565089425789049
105403.455507183,25.9365262517359,0.000565458822497887
105404.455507183,25.8028591069827,0.000565821749344819
105405.455507183,25.668532845432,0.000566178210908832
105406.455507183,25.5335500891418,0.000566528211549779
105407.455507183,25.3979132913469,0.000566871755416038
105408.455507183,25.2616247389297,0.000567208846454261
105409.455507183,25.1246865576564,0.000567539488420743
105410.455507183,24.9871007177716,0.00056786368489262
105411.455507183,24.8488690383153,0.000568181439277554
105412.455507183,24.7099931902005,0.00056849275482203
105413.455507183,24.5704746988805,0.000568797634619207
105414.455507183,24.4303149471795,0.000569096081616928
105415.455507183,24.2895151783211,0.00056938809862585
105416.455507183,24.1480764989352,0.000569673688327399
105417.455507183,24.0059998818796,0.000569952853281341
105418.455507183,23.8632861688509,0.000570225595932992
105419.455507183,23.7199360728326,0.000570491918620161
105420.455507183,23.5759501804322,0.000570751823579892
105421.455507183,23.4313289541265,0.000571005312955031
105422.455507183,23.2860727344147,0.000571252388800586
105423.455507183,23.1401817418733,0.00057149305308988
105424.455507183,22.9936560791049,0.000571727307720505
105425.455507183,22.8464957325869,0.000571955154520075
105426.455507183,22.6987005744204,0.000572176595251797
105427.455507183,22.5502703639895,0.000572391631619853
105428.455507183,22.4012047495327,0.000572600265274621
105429.455507183,22.2515032696288,0.000572802497817718
105430.455507183,22.1011653546002,0.000572998330806885
105431.455507183,21.9501903278342,0.000573187765760701
105432.455507183,21.7985774070247,0.000573370804163147
105433.455507183,21.6463257053371,0.000573547447468016
105434.455507183,21.4934342324985,0.00057371769710317
105435.455507183,21.3399018958149,0.00057388155447466
105436.455507183,21.1857275011179,0.000574039020970689
105437.455507183,21.0309097536417,0.000574190097965453
105438.455507183,20.8754472588325,0.000574334786822834
105439.455507183,20.7193385230926,0.000574473088899963
105440.455507183,20.5625819544586,0.000574605005550649
105441.455507183,20.4051758632174,0.000574730538128689
105442.455507183,20.2471184624602,0.000574849687991038
105443.455507183,20.0884078685753,0.000574962456500865
105444.455507183,19.9290421016819,0.000575068845030484
105445.455507183,19.769019086005,0.000575168854964158
105446.455507183,19.6083366501932,0.000575262487700797
105447.455507183,19.4469925275792,0.000575349744656525
105448.455507183,19.2849843563854,0.000575430627267139
105449.455507183,19.1223096798732,0.000575505136990452
105450.455507183,18.9589659464395,0.000575573275308516
105451.455507183,18.794950509658,0.000575635043729742
105452.455507183,18.6302606282676,0.000575690443790897
105453.455507183,18.4648934661091,0.000575739477058998
105454.455507183,18.2988460920079,0.00057578214513309
105455.455507183,18.1321154796056,0.000575818449645913
105456.455507183,17.9646985071398,0.000575848392265464
105457.455507183,17.7965919571722,0.000575871974696437
105458.455507183,17.6277925162651,0.00057588919868157
105459.455507183,17.4582967746065,0.000575900066002861
105460.455507183,17.2881012255844,0.000575904578482692
105461.455507183,17.1172022653088,0.000575902737984828
105462.455507183,16.9455961920828,0.000575894546415312
105463.455507183,16.7732783776266,0.000575880004128859
105464.455507183,16.6002441296872,0.00057585911180215
105465.455507183,16.4264888729397,0.000575831869551973
105466.455507183,16.2520078473352,0.000575798276018542
105467.455507183,16.0767960723191,0.000575758329596583
105468.455507183,15.9008493816949,0.000575712028222397
105469.455507183,15.724162430021,0.000575659371035546
105470.455507183,15.5467290507865,0.000575600357289328
105471.455507183,15.3685431378217,0.000575534986026752
105472.455507183,15.189599004714,0.00057546325642266
105473.455507183,15.0098911522003,0.000575385167898484
105474.455507183,14.8294139289573,0.000575300719929175
105475.455507183,14.648161422392,0.000575209911904891
105476.455507183,14.4661275442546,0.000575112743189498
105477.455507183,14.2833061275474,0.000575009213237336
105478.455507183,14.0996909433797,0.000574899321628258
105479.455507183,13.9152756682123,0.000574783068024206
105480.455507183,13.7300538576698,0.000574660452122255
105481.455507183,13.5440189435862,0.000574531473644754
105482.455507183,13.3571642400147,0.00057439613235419
105483.455507183,13.1694829451876,0.000574254428067036
105484.455507183,12.9809681389176,0.000574106360655589
105485.455507183,12.7916127791709,0.000573951930039732
105486.455507183,12.6014096985692,0.000573791136173985
105487.455507183,12.410351600178,0.000573623979036633
105488.455507183,12.2184310538934,0.000573450458627978
105489.455507183,12.0256404954557,0.000573270574978819
105490.455507183,11.8319722272324,0.000573084328159321
105491.455507183,11.6374184168296,0.000572891718274314
105492.455507183,11.4419710907937,0.000572692745441941
105493.455507183,11.2456221258156,0.000572487409770658
105494.455507183,11.0483632435382,0.000572275711355608
105495.455507183,10.8501860124824,0.00057205765029898
105496.455507183,10.6510818531968,0.000571833226732774
105497.455507183,10.4510420377761,0.000571602440813402
105498.455507183,10.2500576786178,0.000571365292680239
105499.455507183,10.0481197118151,0.000571121782407779
105500.455507183,9.84521888803516,0.000570871909996198
105501.455507183,9.64134577907621,0.000570615675415474
105502.455507183,9.43649079328909,0.000570353078663931
105503.455507183,9.23064418112495,0.000570084119774752
105504.455507183,9.0237960169916,0.000569808798740278
105505.455507183,8.81593616487308,0.000569527115402509
105506.455507183,8.60705425478069,0.000569239069408234
105507.455507183,8.39713969376662,0.000568944660288077
105508.455507183,8.18618170576162,0.000568643887606262
105509.455507183,7.97416936208274,0.000568336751037572
105510.455507183,7.76109156196875,0.000568023250259065
105511.455507183,7.54693696142864,0.000567703384699742
105512.455507183,7.33169390144791,0.000567377153349636
105513.455507183,7.11535040349884,0.00056704455483182
105514.455507183,6.89789425332971,0.000566705587738698
105515.455507183,6.67931109184746,0.00056636025064509
105516.455507183,6.45958837640341,0.000566008543029684
105517.455507183,6.23871356101549,0.000565650463084875
105518.455507183,6.01667433223112,0.000565286008803553
105519.455507183,5.79346162877431,0.000564915178859593
105520.455507183,5.56906232323381,0.000564537971332205
105521.455507183,5.34345990813781,0.000564154383089399
105522.455507183,5.11663776981805,0.000563764410481855
105523.455507183,4.88858104440727,0.000563368050696959
105524.455507183,4.65927591423352,0.000562965301636189
105525.455507183,4.42870539090479,0.000562556159395005
105526.455507183,4.19685351211396,0.000562140618684271
105527.455507183,3.96370422461685,0.000561718674229552
105528.455507183,3.72924201876112,0.000561290321211896
105529.455507183,3.49345123470381,0.000560855555301523
105530.455507183,3.25632004077924,0.00056041437482403
105531.455507183,3.01783171914948,0.000559966775328861
105532.455507183,2.77796554001124,0.000559512749578403
105533.455507183,2.53670037933257,0.000559052288331698
105534.455507183,2.2940166683172,0.000558585381952692
105535.455507183,2.04989327901781,0.000558112021479917
105536.455507183,1.80431076253208,0.000557632196838825
105537.455507183,1.55724959788091,0.000557145900431369
105538.455507183,1.30869072113024,0.000556653124370569
105539.455507183,1.05861451070282,0.000556153859754797
105540.455507183,0.807000084135668,0.000555648096123289
105541.455507183,0.553831144585154,0.000555135827237438
105542.455507183,0.299084997786772,0.000554617039208898
105543.455507183,0.0427341442346648,0.000554091714671035
105544.455507183,-0.215248635910926,0.000553559836805229
105545.455507183,-0.474887786870361,0.000553021391171549
105546.455507183,-0.736206329618899,0.000552476364676725
105547.455507183,-0.999232887765402,0.000551924739378206
105548.455507183,-1.26399479125149,0.000551366490512534
105549.455507183,-1.53051938215425,0.000550801599198268
105550.455507183,-1.79883313065653,0.000550230046402053
105551.455507183,-2.0689629954877,0.000549651812100918
105552.455507183,-2.34093731708131,0.000549066875040145
105553.455507183,-2.61477691087194,0.000548475225846287
105554.455507183,-2.89051161416012,0.000547876840624391
105555.455507183,-3.16817836410524,0.000547271688047491
105556.455507183,-3.44781447348459,0.000546659735113994
105557.455507183,-3.72945461818968,0.000546040948668945
105558.455507183,-4.01313256978114,0.000545415295059676
105559.455507183,-4.29888934844001,0.000544782736651191
105560.455507183,-4.58676227700161,0.000544143229323467
105561.455507183,-4.87678772813163,0.000543496743458149
105562.455507183,-5.16900036539399,0.000542843249330494
105563.455507183,-5.46343605545506,0.000542182713058707
105564.455507183,-5.76013367074931,0.000541515095527565
105565.455507183,-6.05912725320619,0.000540840372498719
105566.455507183,-6.36046718032132,0.00054015847129957
105567.455507183,-6.66420424009781,0.000539469338268848
105568.455507183,-6.97038399438843,0.000538772925400743
105569.455507183,-7.27905016410995,0.00053806918434867
105570.455507183,-7.5902320528106,0.000537358094050786
105571.455507183,-7.90397580628211,0.000536639599942729
105572.455507183,-8.22034408952144,0.000535913628016701
105573.455507183,-8.53939611740869,0.000535180105962608
105574.455507183,-8.86118532441329,0.000534438966509621
105575.455507183,-9.18576350257015,0.000533690144268009
105576.455507183,-9.51319723289289,0.000532933557552055
105577.455507183,-9.843538506953,0.00053216914177717
105578.455507183,-10.1768421564736,0.000531396829198229
105579.455507183,-10.5131663499922,0.000530616547338958
105580.455507183,-10.8525776481108,0.00052982819376068
105581.455507183,-11.1951307309667,0.000529031725477655
105582.455507183,-11.5408926319538,0.000528227033574364
105583.455507183,-11.8899253169532,0.00052741406062677
105584.455507183,-12.2422981633522,0.00052659269207713
105585.455507183,-12.5980775874667,0.000525762863899715
105586.455507183,-12.9573331960595,0.000524924461233126
105587.455507183,-13.3201346361302,0.000524077415052451
105588.455507183,-13.6865511415341,0.000523221611660631
105589.455507183,-14.056656406954,0.00052235697515368
105590.455507183,-14.4305185751116,0.000521483394475963
105591.455507183,-14.8082157550831,0.000520600785726954
105592.455507183,-15.18981381819,0.000519709043031111
105593.455507183,-15.5753952163161,0.000518808074226567
105594.455507183,-15.9650308337875,0.000517897782041809
105595.455507183,-16.3587926050644,0.000516978068990571
105596.455507183,-16.7567466997238,0.000516048847407078
105597.455507183,-17.1589616115922,0.000515110028922156
105598.455507183,-17.5655110109758,0.000514161519321281
105599.455507183,-17.976470228074,0.00051320322182991
105600.455507183,-18.3919105886115,0.000512235043349233
105601.455507183,-18.8118978676413,0.000511256896859431
105602.455507183,-19.2364948639089,0.000510268699414268
105603.455507183,-19.6657631869092,0.000509270370844634
105604.455507183,-20.0997615982806,0.000508261836123788
105605.455507183,-20.5385431761581,0.000507243028589003
105606.455507183,-20.9821546207399,0.000506213889702245
105607.455507183,-21.4306379958941,0.000505174364764418
105608.455507183,-21.8840325887049,0.00050412439789705
105609.455507183,-22.3423749387802,0.000503063929923647
105610.455507183,-22.8056970085328,0.000501992900358058
105611.455507183,-23.2740260456578,0.000500911248364631
105612.455507183,-23.7473756163054,0.000499818931158623
105613.455507183,-24.2257483351597,0.000498715916197893
105614.455507183,-24.7091396919747,0.000497602169578575
105615.455507183,-25.1975377481958,0.000496477651816731
105616.455507183,-25.6909214506332,0.000495342319266271
105617.455507183,-26.189260611301,0.000494196125299945
105618.455507183,-26.6925160203508,0.000493039019406797
105619.455507183,-27.2006362644787,0.000491870947458331
105620.455507183,-27.713552214657,0.000490691855390942
105621.455507183,-28.2311754154945,0.000489501692397515
105622.455507183,-28.7534037867085,0.000488300407492939
105623.455507183,-29.2801274370915,0.000487087940488708
105624.455507183,-29.8112226750854,0.000485864217346801
105625.455507183,-30.3465351270795,0.000484629157560105
105626.455507183,-30.8858724609951,0.000483382687339192
105627.455507183,-31.4290250481887,0.000482124743568877
105628.455507183,-31.9757978636009,0.000480855263581514
105629.455507183,-32.5260041679241,0.000479574175121248
105630.455507183,-33.079379521142,0.000478281409883176
105631.455507183,-33.6355356903743,0.000476976912313685
105632.455507183,-34.1941652801767,0.000475660648153289
105633.455507183,-34.7549890126758,0.00047433259194676
105634.455507183,-35.317628072344,0.000472992730119965
105635.455507183,-35.8817074188105,0.00047164107333054
105636.455507183,-36.4468669319018,0.000470277647310073
105637.455507183,-37.0127354974103,0.000468902498254163
105638.455507183,-37.5789561962768,0.000467515673288153
105639.455507183,-38.1451239017392,0.000466117265429979
105640.455507183,-38.7108419421747,0.000464707398303009
105641.455507183,-39.2757467821267,0.000463286217403555
105642.455507183,-39.839496624096,0.000461853891006714
105643.455507183,-40.4017710816365,0.000460410610794958
105644.455507183,-40.9622917189099,0.00045895658983755
105645.455507183,-41.5208341875652,0.000457492060371774
105646.455507183,-42.0772184805383,0.000456017272079806
105647.455507183,-42.6313008281131,0.000454532489739951
105648.455507183,-43.1829884244921,0.000453037989892285
105649.455507183,-43.732260225646,0.000451534057534073
105650.455507183,-44.2791632261219,0.000450020983594984
105651.455507183,-44.8237880786093,0.000448499062459832
105652.455507183,-45.3662600813452,0.000446968588551611
105653.455507183,-45.906759825455,0.000445429852703574
105654.455507183,-46.445540060697,0.000443883140090299
105655.455507183,-46.9829038759416,0.000442328729650296
105656.455507183,-47.5191633880447,0.000440766892602768
105657.455507183,-48.0546310388365,0.000439197888963375
105658.455507183,-48.5896519057803,0.00043762196488358
105659.455507183,-49.1246206929893,0.000436039353986712
105660.455507183,-49.6599392410132,0.000434450280616516
105661.455507183,-50.1959545439462,0.000432854959310729
105662.455507183,-50.7329548132339,0.000431253589947204
105663.455507183,-51.271224496271,0.000429646356195847
105664.455507183,-51.8110666328969,0.000428033432731813
105665.455507183,-52.3527345095243,0.000426414993971846
105666.455507183,-52.8963462122946,0.000424791212092129
105667.455507183,-53.4418971254088,0.000423162246574021
105668.455507183,-53.9893541191649,0.000421528243680803
105669.455507183,-54.5386856331123,0.000419889354040841
105670.455507183,-55.0897597228023,0.000418245748195459
105671.455507183,-55.642242719192,0.000416597606195468
105672.455507183,-56.195655107682,0.000414945094212901
105673.455507183,-56.7495187337478,0.000413288368472261
105674.455507183,-57.3033771722961,0.000411627611836696
105675.455507183,-57.8565051355571,0.000409963093863965
105676.455507183,-58.4082031524649,0.000408295015492879
105677.455507183,-58.9577195683285,0.000406623592323253
105678.455507183,-59.5042486306429,0.000404949063280693
105679.00722899,-59.804240610339,0.000404023936629924
105679.351404076,-59.9907498397264,0.000403446396863384
105679.4710075,-60.0554314102713,0.000403245640795759
105679.590610923,-60.1200262978623,0.000403044891451996
105679.710214346,-60.1845255840474,0.000402844166484986
105679.829817769,-60.2489270594308,0.00040264346836574
105679.949421193,-60.3132320180365,0.000402442791379811
105680.179372342,-60.4365979057963,0.000402057008031638
105680.386933679,-60.5476559243597,0.000401708804517395
105680.594495016,-60.6584314701918,0.000401360604892044
105680.802056354,-60.7689187686705,0.000401012407227865
105681.009617691,-60.8791130354233,0.000400664207454776
105681.217179028,-60.9890107222741,0.000400315998815567
105682.169308064,-61.4891727164837,0.00039871832258336
105683.1214371,-61.9825689144857,0.00039711991226281
105684.073566136,-62.4687058757165,0.00039552061252642
105685.025695172,-62.9470384828672,0.000393920407224265
105686.025695172,-63.4404262797065,0.000392238928785582
105687.025695172,-63.9239324221235,0.000390556875430199
105688.025695172,-64.396905408507,0.000388874561883715
105689.025695172,-64.8587629907631,0.000387192319111194
105690.025695172,-65.3089975405062,0.00038551048766695
105691.025695172,-65.7471624669778,0.000383829421444299
105692.025695172,-66.1728784841377,0.000382149475687593
105693.025695172,-66.5858264137668,0.000380471008602896
105694.025695172,-66.9857589793453,0.000378794373533814
105695.025695172,-67.372489619029,0.000377119919398929
105696.025695172,-67.745898104711,0.000375447985167097
105697.025695172,-68.105919620501,0.000373778901560957
105698.025695172,-68.4525537904879,0.000372112992774803
105699.025695172,-68.7858484214024,0.000370450572298983
105700.025695172,-69.1059008209802,0.000368791942539893
105701.025695172,-69.4128493878833,0.000367137393465929
105702.025695172,-69.7068820189391,0.000365487207187761
105703.025695172,-69.9882192530111,0.000363841652282997
105704.025695172,-70.2571118310249,0.000362200984445816
105705.025695172,-70.5138364326555,0.000360565446789463
105706.025695172,-70.7586991388618,0.000358935271977625
105707.025695172,-70.9920254825252,0.000357310680245159
105708.025695172,-71.2141542370395,0.0003556918786861
105709.025695172,-71.4254384577724,0.000354079063040796
105710.025695172,-71.6262407791696,0.000352472417397385
105711.025695172,-71.8169288983636,0.000350872113785617
105712.025695172,-71.9978761118171,0.000349278314037741
105713.025695172,-72.1694570768506,0.000347691168723177
105714.025695172,-72.3320433546588,0.000346110817168295
105715.025695172,-72.4860061221024,0.000344537390253368
105716.025695172,-72.63171163493,0.000342971007893974
105717.025695172,-72.7695517075948,0.000341411789627939
105718.025695172,-72.8998594975813,0.000339859831531826
105719.025695172,-73.0229660829259,0.000338315222990138
105720.025695172,-73.1392016133818,0.000336778047947295
105721.025695172,-73.2488635670991,0.000335248378029281
105722.025695172,-73.3522731452415,0.000333726285752803
105723.025695172,-73.449750137267,0.000332211838485083
105724.025695172,-73.5415954838296,0.000330705094871176
105725.025695172,-73.6280914198386,0.000329206105468282
105726.025695172,-73.7095066123142,0.000327714914432904
105727.025695172,-73.7860989804045,0.000326231560549997
105728.025695172,-73.8581160249705,0.000324756077599947
105729.025695172,-73.9257944587332,0.00032328849452787
105730.025695172,-73.9893601016042,0.000321828835662947
105731.025695172,-74.0490280995107,0.000320377120999158
105732.025695172,-74.105003263377,0.000318933366483381
105733.025695172,-74.1574804092829,0.000317497584281991
105734.025695172,-74.206644685229,0.000316069783025128
105735.025695172,-74.2526719019603,0.000314649968035413
105736.025695172,-74.2957288765704,0.00031323814154489
105737.025695172,-74.3359737860081,0.000311834302900753
105738.025695172,-74.3735565243527,0.000310438448759512
105739.025695172,-74.4086190592932,0.000309050573269673
105740.025695172,-74.4412957851585,0.000307670668243332
105741.025695172,-74.4717138707362,0.000306298723317263
105742.025695172,-74.499993600375,0.000304934726104002
105743.025695172,-74.5262487070234,0.000303578662333427
105744.025695172,-74.5505866960856,0.000302230515985276
105745.025695172,-74.5731091592412,0.00030089026941308
105746.025695172,-74.5939120776064,0.000299557903459967
105747.025695172,-74.613086113812,0.000298233397566762
105748.025695172,-74.6307168927225,0.000296916729872852
105749.025695172,-74.6468852706586,0.000295607877310206
105750.025695172,-74.6616675930911,0.000294306815690963
105751.025695172,-74.675135940872,0.000293013519788991
105752.025695172,-74.6873583651416,0.000291727963415767
105753.025695172,-74.698399111116,0.000290450119490954
105754.025695172,-74.7083188310082,0.000289179960108014
105755.025695172,-74.7171747863745,0.000287917456595173
105756.025695172,-74.7250210402085,0.000286662579572067
105757.025695172,-74.7319086391278,0.000285415299002339
105758.025695172,-74.7378857860118,0.000284175584242499
105759.025695172,-74.7429980034613,0.000282943404087278
105760.025695172,-74.7472882884538,0.000281718726811758
105761.025695172,-74.7507972585698,0.000280501520210492
105762.025695172,-74.7535632901646,0.000279291751633854
105763.025695172,-74.7556226488536,0.000278089388021817
105764.025695172,-74.7570096126735,0.000276894395935367
105765.025695172,-74.7577565882726,0.000275706741585736
105766.025695172,-74.7578942204747,0.000274526390861621
105767.025695172,-74.757451495549,0.000273353309354563
105768.025695172,-74.7564558385079,0.000272187462382632
105769.025695172,-74.7549332047432,0.000271028815012562
105770.025695172,-74.7529081662973,0.000269877332080463
105771.025695172,-74.7504039930564,0.000268732978211239
105772.025695172,-74.7474427291376,0.000267595717836825
105773.025695172,-74.7440452647326,0.000266465515213333
105774.025695172,-74.7402314036559,0.00026534233443723
105775.025695172,-74.7360199268368,0.000264226139460609
105776.025695172,-74.7314286519806,0.000263116894105653
105777.025695172,-74.7264744896145,0.000262014562078351
105778.025695172,-74.7211734957235,0.000260919106981551
105779.025695172,-74.7155409211712,0.000259830492327394
105780.025695172,-74.7095912580894,0.000258748681549186
105781.025695172,-74.7033382834124,0.000257673638012775
105782.025695172,-74.6967950997236,0.000256605325027448
105783.025695172,-74.6899741735691,0.000255543705856419
105784.025695172,-74.6828873713921,0.000254488743726914
105785.025695172,-74.6755459932255,0.000253440401839903
105786.025695172,-74.6679608042805,0.000252398643379503
105787.025695172,-74.6601420645549,0.000251363431522066
105788.025695172,-74.6520995565848,0.000250334729444981
105789.025695172,-74.6438426114497,0.000249312500335211
105790.025695172,-74.6353801331417,0.000248296707397562
105791.025695172,-74.626720621398,0.000247287313862723
105792.025695172,-74.6178721930943,0.000246284282995064
105793.025695172,-74.6088426022886,0.00024528757810021
105794.025695172,-74.5996392590016,0.000244297162532403
105795.025695172,-74.5902692468136,0.00024331299970165
105796.025695172,-74.5807393393555,0.000242335053080665
105797.025695172,-74.5710560157628,0.000241363286211603
105798.025695172,-74.5612254751637,0.000240397662712603
105799.025695172,-74.5512536502609,0.000239438146284124
105800.025695172,-74.5411462200701,0.000238484700715087
105801.025695172,-74.530908621869,0.000237537289888822
105802.025695172,-74.5205460624109,0.000236595877788817
105803.025695172,-74.5100635284516,0.000235660428504276
105804.025695172,-74.4994657966362,0.00023473090623548
105805.025695172,-74.4887574427889,0.00023380727529895
105806.025695172,-74.4779428506473,0.000232889500132431
105807.025695172,-74.4670262200781,0.000231977545299665
105808.025695172,-74.4560115748108,0.000231071375494982
105809.025695172,-74.4449027697219,0.000230170955547701
105810.025695172,-74.4337034977005,0.000229276250426337
105811.025695172,-74.4224172961258,0.000228387225242616
105812.025695172,-74.4110475529801,0.000227503845255311
105813.025695172,-74.3995975126264,0.000226626075873887
105814.025695172,-74.3880702812707,0.000225753882661962
105815.025695172,-74.376468832132,0.000224887231340589
105816.025695172,-74.3647960103405,0.000224026087791359
105817.025695172,-74.3530545375819,0.000223170418059328
105818.025695172,-74.3412470165047,0.000222320188355772
105819.025695172,-74.3293759349085,0.000221475365060772
105820.025695172,-74.3174436697252,0.00022063591472563
105821.025695172,-74.3054524908103,0.000219801804075134
105822.025695172,-74.2934045645532,0.000218973000009648
105823.025695172,-74.281301957322,0.000218149469607064
105824.025695172,-74.2691466387503,0.000217331180124595
105825.025695172,-74.2569404848789,0.000216518099000421
105826.025695172,-74.2446852811587,0.000215710193855205
105827.025695172,-74.2323827253266,0.00021490743249346
105828.025695172,-74.220034430159,0.000214109782904788
105829.025695172,-74.2076419261123,0.000213317213264996
105830.025695172,-74.1952066638566,0.000212529691937087
105831.025695172,-74.182730016708,0.000211747187472127
105832.025695172,-74.1702132829659,0.000210969668610011
105833.025695172,-74.15765768816,0.000210197104280106
105834.025695172,-74.1450643872126,0.000209429463601804
105835.025695172,-74.1324344665196,0.000208666715884966
105836.025695172,-74.1197689459548,0.000207908830630277
105837.025695172,-74.107068780801,0.000207155777529504
105838.025695172,-74.0943348636119,0.000206407526465679
105839.025695172,-74.0815680260075,0.000205664047513191
105840.025695172,-74.0687690404056,0.000204925310937804
105841.025695172,-74.0559386216931,0.000204191287196604
105842.025695172,-74.0430774288389,0.000203461946937874
105843.025695172,-74.0301860664508,0.000202737261000908
105844.025695172,-74.0172650862784,0.000202017200415761
105845.025695172,-74.004314988665,0.000201301736402941
105846.025695172,-73.991336223949,0.000200590840373051
105847.025695172,-73.9783291938169,0.000199884483926376
105848.025695172,-73.9652942526107,0.000199182638852431
105849.025695172,-73.9522317085891,0.000198485277129456
105850.025695172,-73.9391418251457,0.000197792370923876
105851.025695172,-73.9260248219851,0.000197103892589726
105852.025695172,-73.9128808762569,0.000196419814668036
105853.025695172,-73.8997101236505,0.00019574010988619
105854.025695172,-73.886512659451,0.000195064751157249
105855.025695172,-73.8732885395569,0.000194393711579257
105856.025695172,-73.8600377814611,0.000193726964434517
105857.025695172,-73.8467603651957,0.000193064483188844
105858.025695172,-73.8334562342421,0.000192406241490806
105859.025695172,-73.8201252964065,0.000191752213170942
105860.025695172,-73.8067674246615,0.000191102372240963
105861.025695172,-73.7933824579559,0.000190456692892948
105862.025695172,-73.7799702019912,0.000189815149498525
105863.025695172,-73.7665304299679,0.000189177716608033
105864.025695172,-73.7530628832997,0.000188544368949696
105865.025695172,-73.7395672722988,0.000187915081428768
105866.025695172,-73.7260432768309,0.000187289829126692
105867.025695172,-73.7124905469408,0.000186668587300245
105868.025695172,-73.6989087034504,0.000186051331380682
105869.025695172,-73.6852973385281,0.000185438036972883
105870.025695172,-73.6716560162307,0.000184828679854494
105871.025695172,-73.6579842730182,0.000184223235975079
105872.025695172,-73.6442816182423,0.00018362168145526
105873.025695172,-73.6305475346081,0.000183023992585879
105874.025695172,-73.6167814786105,0.000182430145827143
105875.025695172,-73.6029828809449,0.000181840117807793
105876.025695172,-73.5891511468924,0.000181253885324268
105877.025695172,-73.5752856566814,0.00018067142533988
105878.025695172,-73.5613857658231,0.000180092714983992
105879.025695172,-73.5474508054243,0.000179517731551213
105880.025695172,-73.5334800824756,0.000178946452500589
105881.025695172,-73.5194728801159,0.000178378855454817
105882.025695172,-73.5054284578741,0.000177814918199458
105883.025695172,-73.4913460518867,0.000177254618682166
105884.025695172,-73.4772248750938,0.000176697935011927
105885.025695172,-73.4630641174105,0.00017614484545831
105886.025695172,-73.4488629458777,0.000175595328450727
105887.025695172,-73.4346205047887,0.000175049362577707
105888.025695172,-73.4203359157947,0.000174506926586186
105889.025695172,-73.4060082779869,0.000173967999380805
105890.025695172,-73.3916366679576,0.00017343256002322
105891.025695172,-73.3772201398386,0.000172900587731437
105892.025695172,-73.3627577253172,0.000172372061879146
105893.025695172,-73.3482484336309,0.000171846961995078
105894.025695172,-73.3336912515395,0.000171325267762381
105895.025695172,-73.3190851432753,0.000170806959017995
105896.025695172,-73.3044290504712,0.000170292015752063
105897.025695172,-73.2897218920668,0.000169780418107341
105898.025695172,-73.2749625641913,0.000169272146378631
105899.025695172,-73.2601499400255,0.00016876718101223
105900.025695172,-73.2452828696399,0.000168265502605394
105901.025695172,-73.2303601798105,0.000167767091905819
105902.025695172,-73.215380673812,0.000167271929811141
105903.025695172,-73.2003431311875,0.000166779997368448
105904.025695172,-73.1852463074946,0.000166291275773816
105905.025695172,-73.1700889340282,0.000165805746371858
105906.025695172,-73.1548697175193,0.000165323390655292
105907.025695172,-73.1395873398091,0.00016484419026453
105908.025695172,-73.1242404574985,0.000164368126987283
105909.025695172,-73.1088277015726,0.000163895182758185
105910.025695172,-73.0933476769994,0.000163425339658437
105911.025695172,-73.0777989623029,0.000162958579915473
105912.025695172,-73.0621801091089,0.000162494885902642
105913.025695172,-73.0464896416639,0.000162034240138911
105914.025695172,-73.0307260563272,0.000161576625288592
105915.025695172,-73.0148878210329,0.000161122024161088
105916.025695172,-72.9989733747245,0.000160670419710661
105917.025695172,-72.9829811267588,0.000160221795036219
105918.025695172,-72.9669094562793,0.000159776133381133
105919.025695172,-72.9507567115591,0.000159333418133067
105920.025695172,-72.9345212093103,0.000158893632823842
105921.025695172,-72.9182012339612,0.000158456761129317
105922.025695172,-72.9017950368991,0.000158022786869295
105923.025695172,-72.8853008356782,0.000157591694007457
105924.025695172,-72.8687168131904,0.000157163466651323
105925.025695172,-72.8520411167999,0.000156738089052234
105926.025695172,-72.8352718574381,0.000156315545605366
105927.025695172,-72.8184071086595,0.00015589582084977
105928.025695172,-72.8014449056554,0.000155478899468441
105929.025695172,-72.7843832442256,0.000155064766288416
105930.025695172,-72.7672200797054,0.000154653406280907
105931.025695172,-72.7499533258466,0.000154244804561455
105932.025695172,-72.7325808536516,0.000153838946390129
105933.025695172,-72.7151004901571,0.000153435817171744
105934.025695172,-72.6975100171675,0.00015303540245613
105935.025695172,-72.6798071699341,0.000152637687938421
105936.025695172,-72.6619896357797,0.000152242659459389
105937.025695172,-72.6440550526648,0.000151850303005811
105938.025695172,-72.6260010076944,0.000151460604710885
105939.025695172,-72.6078250355619,0.000151073550854669
105940.025695172,-72.589524616928,0.000150689127864578
105941.025695172,-72.5710971767318,0.000150307322315917
105942.025695172,-72.5525400824309,0.00014992812093246
105943.025695172,-72.5338506421677,0.000149551510587072
105944.025695172,-72.5150261028584,0.000149177478302388
105945.025695172,-72.4960636482013,0.000148806011251532
105946.025695172,-72.4769603966008,0.000148437096758895
105947.025695172,-72.4577133990038,0.000148070722300964
105948.025695172,-72.4383196366424,0.00014770687550721
105949.025695172,-72.4187760186821,0.000147345544161027
105950.025695172,-72.3990793797666,0.000146986716200743
105951.025695172,-72.3792264774588,0.000146630379720687
105952.025695172,-72.3592139895687,0.000146276522972321
105953.025695172,-72.3390385113665,0.000145925134365449
105954.025695172,-72.3186965526724,0.000145576202469486
105955.025695172,-72.2981845348183,0.000145229716014813
105956.025695172,-72.2774987874748,0.000144885663894205
105957.025695172,-72.2566355453368,0.000144544035164337
105958.025695172,-72.2355909446597,0.000144204819047388
105959.025695172,-72.2143610196393,0.000143868004932717
105960.025695172,-72.1929416986271,0.000143533582378649
105961.025695172,-72.1713288001719,0.000143201541114344
105962.025695172,-72.1495180288787,0.000142871871041784
105963.025695172,-72.1275049710754,0.000142544562237852
105964.025695172,-72.1052850902761,0.000142219604956533
105965.025695172,-72.0828537224308,0.000141896989631232
105966.025695172,-72.0602060709489,0.000141576706877212
105967.025695172,-72.0373372014844,0.000141258747494163
105968.025695172,-72.0142420364691,0.000140943102468911
105969.025695172,-71.9909153493795,0.000140629762978268
105970.025695172,-71.9673517587222,0.000140318720392031
105971.025695172,-71.9435457217214,0.000140009966276139
105972.025695172,-71.9194915276913,0.000139703492396005
105973.025695172,-71.8951832910746,0.000139399290720011
105974.025695172,-71.8706149441264,0.000139097353423201
105975.025695172,-71.8457802292245,0.000138797672891156
105976.025695172,-71.8206726907798,0.00013850024172409
105977.025695172,-71.7952856667261,0.000138205052741146
105978.025695172,-71.7696122795599,0.000137912098984938
105979.025695172,-71.7436454269045,0.000137621373726323
105980.025695172,-71.717377771566,0.000137332870469435
105981.025695172,-71.6908017310514,0.000137046582956987
105982.025695172,-71.663909466511,0.000136762505175863
105983.025695172,-71.6366928710706,0.00013648063136301
105984.025695172,-71.6091435575102,0.000136200956011654
105985.025695172,-71.5812528452485,0.000135923473877853
105986.025695172,-71.5530117465845,0.00013564817998742
105987.025695172,-71.5244109521458,0.000135375069643217
105988.025695172,-71.4954408154905,0.000135104138432873
105989.025695172,-71.4660913368016,0.000134835382236917
105990.025695172,-71.4363521456121,0.000134568797237389
105991.025695172,-71.40621248249,0.000134304379926931
105992.025695172,-71.3756611796098,0.000134042127118405
105993.025695172,-71.344686640129,0.000133782035955063
105994.025695172,-71.3132768162811,0.000133524103921323
105995.025695172,-71.2814191860901,0.000133268328854161
105996.025695172,-71.2491007286027,0.000133014708955201
105997.025695172,-71.2163078975238,0.000132763242803509
105998.025695172,-71.1830265931348,0.000132513929369181
105999.025695172,-71.1492421323564,0.000132266768027742
106000,-71.1158272422092,0.000132028027197227
