time_trimmed,Vm,Cai
100000.160777576,-59.8888971860879,0.000514307221108338
100000.51053137,-60.0802639426022,0.000513733793003629
100000.860285164,-60.2709622427808,0.000513159871951052
100001.210038957,-60.4609492415918,0.000512585491121283
100001.559792751,-60.6501938209738,0.000512010648353877
100001.909546545,-60.8386681340738,0.000511435329619674
100002.784890152,-61.3067389050989,0.000509993282120512
100003.660233759,-61.7693092013799,0.000508548117850503
100004.535577366,-62.225884039397,0.000507099876864978
100005.410920974,-62.6759480007832,0.000505648679626336
100006.410920974,-63.1815314237276,0.000503987414396056
100007.410920974,-63.6772588301299,0.000502322820071725
100008.410920974,-64.1624206193189,0.000500655251567905
100009.410920974,-64.6363795123286,0.000498985077761553
100010.410920974,-65.0985700472109,0.000497312682495756
100011.410920974,-65.5484960415558,0.000495638455690269
100012.410920974,-65.9857332030904,0.000493962786245765
100013.410920974,-66.409922535977,0.000492286068152055
100014.410920974,-66.820777167645,0.000490608690880464
100015.410920974,-67.2180755789679,0.000488931041793336
100016.410920974,-67.6016668245102,0.000487253500492489
100017.410920974,-67.9714598853976,0.000485576440265688
100018.410920974,-68.3274300268671,0.00048390022526399
100019.410920974,-68.6696023787627,0.000482225210126752
100020.410920974,-68.9980601247479,0.000480551740090226
100021.410920974,-69.3129355983081,0.000478880147567877
100022.410920974,-69.6144073193442,0.000477210753359481
100023.410920974,-69.9026884791834,0.000475543866901299
100024.410920974,-70.1780325448727,0.000473879784209874
100025.410920974,-70.4407194079819,0.00047221878923896
100026.410920974,-70.6910564301541,0.000470561151674317
100027.410920974,-70.929370930997,0.000468907128670602
100028.410920974,-71.1560149584646,0.000467256964218361
100029.410920974,-71.3713523413496,0.000465610889879004
100030.410920974,-71.5757563489211,0.000463969123403519
100031.410920974,-71.769607625985,0.000462331870785586
100032.410920974,-71.9532929752898,0.000460699324562665
100033.410920974,-72.1272019944789,0.000459071667420452
100034.410920974,-72.2917246218263,0.000457449068708025
100035.410920974,-72.4472464959175,0.000455831686219024
100036.410920974,-72.5941505484134,0.00045421966750902
100037.410920974,-72.7328100696141,0.000452613148955196
100038.410920974,-72.8636285516294,0.000451012266463811
100039.410920974,-72.986948440817,0.00044941713218605
100040.410920974,-73.1031104877727,0.00044782785408691
100041.410920974,-73.2124498151295,0.000446244527708401
100042.410920974,-73.3152940994323,0.000444667243204484
100043.410920974,-73.4119616134954,0.000443096083738273
100044.410920974,-73.5027351794558,0.00044153111953024
100045.410920974,-73.5879170302111,0.000439972421355145
100046.410920974,-73.6678061900047,0.000438420055071416
100047.410920974,-73.7426825901326,0.000436874078147684
100048.410920974,-73.8128074444941,0.000435334540263542
100049.410920974,-73.8784282609043,0.00043380148495292
100050.410920974,-73.9397816761078,0.000432274950610902
100051.410920974,-73.9970939369984,0.000430754970856533
100052.410920974,-74.0505807005355,0.000429241574701417
100053.410920974,-74.100447061335,0.000427734786765094
100054.410920974,-74.1468878662113,0.000426234627549338
100055.410920974,-74.1900881269456,0.00042474111371919
100056.410920974,-74.2302234206015,0.000423254258362573
100057.410920974,-74.2674602648002,0.000421774071227754
100058.410920974,-74.301956485647,0.000420300558945424
100059.410920974,-74.3338615878047,0.000418833725239286
100060.410920974,-74.363317125166,0.000417373571125796
100061.410920974,-74.3904570673907,0.000415920095102778
100062.410920974,-74.4154081589484,0.000414473293327002
100063.410920974,-74.438290269032,0.000413033159781209
100064.410920974,-74.4592167314616,0.000411599686431146
100065.410920974,-74.478294673868,0.00041017286337316
100066.410920974,-74.4956253355139,0.00040875267897284
100067.410920974,-74.5113043732625,0.000407339119995152
100068.410920974,-74.5254221553835,0.000405932171726538
100069.410920974,-74.5380640430545,0.000404531818089404
100070.410920974,-74.5493106595405,0.000403138041749425
100071.410920974,-74.559238147137,0.000401750824216085
100072.410920974,-74.5679184120419,0.000400370145936841
100073.410920974,-74.5754193573875,0.000398995986385271
100074.410920974,-74.5818051047182,0.000397628324143587
100075.410920974,-74.5871362042431,0.000396267136979824
100076.410920974,-74.5914698342221,0.000394912401920048
100077.410920974,-74.5948599898692,0.000393564095315875
100078.410920974,-74.5973576621728,0.000392222192907597
100079.410920974,-74.5990110070418,0.000390886669883174
100080.410920974,-74.5998655051914,0.000389557500933369
100081.410920974,-74.5999641131826,0.000388234660303246
100082.410920974,-74.5993474060276,0.000386918121840277
100083.410920974,-74.5980537117647,0.000385607859039261
100084.410920974,-74.5961192384014,0.000384303845084258
100085.410920974,-74.5935781936119,0.000383006052887733
100086.410920974,-74.590462897564,0.000381714455127082
100087.410920974,-74.5868038892396,0.000380429024278707
100088.410920974,-74.5826300265967,0.000379149732649801
100089.410920974,-74.5779685809111,0.000377876552407981
100090.410920974,-74.5728453256179,0.000376609455608913
100091.410920974,-74.5672846199608,0.000375348414222059
100092.410920974,-74.5613094877444,0.000374093400154655
100093.410920974,-74.554941691466,0.000372844385274044
100094.410920974,-74.5482018020966,0.000371601341428465
100095.410920974,-74.5411092647606,0.000370364240466394
100096.410920974,-74.533682460554,0.000369133054254531
100097.410920974,-74.5259387647297,0.00036790775469452
100098.410920974,-74.5178946014618,0.000366688313738479
100099.410920974,-74.509565495394,0.000365474703403418
100100.410920974,-74.5009661201614,0.000364266895784614
100101.410920974,-74.4921103440684,0.000363064863068004
100102.410920974,-74.4830112730924,0.000361868577541666
100103.410920974,-74.4736812913731,0.000360678011606437
100104.410920974,-74.4641320993407,0.000359493137785723
100105.410920974,-74.4543747496239,0.000358313928734557
100106.410920974,-74.4444196808725,0.000357140357247938
100107.410920974,-74.4342767496209,0.000355972396268505
100108.410920974,-74.4239552603116,0.000354810018893591
100109.410920974,-74.4134639935892,0.00035365319838167
100110.410920974,-74.4028112329714,0.000352501908158268
100111.410920974,-74.3920047899942,0.000351356121821337
100112.410920974,-74.3810520279258,0.000350215813146147
100113.410920974,-74.3699598841338,0.000349080956089707
100114.410920974,-74.3587348911907,0.000347951524794756
100115.410920974,-74.3473831967914,0.000346827493593339
100116.410920974,-74.335910582557,0.000345708837009992
100117.410920974,-74.3243224817926,0.000344595529764568
100118.410920974,-74.3126239962614,0.000343487546774705
100119.410920974,-74.300819912036,0.000342384863157974
100120.410920974,-74.2889147144836,0.000341287454233718
100121.410920974,-74.2769126024357,0.000340195295524587
100122.410920974,-74.2648175015945,0.000339108362757806
100123.410920974,-74.2526330772199,0.000338026631866175
100124.410920974,-74.2403627461428,0.000336950078988814
100125.410920974,-74.2280096881446,0.000335878680471673
100126.410920974,-74.2155768567409,0.000334812412867825
100127.410920974,-74.2030669894074,0.000333751252937526
100128.410920974,-74.1904826172792,0.000332695177648089
100129.410920974,-74.1778260743573,0.00033164416417355
100130.410920974,-74.1650995062522,0.00033059818989416
100131.410920974,-74.1523048784903,0.00032955723239569
100132.410920974,-74.1394439844126,0.00032852126946858
100133.410920974,-74.1265184526875,0.000327490279106917
100134.410920974,-74.1135297544628,0.000326464239507267
100135.410920974,-74.100479210177,0.000325443129067364
100136.410920974,-74.0873679960512,0.000324426926384654
100137.410920974,-74.074197150281,0.000323415610254713
100138.410920974,-74.060967578944,0.000322409159669538
100139.410920974,-74.0476800616428,0.000321407553815719
100140.410920974,-74.0343352568961,0.000320410772072498
100141.410920974,-74.0209337072941,0.000319418794009722
100142.410920974,-74.0074758444323,0.000318431599385692
100143.410920974,-73.9939619936342,0.000317449168144918
100144.410920974,-73.9803923784772,0.000316471480415783
100145.410920974,-73.9667671251316,0.00031549851650812
100146.410920974,-73.9530862665227,0.000314530256910709
100147.410920974,-73.9393497463264,0.000313566682288703
100148.410920974,-73.9255574228074,0.000312607773480976
100149.410920974,-73.9117090725062,0.000311653511497416
100150.410920974,-73.8978043937857,0.000310703877516147
100151.410920974,-73.8838430102424,0.000309758852880706
100152.410920974,-73.8698244739885,0.000308818419097165
100153.410920974,-73.8557482688125,0.000307882557831207
100154.410920974,-73.8416138132232,0.000306951250905165
100155.410920974,-73.8274204633811,0.000306024480295023
100156.410920974,-73.8131675159237,0.000305102228127392
100157.410920974,-73.7988542106878,0.000304184476676453
100158.410920974,-73.7844797333324,0.000303271208360887
100159.410920974,-73.7700432178677,0.000302362405740784
100160.410920974,-73.7555437490899,0.000301458051514547
100161.410920974,-73.740980364929,0.000300558128515787
100162.410920974,-73.7263520587082,0.000299662619710217
100163.410920974,-73.7116577813195,0.000298771508192554
100164.410920974,-73.6968964433172,0.00029788477718343
100165.410920974,-73.6820669169303,0.000297002410026311
100166.410920974,-73.6671680379962,0.000296124390184444
100167.410920974,-73.6521986078169,0.000295250701237824
100168.410920974,-73.6371573949382,0.000294381326880189
100169.410920974,-73.6220431368535,0.000293516250916046
100170.410920974,-73.6068545416337,0.000292655457257746
100171.410920974,-73.5915902894818,0.000291798929922588
100172.410920974,-73.5762490342148,0.000290946653029978
100173.410920974,-73.5608294046727,0.00029009861079864
100174.410920974,-73.545330006054,0.000289254787543881
100175.410920974,-73.5297494211793,0.000288415167674914
100176.410920974,-73.514086211682,0.000287579735692253
100177.410920974,-73.4983389191271,0.000286748476185167
100178.410920974,-73.4825060660572,0.000285921373829212
100179.410920974,-73.4665861569658,0.00028509841338384
100180.410920974,-73.4505776791987,0.000284279579690081
100181.410920974,-73.434479103782,0.000283464857668318
100182.410920974,-73.4182888861775,0.000282654232316138
100183.410920974,-73.4020054669646,0.000281847688706279
100184.410920974,-73.385627272449,0.000281045211984665
100185.410920974,-73.3691527151977,0.000280246787368545
100186.410920974,-73.3525801945002,0.000279452400144713
100187.410920974,-73.3359080967553,0.000278662035667847
100188.410920974,-73.3191347957839,0.000277875679358938
100189.410920974,-73.3022586530666,0.000277093316703825
100190.410920974,-73.2852780179073,0.000276314933251839
100191.410920974,-73.2681912275208,0.000275540514614555
100192.410920974,-73.250996607046,0.000274770046464648
100193.410920974,-73.233692469483,0.000274003514534869
100194.410920974,-73.2162771155552,0.000273240904617118
100195.410920974,-73.1987488334951,0.000272482202561645
100196.410920974,-73.1811058987547,0.000271727394276355
100197.410920974,-73.1633465736395,0.000270976465726226
100198.410920974,-73.1454691068666,0.000270229402932848
100199.410920974,-73.1274717330465,0.000269486191974067
100200.410920974,-73.1093526720891,0.000268746818983753
100201.410920974,-73.0911101285318,0.000268011270151672
100202.410920974,-73.072742290793,0.00026727953172348
100203.410920974,-73.0542473303476,0.000266551590000826
100204.410920974,-73.035623400826,0.000265827431341571
100205.410920974,-73.0168686370364,0.000265107042160116
100206.410920974,-72.9979811539102,0.000264390408927843
100207.410920974,-72.9789590453693,0.000263677518173668
100208.410920974,-72.9598003831166,0.000262968356484702
100209.410920974,-72.9405032153483,0.000262262910507021
100210.410920974,-72.9210655653879,0.000261561166946546
100211.410920974,-72.901485430242,0.000260863112570027
100212.410920974,-72.8817607790763,0.000260168734206134
100213.410920974,-72.8618895516126,0.000259478018746652
100214.410920974,-72.8418696564445,0.000258790953147779
100215.410920974,-72.8216989692732,0.000258107524431528
100216.410920974,-72.80137533106,0.000257427719687228
100217.410920974,-72.7808965460964,0.000256751526073124
100218.410920974,-72.76026037999,0.000256078930818081
100219.410920974,-72.7394645575645,0.000255409921223378
100220.410920974,-72.7185067606732,0.000254744484664606
100221.410920974,-72.6973846259234,0.000254082608593659
100222.410920974,-72.6760957423107,0.000253424280540822
100223.410920974,-72.654637648761,0.000252769488116949
100224.410920974,-72.6330078315772,0.000252118219015739
100225.410920974,-72.6112037217895,0.000251470461016112
100226.410920974,-72.5892226924056,0.000250826201984661
100227.410920974,-72.5670620555576,0.000250185429878219
100228.410920974,-72.5447190595439,0.000249548132746505
100229.410920974,-72.5221908857608,0.000248914298734866
100230.410920974,-72.4994746455203,0.00024828391608712
100231.410920974,-72.4765673767517,0.000247656973148491
100232.410920974,-72.4534660405795,0.000247033458368634
100233.410920974,-72.4301675177753,0.000246413360304769
100234.410920974,-72.406668605077,0.000245796667624906
100235.410920974,-72.3829660113694,0.000245183369111174
100236.410920974,-72.3590563537219,0.00024457345366325
100237.410920974,-72.3349361532733,0.000243966910301899
100238.410920974,-72.31060183096,0.000243363728172616
100239.410920974,-72.286049703078,0.000242763896549385
100240.410920974,-72.2612759766698,0.000242167404838545
100241.410920974,-72.2362767447295,0.000241574242582784
100242.410920974,-72.2110479812145,0.00024098439946525
100243.410920974,-72.1855855358543,0.000240397865313791
100244.410920974,-72.1598851287453,0.000239814630105323
100245.410920974,-72.1339423447198,0.000239234683970351
100246.410920974,-72.1077526274772,0.000238658017197613
100247.410920974,-72.0813112734617,0.000238084620238895
100248.410920974,-72.0546134254748,0.000237514483713993
100249.410920974,-72.0276540660048,0.000236947598415845
100250.410920974,-72.0004280102573,0.000236383955315839
100251.410920974,-71.9729298988692,0.0002358235455693
100252.410920974,-71.9451541902863,0.000235266360521179
100253.410920974,-71.9170951527837,0.000234712391711942
100254.410920974,-71.8887468561085,0.00023416163088367
100255.410920974,-71.8601031627182,0.000233614069986401
100256.410920974,-71.8311577185922,0.000233069701184701
100257.410920974,-71.8019039435875,0.000232528516864494
100258.410920974,-71.7723350213088,0.000231990509640173
100259.410920974,-71.7424438884632,0.000231455672361982
100260.410920974,-71.7122232236631,0.00023092399812372
100261.410920974,-71.6816654356431,0.000230395480270756
100262.410920974,-71.6507626508496,0.000229870112408401
100263.410920974,-71.6195067003621,0.000229347888410636
100264.410920974,-71.5878891060991,0.000228828802429236
100265.410920974,-71.555901066261,0.000228312848903309
100266.410920974,-71.5235334399549,0.000227800022569279
100267.410920974,-71.490776730945,0.000227290318471333
100268.410920974,-71.4576210704664,0.000226783731972383
100269.410920974,-71.424056199034,0.000226280258765556
100270.410920974,-71.3900714471749,0.00022577989488626
100271.410920974,-71.3556557150047,0.000225282636724864
100272.410920974,-71.3207974505619,0.000224788481040032
100273.410920974,-71.2854846268077,0.000224297424972754
100274.410920974,-71.2497047171904,0.000223809466061136
100275.410920974,-71.2134446696643,0.00022332460225598
100276.410920974,-71.1766908790429,0.000222842831937237
100277.410920974,-71.1394291575572,0.000222364153931376
100278.410920974,-71.1016447034756,0.000221888567529743
100279.410920974,-71.0633220676311,0.000221416072507991
100280.410920974,-71.0244451176854,0.000220946669146641
100281.410920974,-70.9849969999444,0.000220480358252888
100282.410920974,-70.9449600985203,0.000220017141183718
100283.410920974,-70.904315991619,0.000219557019870458
100284.410920974,-70.8630454047056,0.00021909999684486
100285.410920974,-70.8211281602783,0.000218646075266851
100286.410920974,-70.7785431239548,0.000218195258954066
100287.410920974,-70.7352681465421,0.000217747552413326
100288.410920974,-70.6912800017287,0.000217302960874213
100289.410920974,-70.646554319,0.000216861490324914
100290.410920974,-70.6010655113327,0.000216423147550532
100291.410920974,-70.5547866971788,0.000215987940174072
100292.410920974,-70.5076896161932,0.000215555876700333
100293.410920974,-70.4597445381002,0.000215126966562961
100294.410920974,-70.4109201640221,0.000214701220174955
100295.410920974,-70.3611835195182,0.000214278648982927
100296.410920974,-70.3104998384921,0.000213859265525468
100297.410920974,-70.2588324370246,0.000213443083496
100298.410920974,-70.2061425760762,0.00021303011781055
100299.410920974,-70.1523893118712,0.000212620384680913
100300.410920974,-70.0975293326269,0.000212213901693725
100301.410920974,-70.0415167801194,0.000211810687896066
100302.410920974,-69.9843030543831,0.000211410763888218
100303.410920974,-69.9258365996116,0.00021101415192435
100304.410920974,-69.8660626690687,0.000210620876021947
100305.410920974,-69.8049230665166,0.00021023096208092
100306.410920974,-69.7423558613155,0.000209844438013474
100307.410920974,-69.6782950739439,0.000209461333885907
100308.410920974,-69.6126703282118,0.00020908168207371
100309.410920974,-69.5454064658823,0.000208705517431506
100310.410920974,-69.4764231187648,0.000208332877479582
100311.410920974,-69.4056342325743,0.00020796380260902
100312.410920974,-69.3329475359414,0.000207598336307713
100313.410920974,-69.2582639468805,0.00020723652540991
100314.410920974,-69.1814769077445,0.000206878420372314
100315.410920974,-69.1024716381599,0.000206524075580241
100316.410920974,-69.0211242936022,0.000206173549687892
100317.410920974,-68.9373010150617,0.000205826905997462
100318.410920974,-68.8508568525741,0.000205484212882591
100319.410920974,-68.7616345421445,0.000205145544262596
100320.410920974,-68.6694631116255,0.000204810980135068
100321.410920974,-68.5741562862489,0.000204480607175779
100322.410920974,-68.4755106585054,0.00020415451941649
100323.410920974,-68.3733035796289,0.000203832819013293
100324.410920974,-68.2672907206532,0.000203515617120587
100325.410920974,-68.1572032393557,0.000203203034888833
100326.410920974,-68.0427444746729,0.000202895204608051
100327.410920974,-67.9235860714309,0.000202592271023724
100328.410920974,-67.7993634142149,0.000202294392857727
100329.410920974,-67.6696702181648,0.000202001744574446
100330.410920974,-67.5340520840571,0.000201714518441797
100331.410920974,-67.3919987719003,0.000201432926949234
100332.410920974,-67.2429348767611,0.000201157205660809
100333.410920974,-67.0862084960352,0.000200887616602283
100334.410920974,-66.9210773492917,0.000200624452308962
100335.410920974,-66.7466916361957,0.000200368040697934
100336.410920974,-66.5620726740986,0.000200118750978376
100337.410920974,-66.3660860134569,0.000199877000882083
100338.410920974,-66.1574072384043,0.000199643265591418
100339.410920974,-65.9344779468002,0.00019941808887583
100340.410920974,-65.6954483497552,0.000199202097139952
100341.410920974,-65.4381013408949,0.000198996017366178
100342.410920974,-65.1597504364773,0.000198800700351152
100343.410920974,-64.8571001235178,0.000198617151269448
100344.410920974,-64.5260508936399,0.000198446570586736
100345.410920974,-64.1614207962828,0.000198290409931674
100346.410920974,-63.756537330308,0.000198150450165018
100347.410920974,-63.3026212324723,0.000198028913402061
100348.410920974,-62.7878234311791,0.000197928628841591
100349.410920974,-62.1956581264382,0.000197853287500094
100350.410920974,-61.5004717136608,0.00019780802848698
100351.410920974,-60.6635136934332,0.000197800033425964
100352.410920974,-59.6238944037036,0.000197839677340531
100353.224601979,-58.5567969895727,0.000197918088019515
100354.038282985,-57.1761795147964,0.000198053572509357
100354.607565906,-55.9203081654155,0.000198195012563066
100355.059442135,-54.6580020342501,0.00019834526529816
100355.511318365,-53.0317177337874,0.00019854261885008
100355.829943355,-51.5571169524867,0.000198721100334999
100356.089898175,-50.0568573954378,0.000198900515108633
100356.349852994,-48.1744457264289,0.000199122761443176
100356.546271904,-46.4045398654578,0.000199330531634953
100356.742690814,-44.2354106571646,0.000199588049732701
100356.897780768,-42.1723816253523,0.000199841522667931
100357.052870722,-39.75472860491,0.000200159585952171
100357.207960676,-36.9793148379755,0.000200572393326109
100357.36305063,-33.9172191351789,0.000201126093879175
100357.518140585,-30.7301617077772,0.000201886017552935
100357.64074174,-28.2647500165297,0.000202686081421726
100357.763342896,-25.9411208077014,0.000203706705535019
100357.885944051,-23.7899702383445,0.000204980537029439
100358.008545207,-21.7879188871982,0.000206526464457365
100358.131146362,-19.8819719847555,0.000208348482923305
100358.253747518,-18.0183463303902,0.000210438148928353
100358.376348673,-16.1562009243346,0.000212777086133626
100358.498949829,-14.2707336289428,0.000215338909097961
100358.63680321,-12.1109932886401,0.000218443482410944
100358.737281312,-10.5099200408883,0.000220826151242109
100358.837759415,-8.89420047753272,0.000223282964128241
100358.919687827,-7.57286121306166,0.000225323941573203
100359.001616239,-6.25497832005633,0.00022738436698782
100359.083544651,-4.94726147494432,0.000229451220375732
100359.165473063,-3.65637857448748,0.000231512151221499
100359.247401475,-2.38868440568912,0.000233555751024734
100359.344613385,-0.92253924690293,0.000235944031206952
100359.441825294,0.494489509297233,0.000238278874690901
100359.539037204,1.85581248140543,0.000240548591337181
100359.636249113,3.15662204858295,0.000242744431880216
100359.733461023,4.39379834384651,0.000244860437447786
100359.830672932,5.565746413812,0.000246893206811736
100359.97269091,7.16032052747675,0.000249711313651262
100360.114708888,8.61875339958795,0.000252353308573227
100360.256726866,9.94812649518368,0.000254829281565841
100360.398744844,11.1576853438352,0.000257153310417841
100360.540762822,12.257631810056,0.00025934140416341
100360.6827808,13.2582964822133,0.000261410050807793
100360.886466333,14.5394212771586,0.000264199457109191
100361.090151866,15.6620249327484,0.000266816913351629
100361.293837398,16.6472105537723,0.000269296149539269
100361.497522931,17.5118424365934,0.000271663398010401
100361.634437744,18.0323487865201,0.000273202318151032
100361.748171032,18.4303608253067,0.000274452491786399
100361.861904321,18.7989567798288,0.00027567939403139
100361.975637609,19.1397015541128,0.000276884975686408
100362.089370898,19.4540339607994,0.000278070920157415
100362.203104186,19.7432726896323,0.00027923865717056
100362.359604643,20.1025123742974,0.000280817998478127
100362.481731814,20.3534023422942,0.000282029919753758
100362.603858985,20.5799868333117,0.00028322512264041
100362.725986155,20.7835952954934,0.000284404667386693
100362.848113326,20.9655078690506,0.000285569515790732
100362.970240497,21.1269664770236,0.000286720547508101
100363.092367668,21.2691836430494,0.000287858576530452
100363.299026739,21.4692796654367,0.000289756781669133
100363.461936518,21.5941117196407,0.000291230609499532
100363.624846298,21.6927016514283,0.000292686178124709
100363.787756077,21.7674935395823,0.000294124819156377
100363.950665857,21.8207657572158,0.000295547743958549
100364.113575636,21.8545841397366,0.000296956044309649
100364.276485416,21.870966213752,0.000298350709363047
100364.439395195,21.8718648298134,0.000299732640180652
100364.661025911,21.8513605789504,0.000301593673975566
100364.882656627,21.8094401487971,0.000303434383134994
100365.104287343,21.7496688777152,0.00030525627487779
100365.325918059,21.675243806606,0.000307060637268573
100365.547548774,21.5890141223627,0.000308848565489854
100365.76917949,21.4934876587489,0.00031062098177168
100366.181058297,21.2985728469589,0.000313876211200176
100366.592937103,21.0904961297716,0.000317084306545574
100367.00481591,20.8779940169555,0.000320247954130916
100367.416694716,20.6675800552999,0.000323369051777353
100367.828573523,20.464012665541,0.000326448952427997
100368.240452329,20.2706605144299,0.000329488629004103
100368.849879906,20.0080687973882,0.000333913973038844
100369.459307483,19.7768763012943,0.000338254583006272
100370.06873506,19.5785124743335,0.000342511945928384
100370.678162637,19.4128451299874,0.0003466876197949
100371.287590214,19.2787608345271,0.00035078328113422
100371.897017791,19.1745000668114,0.000354800689958652
100372.897017791,19.0625731661276,0.000361228092580387
100373.897017791,19.0150270266116,0.000367458248291453
100374.897017791,19.0220759680667,0.000373499996008104
100375.897017791,19.0754603360263,0.000379362188790095
100376.897017791,19.1681064168227,0.000385053177977997
100377.897017791,19.2936441347195,0.000390580503655639
100378.897017791,19.4465146355863,0.000395950948315598
100379.897017791,19.6220288148203,0.000401170777309167
100380.897017791,19.8163479649069,0.000406245956107058
100381.897017791,20.0263555106355,0.000411181983648271
100382.897017791,20.2494990960309,0.000415983848987662
100383.897017791,20.4836514182775,0.000420656098760825
100384.897017791,20.7270090597551,0.000425202929586231
100385.897017791,20.9780276755613,0.000429628263858547
100386.897017791,21.2353793613649,0.000433935803727948
100387.897017791,21.497917879068,0.000438129069062978
100388.897017791,21.7646457513202,0.000442211425521204
100389.897017791,22.0346845303917,0.000446186107171624
100390.897017791,22.3072509710149,0.000450056235900781
100391.897017791,22.5816395594944,0.000453824837991509
100392.897017791,22.8572098131665,0.000457494857548414
100393.897017791,23.1333764993875,0.00046106916662285
100394.897017791,23.409601687053,0.000464550572395893
100395.897017791,23.685394325298,0.000467941827824385
100396.897017791,23.9602933297657,0.000471245623655804
100397.897017791,24.2338631513352,0.000474464589111366
100398.897017791,24.5056979049287,0.000477601303256232
100399.897017791,24.7754220639446,0.00048065830006081
100400.897017791,25.0426862201668,0.000483638063560514
100401.897017791,25.3071627596036,0.000486543022804673
100402.897017791,25.5685439989393,0.000489375551976369
100403.897017791,25.8265419273745,0.000492137972531148
100404.897017791,26.0808881673369,0.000494832553539693
100405.897017791,26.3313335660852,0.000497461510284471
100406.897017791,26.5776473844716,0.000500027002849031
100407.897017791,26.8196163679953,0.000502531135449468
100408.897017791,27.0570440912961,0.000504975956265489
100409.897017791,27.2897506905507,0.00050736345740343
100410.897017791,27.517572678649,0.000509695574837754
100411.897017791,27.7403625644545,0.000511974188252822
100412.897017791,27.9579882262062,0.000514201120992913
100413.897017791,28.1703326382906,0.000516378136917217
100414.897017791,28.3772912217097,0.000518506946682982
100415.897017791,28.5787749433844,0.000520589207971745
100416.897017791,28.7747092852322,0.000522626524622938
100417.897017791,28.965032608209,0.000524620445217719
100418.897017791,29.1496949621536,0.000526572463814505
100419.897017791,29.3286580066418,0.000528484021590603
100420.897017791,29.5018942606081,0.000530356508750352
100421.897017791,29.6693879352878,0.000532191265059085
100422.897017791,29.8311336795318,0.000533989583477031
100423.897017791,29.9871337051828,0.000535752705292348
100424.897017791,30.1373994595655,0.000537481825506343
100425.897017791,30.2819516969396,0.000539178093555624
100426.897017791,30.420819609851,0.000540842615362077
100427.897017791,30.5540390997761,0.000542476453832935
100428.897017791,30.6816519476956,0.000544080629104984
100429.897017791,30.803706346437,0.000545656120375205
100430.897017791,30.9202568221139,0.000547203867422136
100431.897017791,31.0313635535196,0.000548724774884733
100432.897017791,31.1370905146947,0.000550219709382746
100433.897017791,31.2375049859733,0.000551689500514334
100434.897017791,31.3326783154996,0.00055313494362222
100435.897017791,31.4226861762374,0.000554556802341141
100436.897017791,31.5076072535551,0.000555955809420121
100437.897017791,31.5875215760481,0.00055733266634897
100438.897017791,31.6625104552726,0.000558688044007178
100439.897017791,31.7326578541897,0.000560022585291808
100440.897017791,31.7980509393158,0.000561336908960487
100441.897017791,31.8587780028368,0.000562631607915733
100442.897017791,31.9149245449856,0.000563907246555923
100443.897017791,31.9665764337321,0.00056516436220771
100444.897017791,32.0138245120876,0.000566403474607199
100445.897017791,32.056759818533,0.000567625085488905
100446.897017791,32.0954693358686,0.000568829670170243
100447.897017791,32.1300388790442,0.000570017680392882
100448.897017791,32.1605565739453,0.00057118955303708
100449.897017791,32.1871111694884,0.000572345708657641
100450.897017791,32.20978927555,0.000573486547878783
100451.897017791,32.2286756135496,0.000574612453155653
100452.897017791,32.2438543558723,0.000575723791642331
100453.897017791,32.2554091185355,0.000576820915665483
100454.897017791,32.2634221954203,0.000577904162523632
100455.897017791,32.2679744045705,0.000578973855141948
100456.897017791,32.2691451930489,0.000580030302935822
100457.897017791,32.2670126437812,0.00058107380244693
100458.897017791,32.2616534018021,0.00058210463791152
100459.897017791,32.2531426092475,0.00058312308178517
100460.897017791,32.2415538650028,0.000584129395234191
100461.897017791,32.226959200513,0.000585123828633568
100462.897017791,32.2094290644186,0.000586106622061388
100463.897017791,32.189032309705,0.000587078005760225
100464.897017791,32.1658361826897,0.000588038200566888
100465.897017791,32.139906317247,0.000588987418325359
100466.897017791,32.111306735345,0.000589925862285754
100467.897017791,32.0800998520952,0.000590853727485276
100468.897017791,32.046346483902,0.000591771201110542
100469.897017791,32.0101058595836,0.000592678462843128
100470.897017791,31.971435634515,0.000593575685189539
100471.897017791,31.9303919074991,0.000594463033796168
100472.897017791,31.8870292399634,0.000595340667749887
100473.897017791,31.8414006771529,0.000596208739864849
100474.897017791,31.7935577710554,0.000597067396956013
100475.897017791,31.7435506048381,0.000597916780100058
100476.897017791,31.69142781859,0.000598757024884307
100477.897017791,31.6372366361631,0.000599588261644209
100478.897017791,31.5810228929135,0.000600410615689856
100479.897017791,31.5228310641714,0.000601224207522048
100480.897017791,31.4627042942895,0.000602029153038417
100481.897017791,31.4006844261272,0.000602825563730064
100482.897017791,31.3368120308405,0.000603613546869138
100483.897017791,31.2711264378622,0.000604393205687808
100484.897017791,31.2036657649661,0.000605164639549012
100485.897017791,31.1344669483212,0.000605927944109385
100486.897017791,31.0635657724505,0.000606683211474728
100487.897017791,30.99099690002,0.000607430530348376
100488.897017791,30.9167939013891,0.000608169986172804
100489.897017791,30.8409892838645,0.000608901661264793
100490.897017791,30.7636145206026,0.000609625634944449
100491.897017791,30.6847000791179,0.000610341983658394
100492.897017791,30.6042754493553,0.000611050781097388
100493.897017791,30.5223691712924,0.000611752098308645
100494.897017791,30.4390088620432,0.000612446003803116
100495.897017791,30.3542212424376,0.000613132563657958
100496.897017791,30.268032163058,0.000613811841614434
100497.897017791,30.1804666297137,0.000614483899171447
100498.897017791,30.0915488283431,0.000615148795674935
100499.897017791,30.0013021493306,0.000615806588403305
100500.897017791,29.9097492112338,0.000616457332649109
100501.897017791,29.8169118839137,0.000617101081797129
100502.897017791,29.7228113110681,0.000617737887399049
100503.897017791,29.627467932166,0.000618367799244877
100504.897017791,29.530901503785,0.000618990865431257
100505.897017791,29.4331311203551,0.00061960713242684
100506.897017791,29.3341752343132,0.000620216645134828
100507.897017791,29.2340516756745,0.000620819446952846
100508.897017791,29.1327776710268,0.000621415579830249
100509.897017791,29.0303698619563,0.000622005084322997
100510.897017791,28.9268443229133,0.000622587999646203
100511.897017791,28.8222165785276,0.000623164363724469
100512.897017791,28.716501620383,0.00062373421324011
100513.897017791,28.6097139232607,0.000624297583679353
100514.897017791,28.5018674608652,0.000624854509376628
100515.897017791,28.3929757210413,0.000625405023557018
100516.897017791,28.2830517204937,0.00062594915837696
100517.897017791,28.1721080190218,0.000626486944963273
100518.897017791,28.0601567332831,0.000627018413450598
100519.897017791,27.9472095500941,0.000627543593017318
100520.897017791,27.8332777392813,0.000628062511920017
100521.897017791,27.7183721660939,0.00062857519752655
100522.897017791,27.6025033031942,0.000629081676347801
100523.897017791,27.4856812422332,0.000629581974068175
100524.897017791,27.3679157050217,0.00063007611557486
100525.897017791,27.2492160543093,0.000630564124985939
100526.897017791,27.1295913041892,0.000631046025677412
100527.897017791,27.0090501301372,0.000631521840309168
100528.897017791,26.8876008786868,0.000631991590849922
100529.897017791,26.7652515767521,0.000632455298601159
100530.897017791,26.6420099406258,0.000632912984220202
100531.897017791,26.5178833846621,0.000633364667742429
100532.897017791,26.3928790296315,0.000633810368602593
100533.897017791,26.2670037107496,0.000634250105655244
100534.897017791,26.1402639854248,0.000634683897194446
100535.897017791,26.012666140757,0.000635111760972892
100536.897017791,25.88421620075,0.000635533714220262
100537.897017791,25.7549199331878,0.000635949773660615
100538.897017791,25.6247828562439,0.000636359955529136
100539.897017791,25.4938102449496,0.000636764275588684
100540.897017791,25.3620071374734,0.000637162749145933
100541.897017791,25.2293783410034,0.000637555391066259
100542.897017791,25.0959284372368,0.000637942215787466
100543.897017791,24.9616617878564,0.000638323237333855
100544.897017791,24.8265825401732,0.00063869846933124
100545.897017791,24.6906946323852,0.000639067925020648
100546.897017791,24.554001787861,0.000639431617250256
100547.897017791,24.4165075426227,0.00063978955852872
100548.897017791,24.278215239742,0.000640141761019453
100549.897017791,24.1391280286875,0.000640488236544219
100550.897017791,23.9992488695712,0.000640828996593038
100551.897017791,23.8585805380494,0.000641164052334319
100552.897017791,23.7171256299872,0.000641493414626675
100553.897017791,23.5748865662801,0.000641817094033346
100554.897017791,23.431865597002,0.00064213510083441
100555.897017791,23.2880648038193,0.000642447445032256
100556.897017791,23.1434861014795,0.000642754136353773
100557.897017791,22.9981312405836,0.000643055184257936
100558.897017791,22.852001812389,0.00064335059795133
100559.897017791,22.7050992534648,0.000643640386402919
100560.897017791,22.5574248475008,0.000643924558347927
100561.897017791,22.4089797247827,0.00064420312228333
100562.897017791,22.2597648631231,0.000644476086469637
100563.897017791,22.109781092798,0.000644743458948158
100564.897017791,21.9590291028921,0.000645005247563196
100565.897017791,21.8075094435937,0.000645261459968431
100566.897017791,21.655222522964,0.00064551210361277
100567.897017791,21.5021686038438,0.00064575718572785
100568.897017791,21.3483478078935,0.00064599671334327
100569.897017791,21.1937601258534,0.000646230693324764
100570.897017791,21.0384054241225,0.000646459132397279
100571.897017791,20.8822834395752,0.000646682037123482
100572.897017791,20.7253936900183,0.000646899414414374
100573.897017791,20.5677356997283,0.000647111270270571
100574.897017791,20.4093087742449,0.000647317610358539
100575.897017791,20.2501121081342,0.000647518440413815
100576.897017791,20.0901447860202,0.000647713766149224
100577.897017791,19.9294057692336,0.00064790359315721
100578.897017791,19.7678938893945,0.000648087926871892
100579.897017791,19.6056079077311,0.000648266771951333
100580.897017791,19.4425464337524,0.000648440133743177
100581.897017791,19.2787079235461,0.000648608017675283
100582.897017791,19.1140907121418,0.000648770428879821
100583.897017791,18.9486930221238,0.000648927372192272
100584.897017791,18.7825127236099,0.000649078852612415
100585.897017791,18.6155479394442,0.000649224874588094
100586.897017791,18.4477965390583,0.00064936544218942
100587.897017791,18.2792562581879,0.000649500559570794
100588.897017791,18.1099248605177,0.000649630230341278
100589.897017791,17.9397998664065,0.000649754458791471
100590.897017791,17.7688785941822,0.000649873249212653
100591.897017791,17.5971582375139,0.000649986605537234
100592.897017791,17.4246359006359,0.000650094531440395
100593.897017791,17.2513082852281,0.000650197030876621
100594.897017791,17.0771725329783,0.00065029410751009
100595.897017791,16.9022254831778,0.000650385764507297
100596.897017791,16.7264637837259,0.000650472004993543
100597.897017791,16.5498841611698,0.000650552831527334
100598.897017791,16.3724829874244,0.000650628247275397
100599.897017791,16.194256435996,0.000650698255535809
100600.897017791,16.0152006322393,0.000650762859486619
100601.897017791,15.8353116480747,0.000650822062132658
100602.897017791,15.6545849498823,0.000650875866323045
100603.897017791,15.4730165487193,0.0006509242745749
100604.897017791,15.2906021422327,0.000650967288934782
100605.897017791,15.107337264374,0.000651004911612211
100606.897017791,14.9232173389666,0.000651037144950921
100607.897017791,14.7382380000622,0.000651063990840723
100608.897017791,14.5523943982204,0.000651085451670239
100609.897017791,14.3656813614814,0.000651101529636233
100610.897017791,14.1780935753893,0.000651112226430455
100611.897017791,13.98962565358,0.000651117543471774
100612.897017791,13.8002716408547,0.000651117482568356
100613.897017791,13.610026432019,0.000651112045785087
100614.897017791,13.4188844178215,0.000651101234039638
100615.897017791,13.2268395543392,0.000651085047555392
100616.897017791,13.0338854887317,0.0006510634860878
100617.897017791,12.8400160599979,0.000651036548574615
100618.897017791,12.6452242962739,0.000651004233668212
100619.897017791,12.4495029158671,0.000650966540008263
100620.897017791,12.2528447781006,0.000650923466722384
100621.897017791,12.0552428662444,0.000650875013347782
100622.897017791,11.856689132484,0.000650821178561697
100623.897017791,11.657176330413,0.000650761960596619
100624.897017791,11.4566967685163,0.00065069735687536
100625.897017791,11.255242527562,0.000650627365034745
100626.897017791,11.0528056081481,0.000650551983139752
100627.897017791,10.8493786133819,0.000650471209600672
100628.897017791,10.6449533914886,0.000650385043329736
100629.897017791,10.439521258522,0.000650293482632348
100630.897017791,10.2330731139085,0.000650196524230364
100631.897017791,10.02559943351,0.000650094163237032
100632.897017791,9.81708978688801,0.000649986394932599
100633.897017791,9.60753551873342,0.000649873217035475
100634.897017791,9.39692777464813,0.000649754627392166
100635.897017791,9.18525734922341,0.000649630623791726
100636.897017791,8.97251459936613,0.000649501203287226
100637.897017791,8.75868937176898,0.00064936636172215
100638.897017791,8.54377102065008,0.000649226093731666
100639.897017791,8.32774853783173,0.000649080393206332
100640.897017791,8.11061074417375,0.000648929253987538
100641.897017791,7.89234645410209,0.000648772670463593
100642.897017791,7.67294453566712,0.000648610637788021
100643.897017791,7.45239487287805,0.000648443152168494
100644.897017791,7.23068626283381,0.000648270210205092
100645.897017791,7.00780646285998,0.000648091806448696
100646.897017791,6.78374227488538,0.000647907931924317
100647.897017791,6.55847995662934,0.000647718575620843
100648.897017791,6.33200480781366,0.000647523727486679
100649.897017791,6.10430471961864,0.000647323381726866
100650.897017791,5.875367454998,0.000647117532949999
100651.897017791,5.64518020336441,0.000646906175295997
100652.897017791,5.41372940930856,0.000646689301370465
100653.897017791,5.18100040885476,0.000646466900448161
100654.897017791,4.94697778406111,0.000646238960508035
100655.897017791,4.71164572180262,0.000646005468262694
100656.897017791,4.47498828695239,0.000645766410725533
100657.897017791,4.23698983612763,0.00064552177652763
100658.897017791,3.99763466430888,0.00064527155564112
100659.897017791,3.75690690956918,0.000645015737521535
100660.897017791,3.51479018713171,0.000644754310541048
100661.897017791,3.27126735522631,0.000644487261275791
100662.897017791,3.02632044082449,0.000644214574216278
100663.897017791,2.77993228845822,0.000643936232945403
100664.897017791,2.53208291378253,0.000643652217350989
100665.897017791,2.28275169940348,0.000643362507528245
100666.897017791,2.03191905079947,0.000643067086964893
100667.897017791,1.77956649133307,0.000642765942777386
100668.897017791,1.52567514209553,0.000642459061074717
100669.897017791,1.27022178340656,0.000642146419336896
100670.897017791,1.01318430616628,0.000641827991923109
100671.897017791,0.754539537917934,0.000641503751107926
100672.897017791,0.494263980793227,0.000641173670113478
100673.897017791,0.232334416178266,0.000640837724610479
100674.897017791,-0.0312698867475359,0.00064049589499915
100675.897017791,-0.296571790981772,0.000640148161130375
100676.897017791,-0.563595596579384,0.000639794500572499
100677.897017791,-0.832367359218741,0.000639434884717827
100678.897017791,-1.10291592490706,0.000639069275205637
100679.897017791,-1.37527297124266,0.000638697624551627
100680.897017791,-1.64947291423425,0.00063831988377184
100681.897017791,-1.92554246189474,0.00063793602213326
100682.897017791,-2.20350712893001,0.000637546014943304
100683.897017791,-2.48339344966204,0.000637149836451167
100684.897017791,-2.76523034460033,0.000636747454427164
100685.897017791,-3.04904975863817,0.00063633882758473
100686.897017791,-3.33488373510272,0.000635923909312701
100687.897017791,-3.62277031610791,0.00063550264061654
100688.897017791,-3.91274895211287,0.000635074961362764
100689.897017791,-4.2048563228229,0.000634640821065078
100690.897017791,-4.49912591970808,0.000634200180093194
100691.897017791,-4.795591006548,0.000633753000367828
100692.897017791,-5.0942928121958,0.000633299226088487
100693.897017791,-5.39527204673505,0.000632838792913469
100694.897017791,-5.69857293667665,0.000632371626875525
100695.897017791,-6.00424150319025,0.000631897650983849
100696.897017791,-6.31232364038727,0.000631416790947966
100697.897017791,-6.62286435565181,0.000630928977293598
100698.897017791,-6.9359035361789,0.000630434151998258
100699.897017791,-7.2514852310947,0.000629932252998222
100700.897017791,-7.56965711751554,0.000629423210318877
100701.897017791,-7.89047084244237,0.000628906940516982
100702.897017791,-8.2139825725436,0.000628383344634619
100703.897017791,-8.5402512877724,0.000627852315190346
100704.897017791,-8.86934124510142,0.000627313738775627
100705.897017791,-9.20130484166121,0.000626767529492033
100706.897017791,-9.53619414784135,0.000626213605423199
100707.897017791,-9.87406332749288,0.000625651881233814
100708.897017791,-10.2149696339703,0.000625082263713709
100709.897017791,-10.5589739783711,0.000624504649239218
100710.897017791,-10.9061408493708,0.000623918923834347
100711.897017791,-11.2565375934272,0.00062332496554844
100712.897017791,-11.6102333657118,0.000622722647978482
100713.897017791,-11.9672981486046,0.000622111843555119
100714.897017791,-12.3278021347694,0.000621492425579533
100715.897017791,-12.6918087462615,0.000620864281467868
100716.897017791,-13.0593884112565,0.000620227288786203
100717.897017791,-13.4306133810287,0.00061958132178869
100718.897017791,-13.8055573982997,0.000618926249978598
100719.897017791,-14.1842968475039,0.000618261933426097
100720.897017791,-14.5669109606902,0.00061758822257296
100721.897017791,-14.9534798894062,0.000616904965194286
100722.897017791,-15.3440905809487,0.000616211999896791
100723.897017791,-15.738814848932,0.000615509197370198
100724.897017791,-16.1377239456137,0.000614796431374563
100725.897017791,-16.5408899995463,0.000614073574563407
100726.897017791,-16.9483786336923,0.000613340510421037
100727.897017791,-17.3602633641719,0.000612597109091056
100728.897017791,-17.7766186374425,0.000611843236334419
100729.897017791,-18.1975171807342,0.000611078758288657
100730.897017791,-18.6230309330965,0.000610303539505558
100731.897017791,-19.0532314502865,0.000609517441216037
100732.897017791,-19.4881888174797,0.000608720323559308
100733.897017791,-19.9279679960598,0.000607912055507903
100734.897017791,-20.3726256924897,0.00060709252680142
100735.897017791,-20.8222089800568,0.000606261650200409
100736.897017791,-21.2767581279205,0.000605419349865309
100737.897017791,-21.7363119825189,0.000604565541870953
100738.897017791,-22.2009125889767,0.00060370011776705
100739.897017791,-22.6706043174948,0.000602822944217882
100740.897017791,-23.1454219474072,0.000601933900325463
100741.897017791,-23.6253773535586,0.000601032919238662
100742.897017791,-24.1104698068818,0.000600119950145204
100743.897017791,-24.6006979034428,0.000599194916605751
100744.897017791,-25.0960538871157,0.000598257732559595
100745.897017791,-25.5965190200906,0.000597308315595754
100746.897017791,-26.1020646623032,0.000596346576269965
100747.897017791,-26.6126509519894,0.000595372419640488
100748.897017791,-27.1282233630601,0.000594385753717775
100749.897017791,-27.648711703333,0.00059338648690832
100750.897017791,-28.1740307666461,0.000592374520426268
100751.897017791,-28.7040799843147,0.000591349746839275
100752.897017791,-29.238741583586,0.000590312053485037
100753.897017791,-29.7778782762704,0.000589261324572796
100754.897017791,-30.3213315588693,0.000588197440965156
100755.897017791,-30.8689210988005,0.000587120280295124
100756.897017791,-31.4204445489238,0.000586029718627247
100757.897017791,-31.9756780234939,0.000584925630496802
100758.897017791,-32.5343708790569,0.000583807895726072
100759.897017791,-33.0962458166071,0.000582676401231026
100760.897017791,-33.6610027475056,0.000581531042092149
100761.897017791,-34.2283213188749,0.00058037172436958
100762.897017791,-34.7978580266855,0.000579198368676244
100763.897017791,-35.3692429436263,0.000578010914484729
100764.897017791,-35.9420876436097,0.000576809326164574
100765.897017791,-36.5160008487803,0.000575593586246113
100766.897017791,-37.0905927145325,0.000574363699798146
100767.897017791,-37.6654657436409,0.000573119699547692
100768.897017791,-38.2402069513277,0.000571861648198777
100769.897017791,-38.8144033253457,0.000570589638474927
100770.897017791,-39.3876804698078,0.000569303792005021
100771.897017791,-39.9597283284195,0.00056800425794003
100772.897017791,-40.530275861136,0.000566691212019564
100773.897017791,-41.0990323126912,0.00056536485593089
100774.897017791,-41.6656755325606,0.000564025415465295
100775.897017791,-42.2299467507439,0.000562673136237342
100776.897017791,-42.7917863854478,0.000561308278482521
100777.897017791,-43.351338118517,0.000559931114698676
100778.897017791,-43.90873093641,0.000558541931154815
100779.897017791,-44.4638186646616,0.000557141027222968
100780.897017791,-45.0162335421705,0.000555728704948042
100781.897017791,-45.56588693929,0.00055430525301169
100782.897017791,-46.1134896850265,0.000552870943108643
100783.897017791,-46.6603423391924,0.000551426052332497
100784.897017791,-47.2062144496261,0.000549970904737336
100785.897017791,-47.7507680034948,0.000548505756081765
100786.897017791,-48.2942685788242,0.000547030887980055
100787.897017791,-48.8375391948868,0.000545546501423518
100788.897017791,-49.3810351913,0.000544052848887645
100789.897017791,-49.9250191833156,0.000542550148651669
100790.897017791,-50.4697846758207,0.000541038600933043
100791.897017791,-51.0156358769053,0.000539518367034857
100792.897017791,-51.5628708794777,0.000537989635978458
100793.897017791,-52.1117303188638,0.000536452589304909
100794.897017791,-52.662383543375,0.000534907395275469
100795.897017791,-53.2149254216529,0.000533354211685676
100796.897017791,-53.769368050328,0.000531793191029285
100797.897017791,-54.3256342831217,0.000530224484832082
100798.897017791,-54.8835539924974,0.000528648246850551
100799.897017791,-55.4428643353017,0.000527064636992818
100800.897017791,-56.0032018957188,0.000525473819241818
100801.897017791,-56.5641021893422,0.000523875971512139
100802.897017791,-57.1250126054843,0.000522271277947497
100803.897017791,-57.6852964380099,0.000520659941568616
100804.897017791,-58.2442451207043,0.0005190421744266
100805.897017791,-58.8010813687716,0.00051741821256631
100806.897017791,-59.3549811971464,0.000515788305836303
100807.897017791,-59.9050847296591,0.00051415271883362
100808.246661747,-60.0963459259884,0.00051357961602399
100808.596305704,-60.286938690654,0.000513006016724038
100808.94594966,-60.4768182467919,0.000512431957711263
100809.295593617,-60.6659527387132,0.000511857438141664
100809.645237574,-60.8543142055321,0.00051128244420561
100810.519884454,-61.3218668103596,0.000509841912100676
100811.394531334,-61.7839086546114,0.000508398276107516
100812.269178214,-62.2399466014219,0.000506951576092009
100813.143825094,-62.6894672272627,0.000505501932155303
100814.143825094,-63.1948228988124,0.000503841132664932
100815.143825094,-63.6903034812441,0.000502177013689927
100816.143825094,-64.1752009534439,0.000500509930065008
100817.143825094,-64.6488796815347,0.000498840250597601
100818.143825094,-65.1107758907478,0.000497168359051513
100819.143825094,-65.5603951349942,0.000495494645225148
100820.143825094,-65.9973148814643,0.000493819497861397
100821.143825094,-66.4211779046769,0.000492143310761591
100822.143825094,-66.8316990846846,0.000490466473166727
100823.143825094,-67.2286586201967,0.000488789372182837
100824.143825094,-67.6119072212676,0.000487112387120656
100825.143825094,-67.9813554597407,0.000485435890956491
100826.143825094,-68.3369800968193,0.000483760247499511
100827.143825094,-68.6788076803221,0.000482085811035543
100828.143825094,-69.0069227000442,0.000480412926422554
100829.143825094,-69.321458683503,0.000478741925685454
100830.143825094,-69.6225952332331,0.000477073129230878
100831.143825094,-69.9105465169948,0.000475406846086392
100832.143825094,-70.1855668650497,0.000473743371868544
100833.143825094,-70.4479369245935,0.000472082990120744
100834.143825094,-70.6979647027138,0.000470425970123389
100835.143825094,-70.9359780648928,0.000468772568632124
100836.143825094,-71.1623294952139,0.00046712302923966
100837.143825094,-71.3773831728698,0.000465477583121791
100838.143825094,-71.5815126363569,0.000463836447652732
100839.143825094,-71.7750987226272,0.000462199828464106
100840.143825094,-71.9585283451619,0.000460567917734014
100841.143825094,-72.1321911555628,0.000458940897811301
100842.143825094,-72.2964770790725,0.000457318937711263
100843.143825094,-72.4517716897779,0.000455702194911628
100844.143825094,-72.5984578034476,0.000454090816664433
100845.143825094,-72.7369085764387,0.000452484939062042
100846.143825094,-72.8675273037806,0.000450884697722517
100847.143825094,-72.9906562263462,0.00044929020454673
100848.143825094,-73.1066358632281,0.000447701567244619
100849.143825094,-73.2158010930876,0.000446118881140651
100850.143825094,-73.3184793353813,0.000444542236172914
100851.143825094,-73.4149885913505,0.000442971715300265
100852.143825094,-73.5056114267055,0.000441407388566757
100853.143825094,-73.5906497838045,0.000439849326562556
100854.143825094,-73.6704023853944,0.00043829759496792
100855.143825094,-73.7451488676651,0.000436752251089665
100856.143825094,-73.8151501577873,0.000435213344461166
100857.143825094,-73.8806534824981,0.00043368091848203
100858.143825094,-73.9418952020495,0.000432155011422687
100859.143825094,-73.9991012922744,0.000430635656786561
100860.143825094,-74.0524871457998,0.000429122883478539
100861.143825094,-74.1022576005943,0.000427616716020071
100862.143825094,-74.148607255074,0.000426117174823032
100863.143825094,-74.1917208812184,0.000424624276470262
100864.143825094,-74.2317738251256,0.000423138033974742
100865.143825094,-74.2689323824454,0.000421658457016626
100866.143825094,-74.3033541663818,0.000420185552164933
100867.143825094,-74.3351884777616,0.000418719323087757
100868.143825094,-74.3645766756351,0.000417259770751635
100869.143825094,-74.3916525436848,0.000415806893609814
100870.143825094,-74.4165426490966,0.000414360687779499
100871.143825094,-74.4393666922651,0.000412921147208558
100872.143825094,-74.4602378464623,0.000411488263832253
100873.143825094,-74.4792630867626,0.000410062027720557
100874.143825094,-74.496543507591,0.000408642427216519
100875.143825094,-74.5121746284059,0.000407229449066151
100876.143825094,-74.5262466872137,0.00040582307854028
100877.143825094,-74.5388449217736,0.000404423299548815
100878.143825094,-74.5500498384806,0.000403030094747834
100879.143825094,-74.5599374690143,0.000401643445639931
100880.143825094,-74.5685796149193,0.000400263332668182
100881.143825094,-74.5760440803516,0.000398889735304122
100882.143825094,-74.5823948932776,0.000397522632130089
100883.143825094,-74.5876925154553,0.00039616200091626
100884.143825094,-74.5919940415576,0.000394807818692712
100885.143825094,-74.595353387822,0.000393460061816799
100886.143825094,-74.5978214706272,0.000392118706036157
100887.143825094,-74.5994463754044,0.000390783726547573
100888.143825094,-74.6002735162986,0.000389455098052006
100889.143825094,-74.600345786994,0.000388132794805982
100890.143825094,-74.5997037031136,0.000386816790669603
100891.143825094,-74.5983855366005,0.000385507059151371
100892.143825094,-74.5964274424744,0.000384203573450041
100893.143825094,-74.5938635783532,0.00038290630649368
100894.143825094,-74.5907262171128,0.000381615230976122
100895.143825094,-74.587045853049,0.000380330319390969
100896.143825094,-74.5828513018895,0.000379051544063315
100897.143825094,-74.5781697949939,0.000377778877179313
100898.143825094,-74.5730270680604,0.00037651229081375
100899.143825094,-74.5674474446491,0.000375251756955732
100900.143825094,-74.5614539148142,0.000373997247532619
100901.143825094,-74.5550682091232,0.000372748734432307
100902.143825094,-74.5483108683314,0.000371506189523979
100903.143825094,-74.541201308961,0.000370269584677399
100904.143825094,-74.5337578850255,0.000369038891780867
100905.143825094,-74.5259979461252,0.000367814082757899
100906.143825094,-74.5179378921286,0.000366595129582729
100907.143825094,-74.5095932246412,0.000365382004294691
100908.143825094,-74.5009785954536,0.000364174679011566
100909.143825094,-74.4921078521499,0.000362973125941951
100910.143825094,-74.4829940810448,0.000361777317396715
100911.143825094,-74.4736496476128,0.000360587225799589
100912.143825094,-74.4640862345571,0.000359402823696958
100913.143825094,-74.4543148776638,0.000358224083766894
100914.143825094,-74.4443459995732,0.00035705097882748
100915.143825094,-74.4341894415955,0.000355883481844467
100916.143825094,-74.4238544936887,0.000354721565938302
100917.143825094,-74.4133499227107,0.000353565204390571
100918.143825094,-74.4026839990501,0.000352414370649885
100919.143825094,-74.3918645217345,0.000351269038337245
100920.143825094,-74.3808988421088,0.000350129181250919
100921.143825094,-74.3697938861699,0.000348994773370853
100922.143825094,-74.3585561756411,0.000347865788862646
100923.143825094,-74.3471918478606,0.000346742202081118
100924.143825094,-74.3357066745584,0.000345623987573483
100925.143825094,-74.3241060795879,0.000344511120082166
100926.143825094,-74.312395155677,0.00034340357454726
100927.143825094,-74.3005786802562,0.00034230132610867
100928.143825094,-74.288661130423,0.000341204350107933
100929.143825094,-74.2766466970918,0.000340112622089759
100930.143825094,-74.264539298382,0.000339026117803281
100931.143825094,-74.2523425922874,0.000337944813203049
100932.143825094,-74.2400599886733,0.000336868684449771
100933.143825094,-74.2276946606405,0.000335797707910821
100934.143825094,-74.2152495552954,0.000334731860160511
100935.143825094,-74.2027274039615,0.000333671117980162
100936.143825094,-74.190130731867,0.000332615458357961
100937.143825094,-74.1774618673392,0.000331564858488627
100938.143825094,-74.1647229505368,0.000330519295772894
100939.143825094,-74.1519159417462,0.000329478747816817
100940.143825094,-74.1390426292705,0.000328443192430908
100941.143825094,-74.1261046369334,0.000327412607629118
100942.143825094,-74.1131034312217,0.00032638697162766
100943.143825094,-74.1000403280899,0.000325366262843694
100944.143825094,-74.0869164994436,0.000324350459893868
100945.143825094,-74.0737329793246,0.000323339541592735
100946.143825094,-74.060490669812,0.000322333486951036
100947.143825094,-74.0471903466582,0.000321332275173872
100948.143825094,-74.0338326646749,0.000320335885658759
100949.143825094,-74.0204181628826,0.000319344297993579
100950.143825094,-74.0069472694387,0.000318357491954426
100951.143825094,-73.9934203063557,0.000317375447503356
100952.143825094,-73.9798374940224,0.000316398144786056
100953.143825094,-73.9661989555378,0.000315425564129409
100954.143825094,-73.9525047208696,0.000314457686038999
100955.143825094,-73.9387547308453,0.00031349449119653
100956.143825094,-73.9249488409862,0.000312535960457175
100957.143825094,-73.9110868251913,0.000311582074846865
100958.143825094,-73.8971683792796,0.000310632815559515
100959.143825094,-73.8831931243977,0.000309688163954196
100960.143825094,-73.8691606102993,0.000308748101552259
100961.143825094,-73.8550703185015,0.000307812610034411
100962.143825094,-73.8409216653258,0.000306881671237754
100963.143825094,-73.8267140048263,0.000305955267152787
100964.143825094,-73.812446631612,0.000305033379920379
100965.143825094,-73.7981187835653,0.00030411599182872
100966.143825094,-73.7837296444626,0.000303203085310245
100967.143825094,-73.769278346499,0.000302294642938553
100968.143825094,-73.7547639727216,0.000301390647425302
100969.143825094,-73.7401855593722,0.000300491081617116
100970.143825094,-73.7255420981446,0.000299595928492476
100971.143825094,-73.7108325383573,0.000298705171158629
100972.143825094,-73.6960557890426,0.000297818792848494
100973.143825094,-73.6812107209567,0.000296936776917595
100974.143825094,-73.6662961685094,0.000296059106841004
100975.143825094,-73.6513109316171,0.000295185766210313
100976.143825094,-73.6362537774783,0.000294316738730635
100977.143825094,-73.6211234422746,0.000293452008217637
100978.143825094,-73.6059186327956,0.000292591558594611
100979.143825094,-73.590638027991,0.000291735373889591
100980.143825094,-73.575280280448,0.000290883438232518
100981.143825094,-73.5598440177967,0.000290035735852448
100982.143825094,-73.5443278440416,0.000289192251074832
100983.143825094,-73.528730340821,0.000288352968318839
100984.143825094,-73.5130500685938,0.000287517872094761
100985.143825094,-73.4972855677537,0.000286686947001472
100986.143825094,-73.4814353596711,0.000285860177723966
100987.143825094,-73.465497947662,0.000285037549030975
100988.143825094,-73.449471817885,0.000284219045772658
100989.143825094,-73.4333554401642,0.000283404652878381
100990.143825094,-73.4171472687405,0.000282594355354578
100991.143825094,-73.4008457429481,0.000281788138282705
100992.143825094,-73.3844492878191,0.000280985986817286
100993.143825094,-73.367956314613,0.000280187886184052
100994.143825094,-73.3513652212729,0.00027939382167818
100995.143825094,-73.3346743928074,0.000278603778662632
100996.143825094,-73.317882201598,0.000277817742566597
100997.143825094,-73.3009870076315,0.000277035698884033
100998.143825094,-73.2839871586583,0.000276257633172322
100999.143825094,-73.2668809902746,0.000275483531051026
101000.143825094,-73.2496668259296,0.000274713378200759
101001.143825094,-73.2323429768579,0.000273947160362165
101002.143825094,-73.214907741935,0.000273184863335005
101003.143825094,-73.1973594074582,0.000272426472977368
101004.143825094,-73.1796962468504,0.000271671975204978
101005.143825094,-73.1619165202889,0.00027092135599063
101006.143825094,-73.1440184742571,0.000270174601363731
101007.143825094,-73.1260003410207,0.000269431697409962
101008.143825094,-73.1078603380266,0.000268692630271042
101009.143825094,-73.0895966672264,0.000267957386144625
101010.143825094,-73.071207514322,0.000267225951284291
101011.143825094,-73.0526910479358,0.000266498311999665
101012.143825094,-73.0340454187028,0.000265774454656641
101013.143825094,-73.0152687582869,0.000265054365677721
101014.143825094,-72.9963591783185,0.000264338031542468
101015.143825094,-72.9773147692563,0.000263625438788063
101016.143825094,-72.9581335991703,0.000262916574009978
101017.143825094,-72.9388137124472,0.000262211423862755
101018.143825094,-72.9193531284175,0.000261509975060894
101019.143825094,-72.8997498399036,0.000260812214379848
101020.143825094,-72.8800018116891,0.00026011812865712
101021.143825094,-72.8601069789073,0.000259427704793468
101022.143825094,-72.8400632453505,0.000258740929754215
101023.143825094,-72.8198684816963,0.000258057790570654
101024.143825094,-72.7995205236533,0.000257378274341563
101025.143825094,-72.7790171700223,0.000256702368234812
101026.143825094,-72.7583561806737,0.000256030059489075
101027.143825094,-72.7375352744388,0.000255361335415633
101028.143825094,-72.7165521269139,0.000254696183400284
101029.143825094,-72.6954043681757,0.000254034590905339
101030.143825094,-72.674089580406,0.000253376545471719
101031.143825094,-72.6526052954231,0.000252722034721144
101032.143825094,-72.6309489921187,0.000252071046358421
101033.143825094,-72.6091180937973,0.00025142356817382
101034.143825094,-72.5871099654149,0.000250779588045547
101035.143825094,-72.5649219107146,0.00025013909394231
101036.143825094,-72.5425511692562,0.000249502073925981
101037.143825094,-72.519994913335,0.000248868516154346
101038.143825094,-72.4972502447871,0.00024823840888396
101039.143825094,-72.4743141916762,0.000247611740473084
101040.143825094,-72.4511837048578,0.000246988499384734
101041.143825094,-72.4278556544158,0.000246368674189814
101042.143825094,-72.4043268259655,0.000245752253570359
101043.143825094,-72.3805939168184,0.000245139226322869
101044.143825094,-72.3566535320015,0.000244529581361759
101045.143825094,-72.3325021801244,0.000243923307722902
101046.143825094,-72.308136269088,0.00024332039456729
101047.143825094,-72.2835521016259,0.000242720831184801
101048.143825094,-72.2587458706707,0.000242124606998084
101049.143825094,-72.2337136545357,0.000241531711566566
101050.143825094,-72.2084514119032,0.000240942134590572
101051.143825094,-72.1829549766079,0.000240355865915589
101052.143825094,-72.1572200522056,0.000239772895536646
101053.143825094,-72.131242206314,0.00023919321360285
101054.143825094,-72.1050168647139,0.000238616810422054
101055.143825094,-72.0785393051959,0.000238043676465686
101056.143825094,-72.0518046511395,0.000237473802373731
101057.143825094,-72.0248078648075,0.000236907178959886
101058.143825094,-71.9975437403389,0.000236343797216889
101059.143825094,-71.9700068964238,0.000235783648322029
101060.143825094,-71.9421917686383,0.000235226723642859
101061.143825094,-71.9140926014212,0.00023467301474311
101062.143825094,-71.8857034396685,0.000234122513388822
101063.143825094,-71.8570181199218,0.000233575211554711
101064.143825094,-71.8280302611265,0.000233031101430771
101065.143825094,-71.7987332549299,0.000232490175429139
101066.143825094,-71.7691202554916,0.000231952426191237
101067.143825094,-71.7391841687725,0.000231417846595191
101068.143825094,-71.7089176412696,0.000230886429763575
101069.143825094,-71.6783130481594,0.000230358169071466
101070.143825094,-71.6473624808088,0.00022983305815486
101071.143825094,-71.6160577336131,0.000229311090919442
101072.143825094,-71.5843902901125,0.000228792261549767
101073.143825094,-71.5523513083392,0.000228276564518846
101074.143825094,-71.5199316053402,0.00022776399459818
101075.143825094,-71.4871216408187,0.00022725454686828
101076.143825094,-71.4539114998299,0.000226748216729677
101077.143825094,-71.4202908744651,0.000226244999914489
101078.143825094,-71.3862490444492,0.000225744892498553
101079.143825094,-71.3517748565722,0.000225247890914188
101080.143825094,-71.3168567028682,0.000224753991963603
101081.143825094,-71.2814824974491,0.000224263192833023
101082.143825094,-71.2456396518885,0.000223775491107568
101083.143825094,-71.2093150490474,0.000223290884786934
101084.143825094,-71.1724950152193,0.000222809372301957
101085.143825094,-71.1351652904634,0.00022233095253209
101086.143825094,-71.0973109969821,0.000221855624823894
101087.143825094,-71.0589166053859,0.000221383389010594
101088.143825094,-71.0199658986743,0.000220914245432786
101089.143825094,-70.9804419337435,0.000220448194960396
101090.143825094,-70.9403270002172,0.000219985239015962
101091.143825094,-70.8996025763725,0.00021952537959936
101092.143825094,-70.8582492819138,0.000219068619314083
101093.143825094,-70.8162468273214,0.000218614961395194
101094.143825094,-70.7735739594743,0.000218164409739088
101095.143825094,-70.7302084032158,0.000217716968935206
101096.143825094,-70.6861267984953,0.000217272644299876
101097.143825094,-70.6413046326826,0.000216831441912438
101098.143825094,-70.5957161676054,0.000216393368653866
101099.143825094,-70.5493343608145,0.000215958432248084
101100.143825094,-70.5021307805231,0.000215526641306221
101101.143825094,-70.4540755136075,0.000215098005374067
101102.143825094,-70.4051370659857,0.000214672534983002
101103.143825094,-70.3552822546091,0.00021425024170473
101104.143825094,-70.3044760902163,0.000213831138210157
101105.143825094,-70.2526816498922,0.000213415238332809
101106.143825094,-70.1998599383616,0.000213002557137221
101107.143825094,-70.1459697368133,0.00021259311099277
101108.143825094,-70.0909674378983,0.000212186917653506
101109.143825094,-70.0348068653721,0.000211783996344559
101110.143825094,-69.9774390766515,0.000211384367855807
101111.143825094,-69.9188121463257,0.000210988054643555
101112.143825094,-69.8588709283973,0.000210595080941065
101113.143825094,-69.7975567947173,0.000210205472878896
101114.143825094,-69.7348073467286,0.000209819258616117
101115.143825094,-69.6705560972085,0.000209436468483623
101116.143825094,-69.6047321182243,0.000209057135140917
101117.143825094,-69.5372596509435,0.000208681293747926
101118.143825094,-69.4680576722764,0.000208308982153644
101119.143825094,-69.3970394125448,0.000207940241103616
101120.143825094,-69.3241118174423,0.000207575114468621
101121.143825094,-69.249174946453,0.000207213649497205
101122.143825094,-69.1721212985859,0.000206855897095172
101123.143825094,-69.0928350547189,0.000206501912135578
101124.143825094,-69.0111912239685,0.000206151753803371
101125.143825094,-68.9270546792418,0.000205805485979479
101126.143825094,-68.840279064391,0.00020546317766995
101127.143825094,-68.7507055520638,0.00020512490348672
101128.143825094,-68.658161427284,0.000204790744187729
101129.143825094,-68.5624584668055,0.000204460787285523
101130.143825094,-68.4633910781321,0.000204135127735143
101131.143825094,-68.3607341544522,0.000203813868714214
101132.143825094,-68.2542405922036,0.00020349712251065
101133.143825094,-68.1436384059979,0.000203185011536552
101134.143825094,-68.028627360485,0.00020287766949075
101135.143825094,-67.908875019437,0.000202575242697306
101136.143825094,-67.7840120875755,0.000202277891653406
101137.143825094,-67.6536268886502,0.000201985792827809
101138.143825094,-67.5172587815263,0.000201699140760905
101139.143825094,-67.3743902611057,0.000201418150530144
101140.143825094,-67.2244374179314,0.000201143060661115
101141.143825094,-67.0667383323757,0.000200874136586179
101142.143825094,-66.9005388464003,0.000200611674781199
101143.143825094,-66.72497497334,0.000200356007749232
101144.143825094,-66.5390509522708,0.000200107510071932
101145.143825094,-66.3416115954088,0.00019986660582056
101146.143825094,-66.131307064228,0.000199633777717455
101147.143825094,-65.9065474635969,0.000199409578578498
101148.143825094,-65.6654435370914,0.000199194645767626
101149.143825094,-65.4057280746572,0.000198989719687624
101150.143825094,-65.1246500609499,0.000198795667768827
101151.143825094,-64.818829505513,0.000198613516084896
101152.143825094,-64.4840542526947,0.000198444491769666
101153.143825094,-64.1149889429651,0.00019829008109169
101154.143825094,-63.7047470246554,0.000198152110842257
101155.143825094,-63.2442420355503,0.000198032865525021
101156.143825094,-62.7211692070739,0.000197935261544141
101157.143825094,-62.1183397607515,0.000197863116091274
101158.143825094,-61.4088220842861,0.000197821770695278
101159.143825094,-60.5516327925537,0.000197818733164994
101160.143825094,-59.4818019388804,0.000197864931098875
101160.941921417,-58.4010687809616,0.000197948389154104
101161.74001774,-57.0003706302272,0.000198089107539274
101162.294953168,-55.7326964948312,0.000198233443890811
101162.734871196,-54.4602625037682,0.000198385574166791
101163.174789225,-52.8220291553363,0.000198584467011191
101163.485547801,-51.335332323013,0.000198764128632331
101163.739393097,-49.8226385163906,0.000198944655653525
101163.993238393,-47.9281046692806,0.000199168016082912
101164.185862643,-46.1430833905889,0.000199377612395299
101164.378486894,-43.9613900717634,0.000199637395729402
101164.531699757,-41.8776195663412,0.000199895166376184
101164.684912621,-39.4444469263791,0.000200219054010766
101164.838125484,-36.6657280417565,0.00020063976247699
101164.991338347,-33.619830647142,0.000201203790792796
101165.144551211,-30.4706280272395,0.000201975978050179
101165.266489942,-28.0300589910451,0.000202792000138294
101165.388428673,-25.7354670893017,0.000203829831799704
101165.510367404,-23.6112898741394,0.000205120471443245
101165.632306136,-21.6305687603584,0.000206681149901717
101165.754244867,-19.7401507102031,0.000208514624429673
101165.876183598,-17.8880096550883,0.000210611743350512
101165.998122329,-16.0351823087563,0.00021295383026387
101166.12006106,-14.1582143021132,0.000215514457404738
101166.255874245,-12.0286054898629,0.000218582533739772
101166.355290818,-10.4437369272479,0.000220943900435502
101166.454707391,-8.84488383386753,0.000223376839662561
101166.536527721,-7.52543140090332,0.000225415961780553
101166.61834805,-6.2096636913034,0.000227473992442017
101166.700168379,-4.90426823882108,0.000229537983731804
101166.781988708,-3.6158812345768,0.000231595663295011
101166.863809037,-2.35081687586553,0.000233635705106831
101166.960395648,-0.895275752587249,0.000236007399522478
101167.056982259,0.511638270284966,0.000238326085756739
101167.153568871,1.86349330197653,0.000240580349042368
101167.250155482,3.15559235536412,0.000242761638445153
101167.346742093,4.38486927517768,0.000244864109329672
101167.443328704,5.54976757156818,0.000246884429589392
101167.596007533,7.25955518085226,0.000249908259043844
101167.748686362,8.81247542586759,0.000252729176821933
101167.901365191,10.2176738608832,0.000255360339830836
101168.05404402,11.4869463032036,0.000257819840552263
101168.206722848,12.6330810278518,0.000260127845053352
101168.359401677,13.6687401183003,0.000262304666743804
101168.561113257,14.8872821373139,0.000265011180378285
101168.7275364,15.7797887770252,0.000267124001521231
101168.893959543,16.5821361898397,0.000269147044778512
101169.060382686,17.3034064538058,0.000271094411283253
101169.226805829,17.9511286419006,0.000272977389730358
101169.393228972,18.5315913065305,0.000274804909548528
101169.559652115,19.0501247367772,0.000276583970457664
101169.727946318,19.5162213112291,0.000278339389707582
101169.853271929,19.8277628394307,0.0002796208378662
101169.97859754,20.1107825544368,0.000280882112284294
101170.103923151,20.3668373233796,0.000282124630390824
101170.229248762,20.5974102637742,0.000283349637620439
101170.354574373,20.8039153061088,0.000284558253795999
101170.479899984,20.9877244482097,0.000285751504951442
101170.612392448,21.1588622205264,0.000286997332426085
101170.744884913,21.3076928516866,0.000288228071690193
101170.877377377,21.4356878505406,0.000289444667280394
101171.009869841,21.5442638600867,0.00029064799283328
101171.142362305,21.6348197397653,0.000291838860881816
101171.274854769,21.7086617025594,0.000293018024027193
101171.52382044,21.8067278663631,0.000295204517679505
101171.772786111,21.8582515602232,0.000297356225029348
101172.021751782,21.8703982501559,0.000299476673932494
101172.270717453,21.8496145475177,0.000301568872731331
101172.519683124,21.8016529784423,0.000303635368241128
101172.768648795,21.7316005386157,0.000305678298040931
101173.107029012,21.6088990328795,0.00030842031512558
101173.445409229,21.4630833675316,0.000311125646744577
101173.783789445,21.3019300226241,0.000313797030585451
101174.122169662,21.1317222338185,0.000316436547380148
101174.460549879,20.9574783687316,0.000319045766140196
101174.798930095,20.7831539971202,0.000321625860377038
101175.292865824,20.534795396729,0.00032534154944672
101175.786801552,20.2995453029385,0.000328998941258421
101176.280737281,20.0817284284231,0.000332599336587229
101176.774673009,19.8839228571781,0.000336143749233759
101177.268608738,19.7074516300413,0.000339633056781012
101177.762544466,19.552721893364,0.000343068075264824
101178.645697542,19.3294929084075,0.000349077166212727
101179.528850617,19.1703076480887,0.000354920223791868
101180.412003692,19.0685737844532,0.000360602754187768
101181.295156767,19.017731880233,0.000366130905298328
101182.178309842,19.0115682759252,0.000371510963161117
101183.061462917,19.0440810702594,0.000376748900897059
101184.061462917,19.1205691249119,0.000382515321210207
101185.061462917,19.2322710513839,0.000388114451919121
101186.061462917,19.3732412668866,0.000393553637039588
101187.061462917,19.5387457540471,0.000398839693021396
101188.061462917,19.7248691455699,0.000403978786046036
101189.061462917,19.9282169420402,0.00040897643630614
101190.061462917,20.1458926235972,0.000413837636639792
101191.061462917,20.3754597368616,0.000418567036308039
101192.061462917,20.61494136961,0.000423169059823063
101193.061462917,20.8627087861448,0.000427647843755248
101194.061462917,21.1173756036529,0.000432007228648604
101195.061462917,21.3777348381336,0.000436250810414095
101196.061462917,21.6427258876732,0.000440382003516569
101197.061462917,21.9114131486326,0.000444404085907216
101198.061462917,22.1829675704271,0.000448320223767211
101199.061462917,22.4566491720111,0.000452133485668298
101200.061462917,22.7317910688105,0.000455846853311093
101201.061462917,23.0077861502779,0.000459463231081729
101202.061462917,23.2840770450283,0.000462985454331252
101203.061462917,23.5601556086069,0.000466416302211745
101204.061462917,23.835544972268,0.000469758489780153
101205.061462917,24.1097951445041,0.00047301466924867
101206.061462917,24.3824876220431,0.00047618744264721
101207.061462917,24.6532357231179,0.000479279367464889
101208.061462917,24.9216796484861,0.000482292951301625
101209.061462917,25.1874819184314,0.00048523064644876
101210.061462917,25.4503255196053,0.000488094850351179
101211.061462917,25.7099135140892,0.000490887908141318
101212.061462917,25.9659688527103,0.000493612112978752
101213.061462917,26.2182339930238,0.000496269704506361
101214.061462917,26.4664701437311,0.000498862867416087
101215.061462917,26.7104562618149,0.000501393730767922
101216.061462917,26.9499882759036,0.000503864367750107
101217.061462917,27.1848788124957,0.000506276795569062
101218.061462917,27.4149570667996,0.000508632975407062
101219.061462917,27.6400684900236,0.000510934812189427
101220.061462917,27.8600744067142,0.000513184151214531
101221.061462917,28.0748489716488,0.000515382783935619
101222.061462917,28.2842826695708,0.000517532448195082
101223.061462917,28.4882813621627,0.000519634827297023
101224.061462917,28.6867644620732,0.000521691548433669
101225.061462917,28.8796640229886,0.000523704182975616
101226.061462917,29.0669240627663,0.000525674248393303
101227.061462917,29.248501142994,0.000527603209317065
101228.061462917,29.4243641264967,0.0005294924811564
101229.061462917,29.5944906801495,0.000531343424921881
101230.061462917,29.7588697825449,0.000533157353232194
101231.061462917,29.9175000923956,0.000534935528572953
101232.061462917,30.0703908428593,0.000536679169312323
101233.061462917,30.2175585574292,0.000538389445346012
101234.061462917,30.3590280130549,0.00054006748237058
101235.061462917,30.4948319641254,0.000541714360831133
101236.061462917,30.6250106876513,0.000543331121656686
101237.061462917,30.7496096223647,0.00054491876321014
101238.061462917,30.8686792861992,0.000546478242266113
101239.061462917,30.9822766004738,0.000548010477394188
101240.061462917,31.0904647175025,0.000549516351707423
101241.061462917,31.1933106600425,0.000550996712904512
101242.061462917,31.2908841862806,0.000552452371928158
101243.061462917,31.3832568418562,0.000553884105940774
101244.061462917,31.4705052546539,0.000555292660217636
101245.061462917,31.5527106458055,0.000556678750851082
101246.061462917,31.6299555901915,0.000558043064469668
101247.061462917,31.7023218564953,0.000559386256700948
101248.061462917,31.7698942282604,0.000560708954318041
101249.061462917,31.8327672911023,0.00056201181460912
101250.061462917,31.8910252473789,0.000563295384880473
101251.061462917,31.9447527797787,0.000564560196161971
101252.061462917,31.9940369760197,0.00056580676988004
101253.061462917,32.0389602730333,0.000567035573809997
101254.061462917,32.0796089691124,0.000568247102369999
101255.061462917,32.1160808124251,0.000569441844889745
101256.061462917,32.1484641175238,0.00057062026297179
101257.061462917,32.1768432289832,0.000571782779259684
101258.061462917,32.2013132984562,0.000572929837225725
101259.061462917,32.2219567752385,0.000574061807174506
101260.061462917,32.2388559258952,0.000575179049461952
101261.061462917,32.2520935213383,0.0005762819178657
101262.061462917,32.2617450572687,0.000577370727720086
101263.061462917,32.267893092009,0.000578445815307721
101264.061462917,32.2706214368629,0.000579507512842832
101265.061462917,32.2700108806166,0.000580556131380234
101266.061462917,32.266139043444,0.000581591961677725
101267.061462917,32.2590815378474,0.000582615280499434
101268.061462917,32.2489124992101,0.000583626353169818
101269.061462917,32.2357046757712,0.000584625434618548
101270.061462917,32.2195292994674,0.000585612769605482
101271.061462917,32.2004559820496,0.000586588592850343
101272.061462917,32.1785527022009,0.000587553129389677
101273.061462917,32.1538858275461,0.000588506595064705
101274.061462917,32.1265201235845,0.000589449196974779
101275.061462917,32.0965187494675,0.000590381133838177
101276.061462917,32.0639432569216,0.000591302596375733
101277.061462917,32.0288536003008,0.00059221376765764
101278.061462917,31.9913081534657,0.000593114823425403
101279.061462917,31.9513637268904,0.000594005932410355
101280.061462917,31.9090755842777,0.000594887256647859
101281.061462917,31.86449746157,0.000595758951775666
101282.061462917,31.8176815895284,0.000596621167312526
101283.061462917,31.7686787184695,0.000597474046921877
101284.061462917,31.7175381436823,0.000598317728665387
101285.061462917,31.6643077314501,0.000599152345246652
101286.061462917,31.6090339462079,0.000599978024243467
101287.061462917,31.5517618788745,0.000600794888328365
101288.061462917,31.4925352758874,0.000601603055478664
101289.061462917,31.4313965685566,0.000602402639177194
101290.061462917,31.3683869026736,0.000603193748604115
101291.061462917,31.3035461684097,0.000603976488819876
101292.061462917,31.2369130304192,0.00060475096093959
101293.061462917,31.1685249579742,0.000605517262299362
101294.061462917,31.0984182549981,0.000606275486615053
101295.061462917,31.0266280899407,0.000607025724133846
101296.061462917,30.953188525458,0.000607768061778891
101297.061462917,30.8781325478338,0.00060850258328733
101298.061462917,30.8014920960714,0.000609229369342043
101299.061462917,30.7232980905979,0.000609948497697426
101300.061462917,30.6435804615465,0.000610660043299495
101301.061462917,30.5623681765864,0.000611364078400574
101302.061462917,30.4796892682683,0.000612060672668818
101303.061462917,30.3955708608535,0.000612749893292817
101304.061462917,30.3100391966066,0.000613431805081531
101305.061462917,30.2231196615333,0.000614106470559771
101306.061462917,30.1348368105476,0.000614773950059436
101307.061462917,30.0452143920607,0.000615434301806702
101308.061462917,29.9542753719831,0.00061608758200538
101309.061462917,29.8620419571291,0.000616733844916604
101310.061462917,29.7685356180206,0.000617373142934997
101311.061462917,29.6737771110978,0.000618005526661558
101312.061462917,29.5777865003336,0.000618631044973373
101313.061462917,29.4805831782441,0.000619249745090273
101314.061462917,29.3821858863041,0.000619861672638608
101315.061462917,29.2826127347936,0.000620466871712361
101316.061462917,29.181881222062,0.000621065384931626
101317.061462917,29.08000825319,0.000621657253498459
101318.061462917,28.9770101581008,0.000622242517250453
101319.061462917,28.8729027100801,0.000622821214714879
101320.061462917,28.7677011408989,0.000623393383152293
101321.061462917,28.6614201576097,0.000623959058604512
101322.061462917,28.5540739593936,0.000624518275942397
101323.061462917,28.4456762532352,0.000625071068909876
101324.061462917,28.3362402685519,0.000625617470164468
101325.061462917,28.2257787713321,0.000626157511315994
101326.061462917,28.1143040781157,0.000626691222964759
101327.061462917,28.0018280697259,0.00062721863473899
101328.061462917,27.8883622043865,0.000627739775330121
101329.061462917,27.7739175301208,0.000628254672525615
101330.061462917,27.6585046968367,0.000628763353241013
101331.061462917,27.5421339683525,0.000629265843552116
101332.061462917,27.4248152339045,0.000629762168725331
101333.061462917,27.3065580012109,0.000630252353207288
101334.061462917,27.1873714478697,0.000630736420739879
101335.061462917,27.0672644124974,0.000631214394345838
101336.061462917,26.9462453950936,0.00063168629633449
101337.061462917,26.8243225674018,0.000632152148327383
101338.061462917,26.7015037852011,0.000632611971288006
101339.061462917,26.5777965989383,0.000633065785548851
101340.061462917,26.4532082625817,0.000633513610834581
101341.061462917,26.3277457412916,0.000633955466281462
101342.061462917,26.2014157186416,0.000634391370455127
101343.061462917,26.0742246041236,0.000634821341369641
101344.061462917,25.9461785409744,0.000635245396508102
101345.061462917,25.8172834135802,0.00063566355284184
101346.061462917,25.6875448539286,0.000636075826846258
101347.061462917,25.5569682475876,0.00063648223451532
101348.061462917,25.4255587400411,0.000636882791377897
101349.061462917,25.2933212433571,0.000637277512515655
101350.061462917,25.1602604422825,0.000637666412578883
101351.061462917,25.026380799289,0.000638049505798563
101352.061462917,24.8916865592941,0.000638426805997668
101353.061462917,24.7561817550375,0.000638798326605439
101354.061462917,24.6198702129131,0.000639164080673582
101355.061462917,24.4827555580325,0.000639524080889602
101356.061462917,24.3448412179711,0.000639878339585351
101357.061462917,24.2061304262516,0.00064022686874507
101358.061462917,24.0666262269136,0.000640569680018031
101359.061462917,23.9263314798718,0.000640906784734294
101360.061462917,23.7852488652809,0.000641238193916647
101361.061462917,23.6433808860085,0.000641563918285534
101362.061462917,23.5007298696856,0.000641883968262936
101363.061462917,23.3572979725002,0.000642198353983381
101364.061462917,23.2130871845899,0.000642507085311082
101365.061462917,23.0680993343139,0.000642810171852611
101366.061462917,22.922336089479,0.000643107622958092
101367.061462917,22.7757989573449,0.000643399447718408
101368.061462917,22.6284892872429,0.000643685654972993
101369.061462917,22.4804082766637,0.000643966253330827
101370.061462917,22.331556976758,0.000644241251188705
101371.061462917,22.1819362927804,0.000644510656730186
101372.061462917,22.0315469807956,0.00064477447791112
101373.061462917,21.8803896474372,0.000645032722457807
101374.061462917,21.7284647569863,0.000645285397893066
101375.061462917,21.5757726408873,0.000645532511570649
101376.061462917,21.4223134998342,0.000645774070680762
101377.061462917,21.2680873957374,0.000646010082217993
101378.061462917,21.1130942003047,0.000646240553557045
101379.061462917,20.957333740945,0.000646465491094665
101380.061462917,20.8008056351961,0.000646684900909795
101381.061462917,20.6435093930089,0.000646898789145161
101382.061462917,20.4854444119806,0.000647107161904344
101383.061462917,20.3266099628213,0.000647310025154963
101384.061462917,20.1670051844817,0.000647507384697861
101385.061462917,20.0066290876571,0.000647699246178127
101386.061462917,19.8454805606135,0.000647885615106911
101387.061462917,19.6835583722082,0.000648066496872766
101388.061462917,19.5208612343214,0.000648241896120799
101389.061462917,19.3573877018946,0.000648411818185673
101390.061462917,19.1931361609518,0.000648576268429206
101391.061462917,19.0281048607852,0.000648735251855619
101392.061462917,18.8622919402051,0.000648888773178273
101393.061462917,18.6956954359337,0.000649036836981497
101394.061462917,18.5283132769956,0.000649179447782008
101395.061462917,18.3601432684884,0.00064931660998257
101396.061462917,18.1911828041085,0.000649448328149404
101397.061462917,18.0214295998656,0.000649574606351042
101398.061462917,17.8508811112798,0.000649695448263349
101399.061462917,17.6795346555812,0.00064981085766111
101400.061462917,17.507387611376,0.00064992083781341
101401.061462917,17.3344370736905,0.000650025392654429
101402.061462917,17.1606799166296,0.000650124526092828
101403.061462917,16.9861128875224,0.000650218241652725
101404.061462917,16.8107326478382,0.000650306542597019
101405.061462917,16.6345354300489,0.000650389432495178
101406.061462917,16.4575179812128,0.000650466914730577
101407.061462917,16.279676733369,0.000650538992162885
101408.061462917,16.101007905924,0.00065060566757105
101409.061462917,15.9215078140783,0.000650666943141899
101410.061462917,15.7411723626309,0.000650722821612938
101411.061462917,15.5599972512778,0.000650773305879003
101412.061462917,15.3779781650523,0.000650818398820559
101413.061462917,15.1951107647983,0.000650858103233978
101414.061462917,15.0113900321634,0.000650892421621661
101415.061462917,14.8268115192795,0.000650921356078408
101416.061462917,14.6413704467194,0.000650944908181756
101417.061462917,14.4550618703516,0.000650963079713127
101418.061462917,14.2678807505664,0.000650975872669794
101419.061462917,14.0798223190297,0.00065098328871111
101420.061462917,13.8908812866395,0.000650985330020551
101421.061462917,13.7010519971912,0.000650981998481044
101422.061462917,13.5103285704141,0.000650973295148673
101423.061462917,13.3187048353075,0.000650959219950397
101424.061462917,13.1261739371849,0.00065093977301247
101425.061462917,12.9327298709218,0.00065091495444581
101426.061462917,12.7383662355814,0.000650884763669292
101427.061462917,12.5430762636922,0.000650849199691429
101428.061462917,12.3468528864704,0.000650808261076427
101429.061462917,12.1496893074816,0.000650761945759755
101430.061462917,11.9515779317984,0.000650710251681639
101431.061462917,11.7525109265637,0.000650653177141803
101432.061462917,11.5524807068377,0.000650590721295752
101433.061462917,11.3514799111695,0.000650522884022497
101434.061462917,11.1494999711983,0.000650449663832761
101435.061462917,10.9465330209037,0.000650371058276768
101436.061462917,10.7425706352458,0.000650287063697584
101437.061462917,10.5376041139256,0.000650197676547592
101438.061462917,10.3316247225015,0.000650102893920828
101439.061462917,10.1246237712057,0.000650002713636703
101440.061462917,9.91659329653614,0.000649897134055065
101441.061462917,9.70752447934031,0.000649786153941364
101442.061462917,9.4974077859505,0.00064966977089901
101443.061462917,9.28623301833529,0.00064954798004503
101444.061462917,9.07398935630204,0.000649420774172962
101445.061462917,8.86066515666239,0.000649288146829239
101446.061462917,8.64625099596516,0.000649150095284743
101447.061462917,8.43073738640625,0.000649006617421682
101448.061462917,8.21411445063875,0.000648857711019925
101449.061462917,7.99637171963987,0.000648703372644513
101450.061462917,7.77749799331464,0.000648543596914748
101451.061462917,7.55748136463487,0.000648378376522778
101452.061462917,7.33630943150091,0.000648207702988758
101453.061462917,7.11396961451028,0.000648031567806318
101454.061462917,6.89044944128288,0.00064784996346368
101455.061462917,6.66573667030308,0.000647662883886677
101456.061462917,6.43982044031385,0.000647470325099672
101457.061462917,6.21268868782595,0.000647272283454667
101458.061462917,5.98432800253759,0.00064706875237963
101459.061462917,5.75472366200568,0.000646859720469805
101460.061462917,5.52386018630845,0.000646645173505576
101461.061462917,5.29172110850481,0.000646425098465126
101462.061462917,5.05829326022929,0.000646199488570637
101463.061462917,4.82356339349255,0.000645968338219244
101464.061462917,4.58751747726402,0.000645731640141452
101465.061462917,4.35014012265056,0.000645489383192274
101466.061462917,4.11141476828054,0.00064524155394342
101467.061462917,3.87132421853074,0.00064498813681667
101468.061462917,3.62985090293913,0.000644729115686893
101469.061462917,3.38697715371547,0.000644464474962617
101470.061462917,3.14268572780679,0.000644194201039993
101471.061462917,2.89695917803153,0.000643918281494569
101472.061462917,2.64977993217575,0.000643636703320143
101473.061462917,2.40112978252598,0.000643349452082041
101474.061462917,2.15098951759926,0.000643056510288702
101475.061462917,1.89933858970908,0.000642757858129784
101476.061462917,1.6461561526585,0.000642453473968283
101477.061462917,1.39142046063853,0.000642143335436248
101478.061462917,1.13510981464592,0.000641827420138305
101479.061462917,0.87720238347364,0.000641505706202481
101480.061462917,0.617676117023743,0.000641178172122611
101481.061462917,0.356511017890272,0.000640844799007866
101482.061462917,0.0936841682750054,0.000640505565429758
101483.061462917,-0.170829241269641,0.000640160446126337
101484.061462917,-0.43705538158882,0.000639809410789124
101485.061462917,-0.70502179996234,0.000639452423973137
101486.061462917,-0.974756541164608,0.000639089449170549
101487.061462917,-1.24628978615593,0.000638720450211097
101488.061462917,-1.51964666336359,0.000638345400234325
101489.061462917,-1.79485291250661,0.000637964272133714
101490.061462917,-2.07193642442285,0.000637577034918598
101491.061462917,-2.3509258795035,0.000637183653390131
101492.061462917,-2.63185316942452,0.000636784085115877
101493.061462917,-2.91475175140866,0.000636378283522563
101494.061462917,-3.19965577496003,0.000635966200612119
101495.061462917,-3.48660055253035,0.000635547786918234
101496.061462917,-3.77561650495602,0.000635123001110702
101497.061462917,-4.06673806962004,0.000634691798546106
101498.061462917,-4.36000152901116,0.000634254132672024
101499.061462917,-4.65544441040143,0.000633809952651236
101500.061462917,-4.95310634794365,0.000633359199940796
101501.061462917,-5.25302945896402,0.000632901808074493
101502.061462917,-5.55526155425342,0.000632437701126046
101503.061462917,-5.85984327685972,0.000631966817226351
101504.061462917,-6.16681558165506,0.000631489095924627
101505.061462917,-6.47622083005864,0.000631004475132658
101506.061462917,-6.78810313789474,0.000630512889055958
101507.061462917,-7.10250998787811,0.000630014264973693
101508.061462917,-7.41948736313073,0.000629508529295393
101509.061462917,-7.73908776944263,0.00062899559665847
101510.061462917,-8.06136329268508,0.000628475379820701
101511.061462917,-8.38636541839493,0.000627947791655418
101512.061462917,-8.71415214283131,0.00062741273494979
101513.061462917,-9.04477964256571,0.000626870113907809
101514.061462917,-9.37830193383559,0.00062631983705933
101515.061462917,-9.71478002376627,0.000625761803109799
101516.061462917,-10.0542700695862,0.000625195916500852
101517.061462917,-10.3968355788273,0.000624622070803613
101518.061462917,-10.7425354991251,0.000624040163115978
101519.061462917,-11.0914374112352,0.000623450077330889
101520.061462917,-11.4436039384596,0.000622851700609957
101521.061462917,-11.7991068316272,0.000622244907042829
101522.061462917,-12.1580116445541,0.000621629576139114
101523.061462917,-12.5203932164857,0.00062100557581114
101524.061462917,-12.8863187933264,0.000620372781696091
101525.061462917,-13.2558652707448,0.000619731058898304
101526.061462917,-13.6291009068559,0.000619080280912252
101527.061462917,-14.0061043658654,0.000618420310735935
101528.061462917,-14.3869448988354,0.000617751019026876
101529.061462917,-14.771703075543,0.000617072265754089
101530.061462917,-15.1604491028495,0.000616383917854501
101531.061462917,-15.5532604514668,0.000615685836222854
101532.061462917,-15.9502146379154,0.000614977881200314
101533.061462917,-16.3513811960187,0.000614259926319838
101534.061462917,-16.7568370882236,0.00061353183242851
101535.061462917,-17.1666595666825,0.000612793458827036
101536.061462917,-17.5809231364424,0.000612044669687836
101537.061462917,-17.9997004144132,0.000611285332385781
101538.061462917,-18.4230629492222,0.000610515314507603
101539.061462917,-18.8510810816346,0.000609734483051122
101540.061462917,-19.2838231976851,0.000608942706063934
101541.061462917,-19.7213536183268,0.000608139857809799
101542.061462917,-20.16373132833,0.000607325824396999
101543.061462917,-20.6110094338561,0.000606500504465935
101544.061462917,-21.0632351949663,0.000605663803268903
101545.061462917,-21.5204527805626,0.000604815625071288
101546.061462917,-21.9827040363473,0.000603955868645133
101547.061462917,-22.4500271605242,0.000603084429111453
101548.061462917,-22.9224541707843,0.000602201204114416
101549.061462917,-23.4000084773403,0.000601306099450704
101550.061462917,-23.8827033208472,0.000600399031076281
101551.061462917,-24.3705411012916,0.000599479923841221
101552.061462917,-24.8635135396517,0.000598548708138185
101553.061462917,-25.3616028051224,0.000597605313948394
101554.061462917,-25.8647832015069,0.00059664966194453
101555.061462917,-26.3730217979249,0.000595681655788429
101556.061462917,-26.8862761302359,0.00059470118361776
101557.061462917,-27.4044890639325,0.000593708131965399
101558.061462917,-27.927583745401,0.000592702402550196
101559.061462917,-28.4554620705437,0.000591683914737574
101560.061462917,-28.9880070586612,0.000590652586843863
101561.061462917,-29.5250859502643,0.000589608311971866
101562.061462917,-30.066550851988,0.00058855095428493
101563.061462917,-30.6122370385843,0.000587480372457601
101564.061462917,-31.1619604906368,0.000586396444817399
101565.061462917,-31.7155133617039,0.000585299064779788
101566.061462917,-32.2726550291977,0.000584188111065083
101567.061462917,-32.833103504509,0.000583063429851487
101568.061462917,-33.3965390555475,0.00058192488084354
101569.061462917,-33.9626646705763,0.000580772431223853
101570.061462917,-34.5312352423405,0.000579606082067307
101571.061462917,-35.1019082177396,0.000578425715869449
101572.061462917,-35.6742104417704,0.000577231189868378
101573.061462917,-36.2477139324394,0.000576022470950875
101574.061462917,-36.8220552189112,0.000574799598654206
101575.061462917,-37.3968523468474,0.000573562620349998
101576.061462917,-37.9716806230406,0.000572311568789264
101577.061462917,-38.5461585124045,0.000571046521000479
101578.061462917,-39.1199434953357,0.000569767591243693
101579.061462917,-39.6926661050074,0.000568474912710412
101580.061462917,-40.2639514979532,0.000567168643190771
101581.061462917,-40.8335031894118,0.000565848971483043
101582.061462917,-41.4011112272817,0.000564516113326832
101583.061462917,-41.9665835081068,0.000563170305687512
101584.061462917,-42.5297283900092,0.000561811803043141
101585.061462917,-43.0904250920808,0.000560440873767443
101586.061462917,-43.6486698595437,0.000559057797511229
101587.061462917,-44.204523782818,0.000557662863927825
101588.061462917,-44.7580466394315,0.000556256369297548
101589.061462917,-45.3093244911085,0.000554838609978667
101590.061462917,-45.8585486538938,0.000553409877780761
101591.061462917,-46.4060154307391,0.000551970460724565
101592.061462917,-46.9520329560172,0.000550520643912506
101593.061462917,-47.4968682924424,0.00054906070394147
101594.061462917,-48.0408129970064,0.000547590901079257
101595.061462917,-48.5842613452448,0.000546111479724624
101596.061462917,-49.1276631046144,0.00054462267647902
101597.061462917,-49.6713971946883,0.000543124721848971
101598.061462917,-50.2157422585628,0.000541617829551034
101599.061462917,-50.7609844246431,0.000540102188815257
101600.061462917,-51.3074888562905,0.000538577975280602
101601.061462917,-51.8555996938343,0.000537045368404561
101602.061462917,-52.405490643046,0.000535504548736378
101603.061462917,-52.9571803429255,0.000533955676586358
101604.061462917,-53.5106884516628,0.000532398887836089
101605.061462917,-54.0660838845289,0.000530834323004287
101606.061462917,-54.6233262368819,0.000529262152143275
101607.061462917,-55.182126058772,0.000527682555003587
101608.061462917,-55.7420419378844,0.000526095683956848
101609.061462917,-56.3026723436385,0.000524501675322917
101610.061462917,-56.8636406554515,0.000522900704942725
101611.061462917,-57.424246351285,0.000521293038041067
101612.061462917,-57.9838167832027,0.000519678869521575
101613.061462917,-58.5416234626888,0.000518058408870688
101614.061462917,-59.0968744541194,0.000516431891257466
101615.061462917,-59.6488084739728,0.000514799544042355
101615.41181529,-59.8412420915883,0.000514226315369841
101615.762167662,-60.0330957596163,0.000513652477857881
101616.112520035,-60.2242900862987,0.000513078141016968
101616.462872408,-60.4147799683827,0.000512503340949088
101616.813224781,-60.6045341757583,0.000511928074568385
101617.163577154,-60.793525095965,0.000511352326559265
101618.040922714,-61.2631858435886,0.000509908349276907
101618.918268274,-61.727377881439,0.000508461216574253
101619.795613834,-62.1855998260813,0.000507010971873583
101620.672959394,-62.6373296435213,0.00050555773826425
101621.672959394,-63.1436827554045,0.000503897911688142
101622.672959394,-63.6402332355226,0.000502234731632409
101623.672959394,-64.1262686595628,0.000500568547307344
101624.672959394,-64.6011488677902,0.000498899722768552
101625.672959394,-65.0643017418422,0.000497228643599374
101626.672959394,-65.5152242318335,0.000495555700979514
101627.672959394,-65.9534877712844,0.00049388128252738
101628.672959394,-66.3787275873663,0.000492205782572424
101629.672959394,-66.7906513036211,0.000490529591427567
101630.672959394,-67.1890312095526,0.000488853094495038
101631.672959394,-67.5737123083596,0.000487176673986071
101632.672959394,-67.9445998353909,0.000485500703703304
101633.672959394,-68.3016620178719,0.000483825547823736
101634.672959394,-68.6449199646427,0.000482151559364539
101635.672959394,-68.9744569427357,0.000480479085904571
101636.672959394,-69.290400575658,0.000478808461245205
101637.672959394,-69.5929222010469,0.000477140006875578
101638.672959394,-69.8822297892633,0.000475474030425652
101639.672959394,-70.1585758444597,0.000473810831358621
101640.672959394,-70.4222412977378,0.000472150694053818
101641.672959394,-70.6735305177542,0.000470493888857388
101642.672959394,-70.9127701905649,0.000468840673105546
101643.672959394,-71.1403075783102,0.000467191291678791
101644.672959394,-71.3565063642156,0.000465545977026723
101645.672959394,-71.5617410483651,0.00046390494859379
101646.672959394,-71.7563942293259,0.000462268413221127
101647.672959394,-71.9408512127054,0.00046063656459226
101648.672959394,-72.115503493535,0.000459009585643259
101649.672959394,-72.2807403834708,0.000457387646667644
101650.672959394,-72.436982141524,0.000455770920009197
101651.672959394,-72.5845909346378,0.00045415954545436
101652.672959394,-72.72392974973,0.000452553654993622
101653.672959394,-72.8553631557623,0.000450953374420141
101654.672959394,-72.9792215484579,0.000449358812587475
101655.672959394,-73.0958640578597,0.000447770081615146
101656.672959394,-73.205650293101,0.000446187287727859
101657.672959394,-73.3089205546558,0.000444610525673555
101658.672959394,-73.405995649006,0.000443039879462965
101659.672959394,-73.4971823338436,0.000441475424759449
101660.672959394,-73.5827762352877,0.000439917230324281
101661.672959394,-73.6630620282234,0.00043836535847797
101662.672959394,-73.7383128611176,0.00043681986526618
101663.672959394,-73.8087900943807,0.000435280800704636
101664.672959394,-73.8747434168967,0.000433748209123021
101665.672959394,-73.936411114761,0.000432222129527066
101666.672959394,-73.9940203588503,0.000430702595934656
101667.672959394,-74.0477874929462,0.000429189637683926
101668.672959394,-74.0979183396129,0.000427683279723118
101669.672959394,-74.1446085317115,0.000426183542887582
101670.672959394,-74.1880438649042,0.000424690444164421
101671.672959394,-74.2284006630703,0.000423203996943958
101672.672959394,-74.2658461503757,0.000421724211257784
101673.672959394,-74.3005388259501,0.000420251094003751
101674.672959394,-74.3326288382212,0.000418784649158496
101675.672959394,-74.3622583563602,0.000417324877978024
101676.672959394,-74.3895619365764,0.000415871779186851
101677.672959394,-74.4146668813538,0.000414425349156181
101678.672959394,-74.4376935900942,0.000412985582071604
101679.672959394,-74.4587558999739,0.000411552470090817
101680.672959394,-74.4779614161022,0.000410126003491863
101681.672959394,-74.495411830308,0.000408706170812357
101682.672959394,-74.5112032280815,0.000407292958980182
101683.672959394,-74.5254263833711,0.000405886353436117
101684.672959394,-74.5381670410853,0.000404486338248818
101685.672959394,-74.5495061872692,0.000403092896222609
101686.672959394,-74.5595203070322,0.000401706008998458
101687.672959394,-74.5682816303852,0.000400325657148565
101688.672959394,-74.5758583662149,0.000398951820264911
101689.672959394,-74.5823149246783,0.00039758447704214
101690.672959394,-74.5877121283416,0.0003962236053551
101691.672959394,-74.5921074124232,0.000394869182331387
101692.672959394,-74.5955550145203,0.00039352118441917
101693.672959394,-74.5981061542196,0.000392179587450609
101694.672959394,-74.5998092029999,0.000390844366701129
101695.672959394,-74.600709844841,0.000389515496944803
101696.672959394,-74.6008512279515,0.000388192952506104
101697.672959394,-74.6002741080306,0.000386876707308229
101698.672959394,-74.5990169834664,0.000385566734918238
101699.672959394,-74.5971162228709,0.000384263008589186
101700.672959394,-74.5946061853376,0.000382965501299457
101701.672959394,-74.5915193338009,0.000381674185789464
101702.672959394,-74.5878863418579,0.000380389034595893
101703.672959394,-74.5837361944066,0.000379110020083639
101704.672959394,-74.5790962824355,0.000377837114475589
101705.672959394,-74.5739924922889,0.000376570289880382
101706.672959394,-74.5684492897158,0.000375309518318284
101707.672959394,-74.5624897989983,0.000374054771745286
101708.672959394,-74.556135877439,0.000372806022075551
101709.672959394,-74.5494081854754,0.00037156324120231
101710.672959394,-74.5423262526746,0.0003703264010173
101711.672959394,-74.5349085398475,0.000369095473428845
101712.672959394,-74.5271724975127,0.000367870430378666
101713.672959394,-74.5191346209228,0.000366651243857491
101714.672959394,-74.5108105018588,0.000365437885919551
101715.672959394,-74.5022148773841,0.000364230328696025
101716.672959394,-74.4933616757398,0.000363028544407508
101717.672959394,-74.4842640595527,0.00036183250537555
101718.672959394,-74.4749344665178,0.000360642184033335
101719.672959394,-74.465384647706,0.000359457552935551
101720.672959394,-74.455625703643,0.000358278584767497
101721.672959394,-74.4456681182903,0.000357105252353476
101722.672959394,-74.4355217910597,0.000355937528664514
101723.672959394,-74.4251960669766,0.000354775386825456
101724.672959394,-74.4146997651068,0.000353618800121462
101725.672959394,-74.4040412053516,0.000352467742003949
101726.672959394,-74.39322823371,0.000351322186096008
101727.672959394,-74.3822682461017,0.000350182106197328
101728.672959394,-74.3711682108383,0.000349047476288649
101729.672959394,-74.3599346898245,0.000347918270535789
101730.672959394,-74.3485738585677,0.000346794463293243
101731.672959394,-74.3370915250668,0.0003456760291074
101732.672959394,-74.3254931476502,0.000344562942719393
101733.672959394,-74.3137838518261,0.000343455179067591
101734.672959394,-74.3019684462045,0.000342352713289775
101735.672959394,-74.2900514375488,0.000341255520724992
101736.672959394,-74.2780370450093,0.000340163576915114
101737.672959394,-74.2659292135874,0.00033907685760613
101738.672959394,-74.2537316268795,0.000337995338749154
101739.672959394,-74.2414477191413,0.000336918996501199
101740.672959394,-74.2290806867173,0.000335847807225698
101741.672959394,-74.2166334988704,0.00033478174749281
101742.672959394,-74.204108908051,0.000333720794079503
101743.672959394,-74.1915094596379,0.000332664923969436
101744.672959394,-74.1788375011829,0.00033161411435264
101745.672959394,-74.1660951911906,0.000330568342625023
101746.672959394,-74.153284507459,0.000329527586387688
101747.672959394,-74.1404072550105,0.000328491823446093
101748.672959394,-74.1274650736346,0.000327461031809039
101749.672959394,-74.1144594450683,0.000326435189687516
101750.672959394,-74.1013916998348,0.000325414275493398
101751.672959394,-74.0882630237599,0.000324398267837998
101752.672959394,-74.075074464188,0.000323387145530498
101753.672959394,-74.0618269359118,0.000322380887576244
101754.672959394,-74.0485212268365,0.000321379473174931
101755.672959394,-74.0351580033904,0.000320382881718667
101756.672959394,-74.0217378156995,0.000319391092789935
101757.672959394,-74.0082611025378,0.00031840408615945
101758.672959394,-73.9947281960678,0.000317421841783921
101759.672959394,-73.981139326381,0.000316444339803721
101760.672959394,-73.9674946258515,0.000315471560540469
101761.672959394,-73.9537941333124,0.000314503484494543
101762.672959394,-73.9400377980641,0.000313540092342497
101763.672959394,-73.926225483724,0.000312581364934429
101764.672959394,-73.9123569719258,0.000311627283291272
101765.672959394,-73.8984319658764,0.000310677828602026
101766.672959394,-73.8844500937766,0.000309732982220938
101767.672959394,-73.8704109121136,0.000308792725664629
101768.672959394,-73.8563139088299,0.000307857040609179
101769.672959394,-73.8421585063753,0.000306925908887168
101770.672959394,-73.8279440646464,0.000305999312484684
101771.672959394,-73.813669883819,0.000305077233538304
101772.672959394,-73.7993352070772,0.00030415965433204
101773.672959394,-73.7849392232425,0.000303246557294276
101774.672959394,-73.7704810693085,0.000302337924994682
101775.672959394,-73.7559598328817,0.000301433740141123
101776.672959394,-73.7413745545335,0.000300533985576555
101777.672959394,-73.7267242300648,0.00029963864427593
101778.672959394,-73.7120078126862,0.000298747699343099
101779.672959394,-73.6972242151147,0.000297861134007726
101780.672959394,-73.6823723115905,0.000296978931622214
101781.672959394,-73.6674509398135,0.000296101075658661
101782.672959394,-73.6524589028031,0.000295227549705821
101783.672959394,-73.6373949706794,0.000294358337466111
101784.672959394,-73.6222578823706,0.000293493422752644
101785.672959394,-73.607046347244,0.0002926327894863
101786.672959394,-73.5917590466635,0.00029177642169284
101787.672959394,-73.5763946354731,0.000290924303500072
101788.672959394,-73.5609517434067,0.000290076419135059
101789.672959394,-73.5454289764263,0.000289232752921394
101790.672959394,-73.5298249179854,0.000288393289276528
101791.672959394,-73.5141381302216,0.000287558012709165
101792.672959394,-73.4983671550758,0.000286726907816724
101793.672959394,-73.4825105153384,0.000285899959282876
101794.672959394,-73.4665667156238,0.000285077151875153
101795.672959394,-73.4505342432713,0.000284258470442642
101796.672959394,-73.4344115691736,0.000283443899913755
101797.672959394,-73.4181971485318,0.000282633425294094
101798.672959394,-73.4018894215373,0.000281827031664393
101799.672959394,-73.38548681398,0.000281024704178569
101800.672959394,-73.3689877377828,0.000280226428061851
101801.672959394,-73.3523905914619,0.000279432188609019
101802.672959394,-73.3356937605133,0.000278641971182736
101803.672959394,-73.3188956177237,0.000277855761211989
101804.672959394,-73.3019945234084,0.000277073544190622
101805.672959394,-73.2849888255723,0.000276295305675993
101806.672959394,-73.2678768599969,0.000275521031287721
101807.672959394,-73.250656950252,0.000274750706706553
101808.672959394,-73.2333274076311,0.000273984317673339
101809.672959394,-73.2158865310114,0.000273221849988117
101810.672959394,-73.1983326066385,0.000272463289509311
101811.672959394,-73.1806639078341,0.000271708622153042
101812.672959394,-73.1628786946283,0.000270957833892555
101813.672959394,-73.1449752133154,0.000270210910757754
101814.672959394,-73.1269516959334,0.000269467838834862
101815.672959394,-73.1088063596669,0.00026872860426618
101816.672959394,-73.0905374061734,0.000267993193249973
101817.672959394,-73.0721430208335,0.000267261592040467
101818.672959394,-73.0536213719232,0.000266533786947951
101819.672959394,-73.0349706097108,0.000265809764339008
101820.672959394,-73.0161888654748,0.000265089510636839
101821.672959394,-72.9972742504465,0.000264373012321718
101822.672959394,-72.9782248546737,0.000263660255931542
101823.672959394,-72.9590387458072,0.000262951228062498
101824.672959394,-72.9397139678092,0.00026224591536984
101825.672959394,-72.9202485395834,0.000261544304568773
101826.672959394,-72.9006404535261,0.00026084638243544
101827.672959394,-72.880887673998,0.000260152135808016
101828.672959394,-72.8609881357157,0.000259461551587914
101829.672959394,-72.8409397420636,0.000258774616741083
101830.672959394,-72.8207403633231,0.000258091318299415
101831.672959394,-72.8003878348203,0.000257411643362253
101832.672959394,-72.7798799549903,0.000256735579097995
101833.672959394,-72.7592144833566,0.000256063112745802
101834.672959394,-72.738389138425,0.000255394231617402
101835.672959394,-72.7174015954902,0.000254728923098988
101836.672959394,-72.696249484353,0.000254067174653218
101837.672959394,-72.6749303869477,0.000253408973821306
101838.672959394,-72.6534418348754,0.000252754308225208
101839.672959394,-72.6317813068431,0.000252103165569909
101840.672959394,-72.6099462260054,0.000251455533645791
101841.672959394,-72.5879339572048,0.000250811400331111
101842.672959394,-72.5657418041099,0.000250170753594558
101843.672959394,-72.5433670062465,0.000249533581497914
101844.672959394,-72.5208067359188,0.000248899872198804
101845.672959394,-72.4980580950162,0.000248269613953546
101846.672959394,-72.4751181117024,0.000247642795120088
101847.672959394,-72.4519837369817,0.000247019404161052
101848.672959394,-72.4286518411369,0.000246399429646869
101849.672959394,-72.4051192100349,0.000245782860259013
101850.672959394,-72.3813825412931,0.000245169684793344
101851.672959394,-72.3574384403007,0.000244559892163544
101852.672959394,-72.3332834160881,0.000243953471404669
101853.672959394,-72.3089138770373,0.000243350411676799
101854.672959394,-72.2843261264257,0.000242750702268811
101855.672959394,-72.259516357794,0.000242154332602258
101856.672959394,-72.2344806501308,0.000241561292235373
101857.672959394,-72.2092149628626,0.000240971570867193
101858.672959394,-72.1837151306401,0.000240385158341815
101859.672959394,-72.1579768579087,0.000239802044652781
101860.672959394,-72.1319957132526,0.000239222219947606
101861.672959394,-72.1057671234976,0.000238645674532448
101862.672959394,-72.0792863675619,0.000238072398876934
101863.672959394,-72.0525485700371,0.000237502383619143
101864.672959394,-72.025548694486,0.000236935619570756
101865.672959394,-71.9982815364392,0.00023637209772238
101866.672959394,-71.9707417160725,0.000235811809249068
101867.672959394,-71.9429236705465,0.000235254745516017
101868.672959394,-71.9148216459863,0.000234700898084488
101869.672959394,-71.8864296890804,0.000234150258717931
101870.672959394,-71.8577416382738,0.00023360281938835
101871.672959394,-71.8287511145305,0.000233058572282906
101872.672959394,-71.7994515116365,0.000232517509810776
101873.672959394,-71.7698359860154,0.00023197962461029
101874.672959394,-71.7398974460236,0.000231444909556358
101875.672959394,-71.7096285406906,0.000230913357768194
101876.672959394,-71.6790216478688,0.000230384962617384
101877.672959394,-71.648068861752,0.000229859717736286
101878.672959394,-71.6167619797197,0.000229337617026807
101879.672959394,-71.5850924884626,0.000228818654669568
101880.672959394,-71.5530515493375,0.000228302825133496
101881.672959394,-71.5206299828996,0.00022779012318585
101882.672959394,-71.4878182525534,0.00022728054390273
101883.672959394,-71.4546064472595,0.000226774082680091
101884.672959394,-71.4209842632295,0.000226270735245296
101885.672959394,-71.3869409845359,0.000225770497669251
101886.672959394,-71.3524654625567,0.000225273366379147
101887.672959394,-71.3175460941691,0.000224779338171874
101888.672959394,-71.2821707985973,0.000224288410228135
101889.672959394,-71.2463269928139,0.000223800580127309
101890.672959394,-71.2100015653827,0.000223315845863137
101891.672959394,-71.1731808486234,0.000222834205860259
101892.672959394,-71.1358505889653,0.000222355658991697
101893.672959394,-71.0979959153474,0.00022188020459732
101894.672959394,-71.0596013055074,0.000221407842503397
101895.672959394,-71.0206505499888,0.000220938573043287
101896.672959394,-70.9811267136778,0.000220472397079383
101897.672959394,-70.9410120946644,0.000220009316026375
101898.672959394,-70.9002881802023,0.000219549331875966
101899.672959394,-70.8589355995194,0.000219092447223128
101900.672959394,-70.8169340732061,0.000218638665294034
101901.672959394,-70.7742623588819,0.000218187989975798
101902.672959394,-70.7308981928078,0.000217740425848169
101903.672959394,-70.6868182270805,0.000217295978217342
101904.672959394,-70.6419979620028,0.000216854653152058
101905.672959394,-70.5964116731833,0.00021641645752219
101906.672959394,-70.550032332869,0.000215981399040035
101907.672959394,-70.5028315249597,0.000215549486304525
101908.672959394,-70.4547793530901,0.000215120728848648
101909.672959394,-70.405844341098,0.000214695137190329
101910.672959394,-70.355993325116,0.000214272722887124
101911.672959394,-70.3051913364339,0.000213853498595041
101912.672959394,-70.2534014741785,0.000213437478131904
101913.672959394,-70.2005847667416,0.00021302467654568
101914.672959394,-70.1467000207516,0.000212615110188244
101915.672959394,-70.0917036562361,0.000212208796795137
101916.672959394,-70.0355495264474,0.000211805755571885
101917.672959394,-69.978188720623,0.000211406007287587
101918.672959394,-69.9195693477237,0.000211009574376484
101919.672959394,-69.8596362989288,0.000210616481048384
101920.672959394,-69.7983309863567,0.000210226753408875
101921.672959394,-69.7355910551269,0.000209840419590409
101922.672959394,-69.6713500654635,0.000209457509895459
101923.672959394,-69.6055371410559,0.000209078056953135
101924.672959394,-69.5380765793276,0.000208702095890814
101925.672959394,-69.4688874185987,0.000208329664522568
101926.672959394,-69.3978829563446,0.000207960803556415
101927.672959394,-69.3249702118284,0.000207595556822731
101928.672959394,-69.2500493252876,0.000207233971526489
101929.672959394,-69.1730128845471,0.000206876098526406
101930.672959394,-69.0937451683735,0.000206521992644557
101931.672959394,-69.0121212940083,0.000206171713010576
101932.672959394,-68.9280062540654,0.000205825323445246
101933.672959394,-68.8412538252459,0.000205482892889074
101934.672959394,-68.751705328006,0.000205144495882405
101935.672959394,-68.6591882122612,0.000204810213104791
101936.672959394,-68.5635144392318,0.000204480131982723
101937.672959394,-68.4644786233991,0.000204154347376517
101938.672959394,-68.3618558909149,0.000203832962359239
101939.672959394,-68.2553994012982,0.00020351608910304
101940.672959394,-68.1448374672975,0.000203203849891455
101941.672959394,-68.029870192686,0.000202896378280051
101942.672959394,-67.91016552851,0.000202593820432692
101943.672959394,-67.7853546236211,0.000202296336666756
101944.672959394,-67.6550263133983,0.000202004103248388
101945.672959394,-67.5187205489353,0.000201717314488685
101946.672959394,-67.375920514203,0.000201436185204448
101947.672959394,-67.22604310594,0.000201160953623515
101948.672959394,-67.0684273533911,0.000200891884836335
101949.672959394,-66.9023202225284,0.000200629274923918
101950.672959394,-66.7268590674708,0.00020037345593053
101951.672959394,-66.5410497387999,0.000200124801901162
101952.672959394,-66.3437390016395,0.000199883736274731
101953.672959394,-66.1335794054899,0.000199650741022492
101954.672959394,-65.9089840042553,0.000199426368060276
101955.672959394,-65.6680672230886,0.000199211253662797
101956.672959394,-65.4085665034369,0.000199006136900124
101957.672959394,-65.1277367855469,0.000198811883551651
101958.672959394,-64.8222058179634,0.000198629517616987
101959.672959394,-64.4877716693563,0.000198460263582143
101960.672959394,-64.1191127414975,0.000198305604271884
101961.672959394,-63.7093613970979,0.000198167361899832
101962.672959394,-63.2494577954112,0.000198047814725338
101963.672959394,-62.7271356591178,0.000197949870364869
101964.672959394,-62.1252635872261,0.000197877333159641
101965.672959394,-61.4170288421396,0.000197835531979305
101966.672959394,-60.5617026100618,0.000197831944069049
101967.672959394,-59.4947209614751,0.000197877440796738
101968.472996043,-58.4145155163809,0.000197960430122367
101969.273032693,-57.0144531121795,0.000198100745213888
101969.829199273,-55.7475996618979,0.000198244818087451
101970.270152383,-54.4757778266865,0.000198396787655254
101970.711105493,-52.8381753756631,0.000198595564255741
101971.022496697,-51.3523689341914,0.000198775119061189
101971.276829183,-49.8406205648497,0.000198955546882372
101971.53116167,-47.9470019675305,0.000199178811679122
101971.724090327,-46.1631474074978,0.000199388261211234
101971.917018984,-43.9824298453882,0.000199647868006348
101972.070387542,-41.9002770710823,0.000199905308761605
101972.223756101,-39.4683341760871,0.000200228753701087
101972.377124659,-36.6899346497362,0.000200648866606635
101972.530493218,-33.6429105107198,0.000201212122698107
101972.683861776,-30.4909882090211,0.000201983401648636
101972.805858716,-28.0487339207262,0.000202798210154836
101972.927855657,-25.7521380398205,0.000203834729337087
101973.049852597,-23.6260941256865,0.000205124080137186
101973.171849538,-21.6439049979534,0.000206683617057816
101973.293846478,-19.7524310586237,0.000208516190754051
101973.415843419,-17.8995209399046,0.000210612704746826
101973.53784036,-16.0460764691284,0.00021295450838767
101973.6598373,-14.1685448761004,0.000215515180872399
101973.795818355,-12.0366642838199,0.000218586082402293
101973.895323955,-10.4505883313584,0.000220949087141483
101973.994829555,-8.85047297456285,0.000223383865998798
101974.076665598,-7.53087948824734,0.000225423170173665
101974.158501642,-6.21495018196015,0.000227481428852276
101974.240337686,-4.90937467342159,0.000229545687651527
101974.322173729,-3.62079206493907,0.000231603667129407
101974.404009773,-2.35552020481478,0.00023364403375003
101974.500652002,-0.899174499087828,0.000236017034230028
101974.597294231,0.508508393055526,0.000238336993290634
101974.69393646,1.86108392676267,0.000240592473759834
101974.79057869,3.15384605614873,0.000242774908280521
101974.887220919,4.38372300641916,0.000244878441546123
101974.983863148,5.54915578632373,0.000246899736051508
101975.136578199,7.25910364582603,0.000249923935857292
101975.289293251,8.81213519496003,0.000252745150060252
101975.442008302,10.217403121552,0.000255376547111415
101975.594723353,11.4867107517282,0.000257836232243969
101975.747438404,12.6328533687635,0.000260144383561245
101975.900153456,13.6684989702791,0.000262321324943044
101976.101862766,14.8867147968636,0.000265027317682909
101976.26828304,15.7789828045663,0.000267139734916913
101976.434703315,16.5811198904993,0.000269162402033893
101976.601123589,17.3022044145622,0.00027110941429872
101976.767543864,17.9497622997405,0.000272992055898129
101976.933964139,18.5300795847165,0.000274819252811268
101977.100384413,19.0484848722663,0.000276598002201522
101977.268696202,19.5145214040621,0.000278353327318244
101977.39402715,19.8260011158914,0.000279634626191667
101977.519358098,20.1089634113444,0.000280895753377001
101977.644689046,20.3649651096961,0.000282138126150373
101977.770019994,20.5954893382388,0.000283362989822021
101977.895350943,20.8019496654365,0.000284571464075722
101978.020681891,20.9857176487605,0.000285764574811826
101978.153178011,21.1568133908572,0.000287010236815117
101978.285674131,21.3056067509267,0.00028824081254957
101978.418170251,21.4335686851528,0.00028945724639589
101978.550666371,21.5421150430705,0.000290660411822957
101978.683162492,21.6326446930866,0.000291851121267637
101978.815658612,21.7064630532264,0.000293030127255684
101979.064518434,21.8044606473052,0.000295215347671251
101979.313378257,21.8559645617059,0.000297365815953989
101979.562238079,21.868129145728,0.000299485055026349
101979.811097901,21.8473913772762,0.000301576069336438
101980.059957724,21.7994959063413,0.000303641402740386
101980.308817546,21.7295233216738,0.000305683190595574
101980.647247999,21.6068652234026,0.00030842524685188
101980.985678452,21.4610765381702,0.000311130608642782
101981.324108904,21.2999382003634,0.000313802016022099
101981.662539357,21.1297370700611,0.000316441551549286
101982.00096981,20.9554944463651,0.000319050785629634
101982.339400262,20.7811682170726,0.00032163089280225
101982.833367981,20.5328252399105,0.000325346289450309
101983.327335699,20.2975891650217,0.000329003396291975
101983.821303418,20.0797862634792,0.000332603514470192
101984.315271136,19.8819956159956,0.000336147657747502
101984.809238855,19.7055408475097,0.000339636703384465
101985.303206573,19.5508293920659,0.0003430714669024
101986.186428929,19.3276352634787,0.000349080198347654
101987.069651285,19.1684919076687,0.000354922908031891
101987.95287364,19.0668053276621,0.000360605098251207
101988.836095996,19.0160144078183,0.000366132913515302
101989.719318352,19.0099040558257,0.000371512637061872
101990.602540708,19.0424711911826,0.000376750239720844
101991.602540708,19.1190134304698,0.000382515831759574
101992.602540708,19.2307637045946,0.000388114154501211
101993.602540708,19.3717770752243,0.000393552548889686
101994.602540708,19.5373201491933,0.000398837828943171
101995.602540708,19.7234781999021,0.000403976158952887
101996.602540708,19.9268573867806,0.000408973057655368
101997.602540708,20.1445618009085,0.000413833516746531
101998.602540708,20.3741555275127,0.000418562184557417
101999.602540708,20.6136621096282,0.000423163484784316
102000.602540708,20.8614532030507,0.000427641553311524
102001.602540708,21.1161427699711,0.000432000230113875
102002.602540708,21.3765241305233,0.000436243110616821
102003.602540708,21.6415369468783,0.000440373608850992
102004.602540708,21.9102458414792,0.000444395002364046
102005.602540708,22.1818219557415,0.000448310456954682
102006.602540708,22.4555254710802,0.000452123040829068
102007.602540708,22.7306896402646,0.00045583573533654
102008.602540708,23.0067074689218,0.000459451444524013
102009.602540708,23.2830216838483,0.0004629730034136
102010.602540708,23.5591242198399,0.00046640319083407
102011.602540708,23.8345382764783,0.000469744721531004
102012.602540708,24.1088139220435,0.000473000247418307
102013.602540708,24.3815327013162,0.000476172370235571
102014.602540708,24.6523079679597,0.000479263647186743
102015.602540708,24.9207799484297,0.000482276585594875
102016.602540708,25.1866111817763,0.000485213637486787
102017.602540708,25.4494846673634,0.000488077200055624
102018.602540708,25.7091034739752,0.000490869618193283
102019.602540708,25.9651905533097,0.000493593184829522
102020.602540708,26.2174883583417,0.000496250139388943
102021.602540708,26.4657580883072,0.00049884266635755
102022.602540708,26.7097786866299,0.000501372894601881
102023.602540708,26.9493460648938,0.000503842897129131
102024.602540708,27.1842728294034,0.000506254690976688
102025.602540708,27.4143881519332,0.00050861023716977
102026.602540708,27.6395374576791,0.000510911440487896
102027.602540708,27.8595820427677,0.000513160146096446
102028.602540708,28.0743960316841,0.000515358145326409
102029.602540708,28.2838698768617,0.000517507175907665
102030.602540708,28.4879094062937,0.000519608921041898
102031.602540708,28.6864339975572,0.00052166500782986
102032.602540708,28.8793756696211,0.000523677007560136
102033.602540708,29.0666784029582,0.000525646437631767
102034.602540708,29.24829872581,0.000527574762609782
102035.602540708,29.4242054648987,0.000529463397851083
102036.602540708,29.594376247977,0.000531313704319479
102037.602540708,29.7588000125844,0.000533126994588663
102038.602540708,29.9174753826003,0.000534904531108673
102039.602540708,30.0704115598849,0.000536647532225902
102040.602540708,30.217625029925,0.000538357167818421
102041.602540708,30.3591405296516,0.000540034563560636
102042.602540708,30.4949907843767,0.000541680799885326
102043.602540708,30.6252160471739,0.000543296917727679
102044.602540708,30.7498617199298,0.000544883915453875
102045.602540708,30.8689782755438,0.000546442749829997
102046.602540708,30.9826226036473,0.000547974339423481
102047.602540708,31.0908578433344,0.000549479567368933
102048.602540708,31.1937509999542,0.000550959281396972
102049.602540708,31.2913717938618,0.000552414292467643
102050.602540708,31.3837917197646,0.00055384537773613
102051.602540708,31.4710873843071,0.000555253282489782
102052.602540708,31.5533400161906,0.000556638722871282
102053.602540708,31.6306321824833,0.000558002385564667
102054.602540708,31.7030456002041,0.000559344926212491
102055.602540708,31.7706650291501,0.000560666971583967
102056.602540708,31.8335850459096,0.000561969179025562
102057.602540708,31.8918898271743,0.000563252095875519
102058.602540708,31.9456640234766,0.000564516253181541
102059.602540708,31.9949947030745,0.000565762172395196
102060.602540708,32.0399643033431,0.000566990321330158
102061.602540708,32.0806590956801,0.000568201194452215
102062.602540708,32.1171768994718,0.000569395281153931
102063.602540708,32.1496059732377,0.000570573043127708
102064.602540708,32.1780305928848,0.000571734902956909
102065.602540708,32.2025459053639,0.000572881304146665
102066.602540708,32.2232343697657,0.000574012617072436
102067.602540708,32.2401782502095,0.000575129202137076
102068.602540708,32.2534603098517,0.000576231413157151
102069.602540708,32.2631560369923,0.000577319565503102
102070.602540708,32.2693479822728,0.000578393995498241
102071.602540708,32.2721199499095,0.000579455035398915
102072.602540708,32.2715527225313,0.000580502996301309
102073.602540708,32.267723914945,0.000581538169003746
102074.602540708,32.2607091348486,0.000582560830310539
102075.602540708,32.2505825133191,0.000583571245586258
102076.602540708,32.2374167947582,0.000584569669800657
102077.602540708,32.2212832077151,0.000585556347753567
102078.602540708,32.2022513609836,0.000586531514204492
102079.602540708,32.180389230697,0.000587495394229554
102080.602540708,32.1557631823151,0.000588448203709343
102081.602540708,32.1284379795342,0.000589390149782363
102082.602540708,32.0984767800451,0.000590321431205811
102083.602540708,32.0659411344324,0.000591242238739189
102084.602540708,32.0308909962086,0.000592152755491096
102085.602540708,31.9933847386749,0.000593053157241177
102086.602540708,31.9534791720113,0.000593943612758627
102087.602540708,31.911229559874,0.000594824284116392
102088.602540708,31.8666896383899,0.000595695326989516
102089.602540708,31.8199116387201,0.000596556890933749
102090.602540708,31.7709463117827,0.000597409119649236
102091.602540708,31.7198429536552,0.000598252151234049
102092.602540708,31.6666494315843,0.000599086118427892
102093.602540708,31.6114122111302,0.00059991114884436
102094.602540708,31.5541763844866,0.000600727365191488
102095.602540708,31.4949856995051,0.000601534885481789
102096.602540708,31.4338825890386,0.000602333823232987
102097.602540708,31.3709082005397,0.00060312428765983
102098.602540708,31.3061024259501,0.000603906383857056
102099.602540708,31.2395039317953,0.000604680212973765
102100.602540708,31.1711501893103,0.00060544587237975
102101.602540708,31.1010775044659,0.000606203455824262
102102.602540708,31.0293210478361,0.000606953053587578
102103.602540708,30.9559148842713,0.000607694752625649
102104.602540708,30.8808920023132,0.000608428636708128
102105.602540708,30.8042843432804,0.000609154786550117
102106.602540708,30.7261228299671,0.000609873279937947
102107.602540708,30.6464373949199,0.000610584191849286
102108.602540708,30.5652570082629,0.000611287594567833
102109.602540708,30.4826097050381,0.000611983557792836
102110.602540708,30.3985226120309,0.000612672148743707
102111.602540708,30.3130219740576,0.000613353432259952
102112.602540708,30.2261331797004,0.000614027470896667
102113.602540708,30.1378807864706,0.000614694325015763
102114.602540708,30.0482885453941,0.00061535405287317
102115.602540708,29.9573794250102,0.000616006710702193
102116.602540708,29.8651756347741,0.000616652352793202
102117.602540708,29.7716986478571,0.000617291031569807
102118.602540708,29.6769692233553,0.000617922797661739
102119.602540708,29.5810074279017,0.000618547699974573
102120.602540708,29.4838326566744,0.000619165785756382
102121.602540708,29.3854636538103,0.000619777100661519
102122.602540708,29.2859185322496,0.000620381688811732
102123.602540708,29.1852147929988,0.000620979592854641
102124.602540708,29.0833693437905,0.000621570854019601
102125.602540708,28.9803985171936,0.00062215551217127
102126.602540708,28.8763180891319,0.000622733605863762
102127.602540708,28.7711432940055,0.000623305172384246
102128.602540708,28.6648888414866,0.000623870247800936
102129.602540708,28.5575689333653,0.000624428867010868
102130.602540708,28.4491972792231,0.000624981063783931
102131.602540708,28.339787111062,0.00062552687080339
102132.602540708,28.229351197442,0.000626066319704599
102133.602540708,28.1179018574611,0.000626599441113193
102134.602540708,28.0054509744861,0.000627126264682519
102135.602540708,27.8920100092693,0.000627646819128926
102136.602540708,27.7775900123476,0.000628161132264592
102137.602540708,27.6622016361276,0.000628669231029575
102138.602540708,27.5458551469103,0.000629171141523999
102139.602540708,27.4285604363976,0.000629666889038389
102140.602540708,27.3103270147563,0.000630156498043295
102141.602540708,27.191164062019,0.000630639992304356
102142.602540708,27.0710804192204,0.000631117394867865
102143.602540708,26.9500845887596,0.00063158872806651
102144.602540708,26.8281847447627,0.000632054013545015
102145.602540708,26.7053887453766,0.00063251327228987
102146.602540708,26.5817041433999,0.000632966524656386
102147.602540708,26.457138195135,0.000633413790391866
102148.602540708,26.331697868058,0.000633855088655028
102149.602540708,26.2053898480429,0.000634290438033785
102150.602540708,26.0782205468673,0.000634719856564319
102151.602540708,25.9501961100388,0.000635143361751672
102152.602540708,25.8213224241955,0.000635560970588939
102153.602540708,25.6916051235604,0.000635972699573111
102154.602540708,25.561049595922,0.000636378564719583
102155.602540708,25.4296609889731,0.000636778581578498
102156.602540708,25.2974442169751,0.000637172765252631
102157.602540708,25.1644039668504,0.000637561130413205
102158.602540708,25.0305447032295,0.000637943691311963
102159.602540708,24.8958706731772,0.000638320461792495
102160.602540708,24.7603859115714,0.000638691455304514
102161.602540708,24.6240942469297,0.00063905668492004
102162.602540708,24.4869993064689,0.000639416163346713
102163.602540708,24.3491045198531,0.000639769902936354
102164.602540708,24.2104131226863,0.000640117915693041
102165.602540708,24.0709281610843,0.000640460213285757
102166.602540708,23.9306524970254,0.000640796807064122
102167.602540708,23.7895888127074,0.000641127708070294
102168.602540708,23.6477396130232,0.00064145292704392
102169.602540708,23.5051072276256,0.000641772474426064
102170.602540708,23.3616938147275,0.000642086360370245
102171.602540708,23.2175013664836,0.000642394594759531
102172.602540708,23.0725317132443,0.000642697187219137
102173.602540708,22.9267865247831,0.000642994147117633
102174.602540708,22.7802673103263,0.000643285483564247
102175.602540708,22.6329754211899,0.000643571205416722
102176.602540708,22.4849120568542,0.000643851321302254
102177.602540708,22.3360782704265,0.000644125839635613
102178.602540708,22.1864749690733,0.000644394768618055
102179.602540708,22.0361029107646,0.000644658116223004
102180.602540708,21.8849627040832,0.000644915890194398
102181.602540708,21.7330548152999,0.000645168098072734
102182.602540708,21.5803795778187,0.000645414747229205
102183.602540708,21.4269371942027,0.000645655844870998
102184.602540708,21.2727277281803,0.00064589139800939
102185.602540708,21.117751053582,0.000646121414037809
102186.602540708,20.9620069996789,0.000646345899369115
102187.602540708,20.8054951859123,0.000646564860098616
102188.602540708,20.648215124098,0.000646778302385351
102189.602540708,20.4901662136689,0.000646986232349079
102190.602540708,20.3313477271934,0.000647188655973601
102191.602540708,20.1717588055322,0.000647385579076027
102192.602540708,20.0113984613275,0.000647577007317736
102193.602540708,19.8502655847877,0.000647762946226027
102194.602540708,19.6883589466744,0.000647943401205343
102195.602540708,19.5256772605996,0.000648118376915245
102196.602540708,19.3622190833587,0.000648287878705982
102197.602540708,19.1979828029313,0.000648451911955494
102198.602540708,19.0329666706289,0.000648610481684075
102199.602540708,18.8671688272831,0.000648763592620867
102200.602540708,18.7005873115401,0.000648911249365428
102201.602540708,18.5332200542071,0.000649053456449065
102202.602540708,18.3650648621303,0.000649190218288929
102203.602540708,18.1961191312002,0.000649321539467983
102204.602540708,18.0263805794326,0.000649447424069429
102205.602540708,17.855846664366,0.000649567875783942
102206.602540708,17.6845147051382,0.000649682898400736
102207.602540708,17.5123820820096,0.000649792495201774
102208.602540708,17.3394458917796,0.000649896670135102
102209.602540708,17.1657030105749,0.000649995427124291
102210.602540708,16.9911501880417,0.000650088769709222
102211.602540708,16.8157840880661,0.000650176701168634
102212.602540708,16.6396009452668,0.00065025922508725
102213.602540708,16.4625975082039,0.000650336344860183
102214.602540708,16.284770210595,0.000650408063359652
102215.602540708,16.106115273884,0.000650474383378517
102216.602540708,15.9266290155353,0.000650535307117854
102217.602540708,15.7463073430284,0.000650590837331336
102218.602540708,15.5651459585052,0.000650640976929089
102219.602540708,15.3831405486625,0.000650685728803706
102220.602540708,15.2002867754368,0.000650725095761374
102221.602540708,15.0165796226716,0.000650759080318966
102222.602540708,14.8320146453415,0.000650787684587009
102223.602540708,14.646587067037,0.000650810910159523
102224.602540708,14.4602919462379,0.000650828758832852
102225.602540708,14.2731242453279,0.000650841232616796
102226.602540708,14.0850791972582,0.000650848333180192
102227.602540708,13.8961515141776,0.000650850062716152
102228.602540708,13.7063355419631,0.000650846423120425
102229.602540708,13.5156253933135,0.000650837415425012
102230.602540708,13.3240148988826,0.000650823039572188
102231.602540708,13.1314971946279,0.000650803295656218
102232.602540708,12.9380662734938,0.00065077818378432
102233.602540708,12.7437157342581,0.000650747703377847
102234.602540708,12.5484388117545,0.000650711853458075
102235.602540708,12.352228441392,0.000650670632609247
102236.602540708,12.1550778319956,0.000650624038790558
102237.602540708,11.9569793948448,0.000650572069969401
102238.602540708,11.7579253019211,0.000650514724467307
102239.602540708,11.5579079695565,0.000650452001448167
102240.602540708,11.3569200341817,0.000650383900786912
102241.602540708,11.1549529279627,0.000650310421000895
102242.602540708,10.9519987897693,0.000650231559661784
102243.602540708,10.7480492015791,0.000650147313142112
102244.602540708,10.5430954701329,0.000650057677923621
102245.602540708,10.3371288662263,0.000649962651122878
102246.602540708,10.1301407026554,0.000649862230571904
102247.602540708,9.92212301518219,0.000649756414630895
102248.602540708,9.7130669819411,0.000649645202058568
102249.602540708,9.50296306879811,0.000649528590460218
102250.602540708,9.29180108453786,0.000649406574981519
102251.602540708,9.0795702241037,0.000649279148474693
102252.602540708,8.86625885754201,0.000649146304536775
102253.602540708,8.65185756396312,0.000649008040450328
102254.602540708,8.43635685254314,0.000648864354089205
102255.602540708,8.21974684093637,0.000648715243217904
102256.602540708,8.00201705706595,0.000648560704393345
102257.602540708,7.78315630288565,0.000648400732245348
102258.602540708,7.56315267955234,0.000648235319498789
102259.602540708,7.34199379768944,0.00064806445772275
102260.602540708,7.1196670915979,0.000647888138462979
102261.602540708,6.8961600996074,0.000647706354248618
102262.602540708,6.6714605852479,0.000647519099025703
102263.602540708,6.44555768338164,0.000647326368806393
102264.602540708,6.2184395107609,0.000647128160634762
102265.602540708,5.99009284885556,0.000646924468566293
102266.602540708,5.76050288676094,0.00064671528085812
102267.602540708,5.52965370716062,0.000646500581750267
102268.602540708,5.29752844254674,0.000646280356832368
102269.602540708,5.06411400684883,0.000646054599629949
102270.602540708,4.82939744868387,0.000645823305590753
102271.602540708,4.59336508924244,0.000645586468691546
102272.602540708,4.35600175728056,0.000645344078545982
102273.602540708,4.11729071355454,0.00064509612080125
102274.602540708,3.87721441855519,0.000644842579263078
102275.602540708,3.63575514896372,0.000644583437124857
102276.602540708,3.39289562737362,0.000644318679718175
102277.602540708,3.14861855586822,0.000644048294243214
102278.602540708,2.90290673106079,0.000643772268201255
102279.602540708,2.65574258682357,0.0006434905886268
102280.602540708,2.40710784570218,0.000643203240989171
102281.602540708,2.1569832158815,0.000642910207596119
102282.602540708,1.90534808965901,0.000642611468447114
102283.602540708,1.65218159439033,0.000642307001816541
102284.602540708,1.39746199044578,0.000641996785354023
102285.602540708,1.14116760964,0.000641680796771894
102286.602540708,0.883276668630451,0.000641359014367262
102287.602540708,0.623769595709842,0.000641031419823629
102288.602540708,0.362624303647715,0.000640697993605747
102289.602540708,0.0998171008485245,0.00064035871330603
102290.602540708,-0.16467722706551,0.00064001355089442
102291.602540708,-0.430885697697001,0.000639662471729282
102292.602540708,-0.69883611130521,0.000639305439106073
102293.602540708,-0.968558144993039,0.000638942417420604
102294.602540708,-1.2400760486455,0.000638573381822785
102295.602540708,-1.51341445372003,0.000638198307975237
102296.602540708,-1.7886000693698,0.000637817167810074
102297.602540708,-2.06566064923976,0.000637429928271648
102298.602540708,-2.34462732391794,0.000637036548352401
102299.602540708,-2.62553292390434,0.000636636982412188
102300.602540708,-2.90841171652367,0.000636231182066533
102301.602540708,-3.19329630786945,0.000635819102174616
102302.602540708,-3.48022028453832,0.000635400698297584
102303.602540708,-3.76921401931271,0.000634975931945199
102304.602540708,-4.06031133589843,0.000634544761199566
102305.602540708,-4.35354842888127,0.000634107138964398
102306.602540708,-4.64896428838943,0.000633663008741231
102307.602540708,-4.94660081880696,0.000633212304108309
102308.602540708,-5.24650534966425,0.000632754949275531
102309.602540708,-5.54871752971898,0.000632290884320624
102310.602540708,-5.85327685123425,0.00063182005232708
102311.602540708,-6.16022394290462,0.000631342395637501
102312.602540708,-6.46960116325878,0.000630857852939637
102313.602540708,-6.78145425133046,0.000630366355770228
102314.602540708,-7.09582791886222,0.000629867833541129
102315.602540708,-7.4127721360764,0.000629362204816773
102316.602540708,-7.73233890141419,0.000628849382931362
102317.602540708,-8.05458303320295,0.000628329275864193
102318.602540708,-8.3795554272289,0.000627801797487027
102319.602540708,-8.70731054285496,0.000627266857855975
102320.602540708,-9.03790351486801,0.000626724366521047
102321.602540708,-9.37139027284202,0.00062617423133295
102322.602540708,-9.70782823252457,0.000625616356453825
102323.602540708,-10.0472767830606,0.000625050640987473
102324.602540708,-10.3897997576409,0.000624476975627972
102325.602540708,-10.7354515986217,0.000623895263328608
102326.602540708,-11.0842978333688,0.000623305387765774
102327.602540708,-11.4364090920567,0.000622707223278569
102328.602540708,-11.7918556325997,0.000622100644823113
102329.602540708,-12.1507062918486,0.000621485530644938
102330.602540708,-12.5130293604031,0.000620861761039511
102331.602540708,-12.8788936576078,0.000620229215922916
102332.602540708,-13.2483694844489,0.00061958777188574
102333.602540708,-13.6215294251387,0.000618937299245228
102334.602540708,-13.9984487871284,0.00061827766022273
102335.602540708,-14.379205425557,0.000617608709351451
102336.602540708,-14.763878864825,0.000616930296383488
102337.602540708,-15.1525488536806,0.000616242270999847
102338.602540708,-15.5453014378576,0.000615544474531267
102339.602540708,-15.9422076924371,0.000614836780493641
102340.602540708,-16.3433376115947,0.000614119066905251
102341.602540708,-16.7487616887064,0.00061339121154563
102342.602540708,-17.1585511612863,0.000612653089404315
102343.602540708,-17.5727782919652,0.000611904570512125
102344.602540708,-17.9915160971852,0.000611145519985892
102345.602540708,-18.4148308579993,0.000610375811829405
102346.602540708,-18.8427945955983,0.00060959530837574
102347.602540708,-19.2754774360228,0.000608803877125694
102348.602540708,-19.7129428310268,0.000608001399835273
102349.602540708,-20.1552485607863,0.000607187767608823
102350.602540708,-20.6024493951377,0.00060636287310578
102351.602540708,-21.0545970642461,0.000605526606636201
102352.602540708,-21.5117394682343,0.000604678860172405
102353.602540708,-21.9739187679931,0.000603819531751757
102354.602540708,-22.4411707536093,0.000602948525131726
102355.602540708,-22.9135251542808,0.000602065746159538
102356.602540708,-23.3910046995545,0.000601171102891297
102357.602540708,-23.873622256243,0.000600264512207392
102358.602540708,-24.361378718137,0.000599345904546736
102359.602540708,-24.8542649167351,0.000598415215178068
102360.602540708,-25.3522664953994,0.000597472364135009
102361.602540708,-25.855364691339,0.000596517235047821
102362.602540708,-26.3635334624954,0.000595549713210568
102363.602540708,-26.8767169389688,0.000594569729391357
102364.602540708,-27.394846753704,0.000593577213043177
102365.602540708,-27.9178432267383,0.000592572075843954
102366.602540708,-28.4456136877769,0.000591554214771971
102367.602540708,-28.9780592067254,0.000590523525036775
102368.602540708,-29.5150530828503,0.000589479884141217
102369.602540708,-30.0564442268669,0.0005884231647294
102370.602540708,-30.6020615033361,0.00058735324168999
102371.602540708,-31.1517134944897,0.000586269991971797
102372.602540708,-31.7051859863983,0.00058517329335821
102373.602540708,-32.2622401856269,0.000584063024953458
102374.602540708,-32.8226125945617,0.000582939069435488
102375.602540708,-33.3860156471406,0.000581801316301551
102376.602540708,-33.9521398085062,0.000580649661663464
102377.602540708,-34.5206500416368,0.000579484018243185
102378.602540708,-35.0911889562206,0.000578304317228088
102379.602540708,-35.6633826186121,0.000577110508419744
102380.602540708,-36.2368438795028,0.000575902562519245
102381.602540708,-36.8111732032694,0.000574680474214295
102382.602540708,-37.3859626795876,0.000573444264644647
102383.602540708,-37.960807889864,0.00057219398298706
102384.602540708,-38.535320603459,0.000570929707239013
102385.602540708,-39.1091225045494,0.00056965154609375
102386.602540708,-39.6818424517154,0.000568359640873723
102387.602540708,-40.2531409929206,0.000567054152776439
102388.602540708,-40.8227327512078,0.000565735267433095
102389.602540708,-41.3903868440039,0.000564403195837531
102390.602540708,-41.9559031582916,0.00056305817256013
102391.602540708,-42.5190987049613,0.000561700452048762
102392.602540708,-43.0798387897937,0.000560330303722814
102393.602540708,-43.6380947824892,0.000558948007428453
102394.602540708,-44.1939575589673,0.000557553851008533
102395.602540708,-44.7475293145203,0.000556148124757945
102396.602540708,-45.2988827757908,0.000554731129991977
102397.602540708,-45.8481551736568,0.000553303163574263
102398.602540708,-46.3956263920301,0.00055186451166984
102399.602540708,-46.9416456532325,0.000550415456769379
102400.602540708,-47.4865136566042,0.000548956277766525
102401.602540708,-48.0305000603202,0.000547487238028698
102402.602540708,-48.573957468319,0.000546008579863006
102403.602540708,-49.1173479460821,0.000544520535065994
102404.602540708,-49.6610926729526,0.000543023336667914
102405.602540708,-50.2054270520624,0.000541517204548035
102406.602540708,-50.7505857458876,0.000540002317794028
102407.602540708,-51.2970131713095,0.000538478858481812
102408.602540708,-51.8451694770167,0.000536947007984058
102409.602540708,-52.3951018119602,0.000535406938715098
102410.602540708,-52.9468063713575,0.000533858798050333
102411.602540708,-53.5003555258844,0.000532302742054637
102412.602540708,-54.055772379453,0.000530738928960553
102413.602540708,-54.6129495228425,0.000529167510919283
102414.602540708,-55.1716621042028,0.000527588642498471
102415.602540708,-55.731588196758,0.000526002486511165
102416.602540708,-56.2923125558564,0.000524409214692081
102417.602540708,-56.8533277079112,0.000522809008551661
102418.602540708,-57.4140384577972,0.00052120206152143
102419.602540708,-57.9737698037386,0.000519588581310216
102420.602540708,-58.5317779445748,0.000517968792338273
102421.602540708,-59.087260813827,0.000516342933812085
102422.602540708,-59.6393705252259,0.000514711264648586
102422.959439634,-59.8354339221177,0.000514127568387042
102423.31633856,-60.0308984957381,0.000513543227187165
102423.608183356,-60.190233401934,0.000513065005762901
102423.900028151,-60.3490791475765,0.000512586479988992
102424.191872947,-60.5074173192101,0.000512107646414916
102424.483717743,-60.6652352612054,0.000511628485941743
102424.775562539,-60.8225189205006,0.000511148983687921
102425.293366061,-61.1001967042738,0.000510297364940949
102425.811169583,-61.3760343867247,0.000509444638059024
102426.328973105,-61.6499293539194,0.000508590804599435
102426.846776626,-61.9217748578683,0.000507735876404184
102427.846776626,-62.440586447738,0.000506081804912216
102428.846776626,-62.9505941092913,0.00050442396331371
102429.846776626,-63.4510423493509,0.000502762642058611
102430.846776626,-63.941221334307,0.000501098175652957
102431.846776626,-64.4204782323066,0.000499430924596772
102432.846776626,-64.8882259162324,0.000497761260522061
102433.846776626,-65.3439311807356,0.000496089577122113
102434.846776626,-65.7871359588031,0.000494416265409957
102435.846776626,-66.2174454104876,0.000492741721920161
102436.846776626,-66.6345370334026,0.000491066337876286
102437.846776626,-67.038161856425,0.000489390501405906
102438.846776626,-67.4281387352967,0.000487714593631605
102439.846776626,-67.8043502170452,0.000486038990149224
102440.846776626,-68.1667403007649,0.000484364059230162
102441.846776626,-68.5153119953141,0.000482690159882574
102442.846776626,-68.8501235957896,0.000481017641084822
102443.846776626,-69.1712820332226,0.000479346841738034
102444.846776626,-69.4789431801782,0.000477678088500408
102445.846776626,-69.7733065236204,0.000476011695383209
102446.846776626,-70.0546083087593,0.000474347963942167
102447.846776626,-70.323116526202,0.000472687183236673
102448.846776626,-70.5791273046457,0.000471029629444997
102449.846776626,-70.8229612004268,0.000469375565618349
102450.846776626,-71.0549591153634,0.000467725241614984
102451.846776626,-71.2754781943699,0.000466078894255691
102452.846776626,-71.4848881371176,0.000464436747472282
102453.846776626,-71.6835678247817,0.000462799012544563
102454.846776626,-71.8719023145325,0.00046116588829355
102455.846776626,-72.0502799614731,0.000459537561422446
102456.846776626,-72.2190899698255,0.000457914206791051
102457.846776626,-72.3787199812405,0.000456295987864672
102458.846776626,-72.5295543119644,0.000454683057000751
102459.846776626,-72.671971662782,0.000453075555454715
102460.846776626,-72.8063442966171,0.000451473614755203
102461.846776626,-72.9330367593014,0.000449877357044387
102462.846776626,-73.0524046138047,0.000448286894731447
102463.846776626,-73.164793622456,0.000446702331346158
102464.846776626,-73.2705388599249,0.000445123761601278
102465.846776626,-73.3699645572815,0.000443551272359496
102466.846776626,-73.463383249229,0.000441984942536053
102467.846776626,-73.5510962861043,0.000440424844074691
102468.846776626,-73.6333926017102,0.000438871041692658
102469.846776626,-73.7105759184395,0.000437323598384362
102470.846776626,-73.7828969658284,0.0004357825632319
102471.846776626,-73.8505996984158,0.000434247980618937
102472.846776626,-73.9139232650614,0.00043271989090881
102473.846776626,-73.9730802530751,0.000431198327847771
102474.846776626,-74.0282964392975,0.00042968332350924
102475.846776626,-74.0797932434872,0.000428174906721953
102476.846776626,-74.1277756359641,0.000426673100601186
102477.846776626,-74.1724342971025,0.000425177923890862
102478.846776626,-74.2139646289921,0.000423689391477701
102479.846776626,-74.2525269912874,0.000422207513819685
102480.846776626,-74.2882767150837,0.000420732298560004
102481.846776626,-74.3213650065219,0.000419263750672675
102482.846776626,-74.3519367196588,0.000417801872489001
102483.846776626,-74.380118701555,0.000416346664334083
102484.846776626,-74.4060442430357,0.000414898123611694
102485.846776626,-74.4298431919617,0.000413456245674356
102486.846776626,-74.4516351274714,0.000412021023247046
102487.846776626,-74.47153067269,0.000410592447538379
102488.846776626,-74.4896426363729,0.000409170506138687
102489.846776626,-74.5060632815572,0.000407755187006711
102490.846776626,-74.5208815939984,0.000406346476533107
102491.846776626,-74.5341839730128,0.000404944359486281
102492.846776626,-74.5460530173877,0.00040354881923468
102493.846776626,-74.556560942154,0.00040215983956457
102494.846776626,-74.5657834067051,0.000400777401363593
102495.846776626,-74.5737940172787,0.000399401483874762
102496.846776626,-74.5806605958996,0.000398032065716524
102497.846776626,-74.586445516497,0.00039666912501701
102498.846776626,-74.5912071560127,0.000395312639256106
102499.846776626,-74.5950007531513,0.000393962585194629
102500.846776626,-74.5978786444748,0.00039261893891952
102501.846776626,-74.5998903104972,0.000391281675925818
102502.846776626,-74.6010824659454,0.000389950771188086
102503.846776626,-74.6014992098319,0.000388626199215785
102504.846776626,-74.6011821876779,0.000387307934100619
102505.846776626,-74.6001707389308,0.000385995949561238
102506.846776626,-74.5985020281491,0.000384690218986192
102507.846776626,-74.5962111661511,0.000383390715474542
102508.846776626,-74.5933313248665,0.000382097411873711
102509.846776626,-74.589893846523,0.000380810280814669
102510.846776626,-74.5859283468335,0.000379529294744696
102511.846776626,-74.5814628121196,0.000378254425957938
102512.846776626,-74.5765236906667,0.000376985646623904
102513.846776626,-74.5711359787061,0.000375722928814037
102514.846776626,-74.5653233013752,0.000374466244526469
102515.846776626,-74.5591079889449,0.000373215565709073
102516.846776626,-74.5525111485794,0.00037197086428093
102517.846776626,-74.5455527318772,0.000370732112152302
102518.846776626,-74.5382515984419,0.000369499281243212
102519.846776626,-74.530625575714,0.000368272343500724
102520.846776626,-74.5226915152852,0.000367051270914994
102521.846776626,-74.5144653459046,0.000365836035534172
102522.846776626,-74.5059621233709,0.000364626609478244
102523.846776626,-74.4971960774997,0.000363422964951848
102524.846776626,-74.4881806563369,0.000362225074256166
102525.846776626,-74.4789285677872,0.000361032909799914
102526.846776626,-74.4694518188111,0.000359846444109514
102527.846776626,-74.4597617523375,0.00035866564983848
102528.846776626,-74.4498690820304,0.000357490499776077
102529.846776626,-74.439783925039,0.000356320966855288
102530.846776626,-74.4295158328534,0.000355157024160139
102531.846776626,-74.4190738203816,0.000353998644932419
102532.846776626,-74.4084663933543,0.000352845802577826
102533.846776626,-74.3977015741613,0.000351698470671577
102534.846776626,-74.3867869262117,0.000350556622963516
102535.846776626,-74.3757295769118,0.000349420233382739
102536.846776626,-74.3645362393401,0.000348289276041783
102537.846776626,-74.3532132327034,0.000347163725240377
102538.846776626,-74.3417665016441,0.000346043555468807
102539.846776626,-74.3302016344716,0.000344928741410897
102540.846776626,-74.3185238803814,0.000343819257946636
102541.846776626,-74.3067381657243,0.000342715080154468
102542.846776626,-74.2948491093839,0.00034161618331327
102543.846776626,-74.2828610373153,0.000340522542904017
102544.846776626,-74.2707779962975,0.000339434134611174
102545.846776626,-74.2586037669462,0.000338350934323806
102546.846776626,-74.2463418760328,0.000337272918136444
102547.846776626,-74.2339956081505,0.000336200062349695
102548.846776626,-74.2215680167689,0.000335132343470632
102549.846776626,-74.2090619347126,0.000334069738212954
102550.846776626,-74.1964799840992,0.000333012223496947
102551.846776626,-74.1838245857703,0.000331959776449238
102552.846776626,-74.1710979682444,0.000330912374402364
102553.846776626,-74.1583021762224,0.000329869994894161
102554.846776626,-74.1454390786716,0.00032883261566698
102555.846776626,-74.1325103765135,0.000327800214666742
102556.846776626,-74.1195176099404,0.000326772770041835
102557.846776626,-74.106462165381,0.000325750260141862
102558.846776626,-74.0933452821385,0.000324732663516253
102559.846776626,-74.0801680587182,0.000323719958912738
102560.846776626,-74.0669314588647,0.000322712125275693
102561.846776626,-74.0536363173257,0.000321709141744364
102562.846776626,-74.040283345357,0.00032071098765098
102563.846776626,-74.0268731359857,0.000319717642518748
102564.846776626,-74.0134061690447,0.000318729086059753
102565.846776626,-73.9998828159913,0.00031774529817275
102566.846776626,-73.9863033445224,0.000316766258940877
102567.846776626,-73.9726679229987,0.00031579194862926
102568.846776626,-73.9589766246869,0.000314822347682559
102569.846776626,-73.9452294318306,0.000313857436722418
102570.846776626,-73.9314262395595,0.000312897196544851
102571.846776626,-73.9175668596452,0.000311941608117564
102572.846776626,-73.9036510241106,0.000310990652577205
102573.846776626,-73.8896783887018,0.00031004431122657
102574.846776626,-73.8756485362281,0.000309102565531747
102575.846776626,-73.8615609797768,0.000308165397119217
102576.846776626,-73.847415165809,0.000307232787772912
102577.846776626,-73.8332104771407,0.000306304719431238
102578.846776626,-73.8189462358146,0.000305381174184063
102579.846776626,-73.8046217058673,0.000304462134269684
102580.846776626,-73.7902360959961,0.000303547582071762
102581.846776626,-73.7757885621275,0.000302637500116247
102582.846776626,-73.761278209893,0.000301731871068293
102583.846776626,-73.7467040970133,0.000300830677729159
102584.846776626,-73.7320652355955,0.000299933903033111
102585.846776626,-73.7173605943432,0.000299041530044329
102586.846776626,-73.7025891006839,0.000298153541953817
102587.846776626,-73.687749642815,0.000297269922076332
102588.846776626,-73.6728410716689,0.000296390653847322
102589.846776626,-73.6578622028005,0.000295515720819894
102590.846776626,-73.6428118181966,0.000294645106661805
102591.846776626,-73.6276886680101,0.000293778795152488
102592.846776626,-73.6124914722173,0.000292916770180108
102593.846776626,-73.5972189222023,0.00029205901573867
102594.846776626,-73.5818696822663,0.000291205515925161
102595.846776626,-73.5664423910638,0.000290356254936751
102596.846776626,-73.5509356629651,0.000289511217068042
102597.846776626,-73.5353480893471,0.000288670386708384
102598.846776626,-73.5196782398097,0.000287833748339245
102599.846776626,-73.5039246633207,0.000287001286531652
102600.846776626,-73.4880858892877,0.000286172985943707
102601.846776626,-73.4721604285573,0.000285348831318169
102602.846776626,-73.4561467743411,0.000284528807480123
102603.846776626,-73.4400434030695,0.000283712899334726
102604.846776626,-73.4238487751715,0.000282901091865037
102605.846776626,-73.407561335782,0.000282093370129939
102606.846776626,-73.3911795153751,0.000281289719262152
102607.846776626,-73.3747017303233,0.000280490124466338
102608.846776626,-73.3581263833837,0.000279694571017304
102609.846776626,-73.3414518641087,0.000278903044258301
102610.846776626,-73.3246765491831,0.000278115529599434
102611.846776626,-73.3077988026863,0.000277332012516162
102612.846776626,-73.2908169762792,0.000276552478547915
102613.846776626,-73.2737294093161,0.000275776913296811
102614.846776626,-73.2565344288817,0.000275005302426487
102615.846776626,-73.2392303497516,0.000274237631661035
102616.846776626,-73.2218154742781,0.000273473886784053
102617.846776626,-73.2042880921994,0.000272714053637805
102618.846776626,-73.1866464803729,0.000271958118122498
102619.846776626,-73.1688889024328,0.000271206066195666
102620.846776626,-73.151013608371,0.000270457883871676
102621.846776626,-73.1330188340416,0.000269713557221341
102622.846776626,-73.1149028005893,0.000268973072371651
102623.846776626,-73.0966637138006,0.000268236415505617
102624.846776626,-73.0782997633788,0.000267503572862229
102625.846776626,-73.0598091221424,0.000266774530736529
102626.846776626,-73.0411899451456,0.000266049275479794
102627.846776626,-73.0224403687227,0.000265327793499836
102628.846776626,-73.0035585094547,0.000264610071261409
102629.846776626,-72.9845424630583,0.000263896095286729
102630.846776626,-72.9653903031979,0.000263185852156109
102631.846776626,-72.9461000802186,0.000262479328508693
102632.846776626,-72.9266698198018,0.000261776511043308
102633.846776626,-72.907097521541,0.000261077386519419
102634.846776626,-72.8873811574393,0.000260381941758188
102635.846776626,-72.8675186703265,0.000259690163643642
102636.846776626,-72.847507972196,0.000259002039123945
102637.846776626,-72.82734694246,0.000258317555212766
102638.846776626,-72.8070334261233,0.000257636698990757
102639.846776626,-72.7865652318734,0.000256959457607127
102640.846776626,-72.7659401300867,0.000256285818281316
102641.846776626,-72.7451558507491,0.000255615768304766
102642.846776626,-72.7242100812896,0.000254949295042794
102643.846776626,-72.7031004643257,0.000254286385936555
102644.846776626,-72.6818245953178,0.000253627028505108
102645.846776626,-72.6603800201325,0.00025297121034757
102646.846776626,-72.63876423251,0.000252318919145371
102647.846776626,-72.6169746714361,0.000251670142664598
102648.846776626,-72.5950087184132,0.000251024868758437
102649.846776626,-72.5728636946302,0.000250383085369707
102650.846776626,-72.5505368580262,0.000249744780533489
102651.846776626,-72.5280254002445,0.000249109942379846
102652.846776626,-72.5053264434752,0.000248478559136645
102653.846776626,-72.4824370371792,0.000247850619132464
102654.846776626,-72.4593541546919,0.000247226110799606
102655.846776626,-72.4360746897001,0.000246605022677206
102656.846776626,-72.4125954525876,0.000245987343414433
102657.846776626,-72.3889131666432,0.000245373061773801
102658.846776626,-72.3650244641262,0.000244762166634576
102659.846776626,-72.340925882181,0.000244154646996294
102660.846776626,-72.316613858596,0.000243550491982379
102661.846776626,-72.2920847273967,0.000242949690843884
102662.846776626,-72.2673347142673,0.000242352232963331
102663.846776626,-72.2423599317894,0.000241758107858683
102664.846776626,-72.2171563744914,0.000241167305187429
102665.846776626,-72.1917199136948,0.000240579814750804
102666.846776626,-72.1660462921506,0.000239995626498128
102667.846776626,-72.1401311184504,0.000239414730531301
102668.846776626,-72.1139698612019,0.000238837117109422
102669.846776626,-72.0875578429554,0.000238262776653572
102670.846776626,-72.0608902338654,0.000237691699751752
102671.846776626,-72.0339620450734,0.000237123877163978
102672.846776626,-72.0067681217949,0.00023655929982756
102673.846776626,-71.9793031360927,0.000235997958862554
102674.846776626,-71.9515615793173,0.000235439845577417
102675.846776626,-71.9235377541952,0.000234884951474853
102676.846776626,-71.8952257665415,0.000234333268257881
102677.846776626,-71.8666195165753,0.000233784787836127
102678.846776626,-71.8377126898109,0.000233239502332354
102679.846776626,-71.8084987474994,0.000232697404089248
102680.846776626,-71.7789709165904,0.00023215848567647
102681.846776626,-71.7491221791832,0.000231622739897994
102682.846776626,-71.7189452614346,0.000231090159799746
102683.846776626,-71.6884326218859,0.000230560738677568
102684.846776626,-71.6575764391707,0.000230034470085514
102685.846776626,-71.6263685990632,0.000229511347844521
102686.846776626,-71.5948006808188,0.000228991366051454
102687.846776626,-71.5628639427617,0.000228474519088569
102688.846776626,-71.5305493070647,0.000227960801633407
102689.846776626,-71.4978473436657,0.000227450208669165
102690.846776626,-71.4647482532587,0.000226942735495552
102691.846776626,-71.4312418492939,0.000226438377740181
102692.846776626,-71.3973175389151,0.000225937131370527
102693.846776626,-71.3629643027553,0.000225438992706494
102694.846776626,-71.3281706735081,0.000224943958433618
102695.846776626,-71.2929247131818,0.000224452025616972
102696.846776626,-71.2572139889375,0.000223963191715807
102697.846776626,-71.2210255474029,0.000223477454598985
102698.846776626,-71.1843458873439,0.000222994812561263
102699.846776626,-71.147160930566,0.000222515264340486
102700.846776626,-71.1094559909052,0.000222038809135761
102701.846776626,-71.0712157411556,0.000221565446626677
102702.846776626,-71.0324241777672,0.000221095176993652
102703.846776626,-70.9930645831309,0.000220628000939497
102704.846776626,-70.9531194852502,0.000220163919712283
102705.846776626,-70.9125706145797,0.000219702935129616
102706.846776626,-70.8713988577912,0.000219245049604422
102707.846776626,-70.8295842081994,0.000218790266172376
102708.846776626,-70.7871057125579,0.000218338588521094
102709.846776626,-70.7439414139026,0.000217890021021233
102710.846776626,-70.7000682900873,0.000217444568759658
102711.846776626,-70.6554621876199,0.00021700223757485
102712.846776626,-70.6100977503646,0.000216563034094737
102713.846776626,-70.5639483426284,0.000216126965777161
102714.846776626,-70.5169859660976,0.000215694040953203
102715.846776626,-70.4691811700312,0.000215264268873631
102716.846776626,-70.4205029540479,0.000214837659758723
102717.846776626,-70.3709186627706,0.000214414224851806
102718.846776626,-70.3203938715034,0.000213993976476814
102719.846776626,-70.2688922620184,0.000213576928100273
102720.846776626,-70.2163754874187,0.000213163094398112
102721.846776626,-70.1628030249152,0.000212752491327772
102722.846776626,-70.1081320152103,0.00021234513620613
102723.846776626,-70.0523170870145,0.000211941047793822
102724.846776626,-69.9953101650302,0.000211540246386603
102725.846776626,-69.9370602595163,0.000211142753914482
102726.846776626,-69.8775132352944,0.000210748594049434
102727.846776626,-69.8166115577616,0.00021035779232262
102728.846776626,-69.7542940131368,0.000209970376252139
102729.846776626,-69.6904953997672,0.000209586375482487
102730.846776626,-69.6251461868642,0.000209205821937044
102731.846776626,-69.5581721364947,0.000208828749985099
102732.846776626,-69.4894938840209,0.000208455196625115
102733.846776626,-69.4190264714359,0.000208085201686195
102734.846776626,-69.3466788271623,0.000207718808049989
102735.846776626,-69.2723531848388,0.000207356061895591
102736.846776626,-69.1959444323753,0.000206997012970399
102737.846776626,-69.1173393810833,0.000206641714890333
102738.846776626,-69.0364159429081,0.000206290225473353
102739.846776626,-68.9530422016589,0.000205942607110888
102740.846776626,-68.8670753615521,0.000205598927182483
102741.846776626,-68.7783605532527,0.000205259258519962
102742.846776626,-68.6867294737806,0.000204923679928425
102743.846776626,-68.5919988319675,0.000204592276772757
102744.846776626,-68.4939685653838,0.000204265141639922
102745.846776626,-68.3924197875102,0.000203942375089238
102746.846776626,-68.2871124150239,0.000203624086505248
102747.846776626,-68.1777824139058,0.000203310395070704
102748.846776626,-68.064138588987,0.000203001430880849
102749.846776626,-67.9458588236466,0.000202697336224697
102750.846776626,-67.8225856534617,0.000202398267064724
102751.846776626,-67.6939210280476,0.000202104394753554
102752.846776626,-67.5594200768842,0.000201815908035411
102753.846776626,-67.4185836444834,0.000201533015391853
102754.846776626,-67.2708492934463,0.000201255947806545
102755.846776626,-67.1155803845915,0.000200984962043706
102756.846776626,-66.9520527224784,0.000200720344561149
102757.846776626,-66.7794380893148,0.00020046241621383
102758.846776626,-66.5967837611975,0.000200211537951063
102759.846776626,-66.4029867790251,0.000199968117775124
102760.846776626,-66.196761288144,0.000199732619318282
102761.846776626,-65.9765965972538,0.000199505572520894
102762.846776626,-65.7407026294313,0.000199287587072545
102763.846776626,-65.4869379698164,0.000199079369538911
102764.846776626,-65.212713462322,0.000198881745483707
102765.846776626,-64.9148607718765,0.000198695688481072
102766.846776626,-64.5894496321251,0.00019852235882401
102767.846776626,-64.2315280521775,0.000198363156188077
102768.846776626,-63.8347435763709,0.000198219792904285
102769.846776626,-63.3907749480451,0.000198094398584732
102770.846776626,-62.888450306143,0.000197989674122814
102771.846776626,-62.3123247189376,0.000197909126684852
102772.846776626,-61.6402780662507,0.00019785744419789
102773.846776626,-60.8392320730778,0.000197841124804387
102774.657641414,-60.0561677255834,0.000197860275446032
102775.468506202,-59.1002657720509,0.00019791672901967
102776.121649149,-58.15323146086,0.000197996824451538
102776.664082363,-57.1949432722828,0.000198093670492492
102777.206515576,-56.0086033397865,0.000198226717026697
102777.607334785,-54.9231528986735,0.000198355253342056
102777.939493388,-53.8306129324844,0.000198487385830095
102778.271651991,-52.4890849849337,0.000198650276660819
102778.521250405,-51.2554647723554,0.000198799109646479
102778.770848818,-49.7504737379594,0.0001989786383753
102778.958782365,-48.3787974969216,0.000199140511079596
102779.146715912,-46.7347105271755,0.000199333613275819
102779.294073892,-45.2058284172864,0.000199513983817079
102779.441431872,-43.4185703876457,0.000199729024557371
102779.563562925,-41.7108975605643,0.000199942251395476
102779.685693978,-39.779643650309,0.000200198520648108
102779.807825031,-37.6253987829229,0.000200513139880751
102779.929956083,-35.277943574184,0.000200907608609492
102780.052087136,-32.8037977209004,0.000201410868383552
102780.17512046,-30.2811448007662,0.000202064425353924
102780.298153784,-27.8309830024255,0.000202906003248711
102780.421187108,-25.5271713755789,0.000203974841835787
102780.544220432,-23.3928020752042,0.000205301614280419
102780.667253756,-21.4017975255236,0.000206903167537659
102780.767745543,-19.8467075249129,0.000208418344982692
102780.86823733,-18.3210167086422,0.000210113898523722
102780.968729117,-16.8000170382498,0.000211979788371535
102781.069220905,-15.2671750210939,0.000214002449382551
102781.169712692,-13.7131821592011,0.000216165072719992
102781.300299165,-11.658709935718,0.000219151346421857
102781.396564638,-10.1209037718714,0.000221454675181645
102781.49283011,-8.57154330035489,0.000223820618366186
102781.589095582,-7.0201717001419,0.000226227342289122
102781.665774028,-5.79002236950008,0.00022815912259226
102781.742452474,-4.57087380211269,0.000230092560433581
102781.819130921,-3.36815429971233,0.000232017763749723
102781.895809367,-2.18696237110679,0.000233925625456451
102781.972487813,-1.03192406107843,0.000235807976072278
102782.073435264,0.442058294927051,0.000238235293245835
102782.174382716,1.85623548178738,0.000240592800729736
102782.275330168,3.20516972025396,0.000242870632545462
102782.376277619,4.48541459713023,0.000245062204046837
102782.477225071,5.69529364727686,0.000247163888487745
102782.578172523,6.83468606695767,0.000249174674025456
102782.742046111,8.53741769071092,0.000252248772315799
102782.9059197,10.0677330577931,0.000255100914960879
102783.069793289,11.4399228670528,0.000257752870856009
102783.233666877,12.669827861244,0.000260229608789421
102783.397540466,13.7730711246367,0.00026255617677784
102783.561414055,14.7640431490743,0.000264755807674576
102783.735176232,15.706241890556,0.000266972186621448
102783.908938409,16.5492141881862,0.000269089169075261
102784.082700585,17.3034948746195,0.000271123182046007
102784.256462762,17.9776868033736,0.00027308711959611
102784.430224939,18.5788844485647,0.000274991008161699
102784.603987116,19.1130673700148,0.000276842660330312
102784.763046937,19.5477177244608,0.000278497095270641
102784.894474671,19.8703013509168,0.000279837710191539
102785.025902406,20.1618112785569,0.000281156403062192
102785.157330141,20.4240133580814,0.00028245476151815
102785.288757876,20.6585939348035,0.000283734186703311
102785.420185611,20.8671792801239,0.000284995941014345
102785.551613345,21.0513459725697,0.000286241176219943
102785.694301911,21.2254250370808,0.000287575629224753
102785.836990477,21.3744143882991,0.000288893092767628
102785.979679042,21.5001365252375,0.000290194703233139
102786.122367608,21.6043461473981,0.000291481507444966
102786.265056174,21.6887282202161,0.000292754470007992
102786.407744739,21.7548926379848,0.000294014478321561
102786.636417951,21.8267406775381,0.000296008775707629
102786.865091163,21.861605290377,0.000297974877710192
102787.093764374,21.8648725974708,0.000299915382743662
102787.322437586,21.8414024911504,0.00030183252978768
102787.551110798,21.7955521730368,0.000303728236077272
102787.779784009,21.7312281399367,0.000305604133827781
102788.109218468,21.6130139530121,0.000308274542356442
102788.438652927,21.4724615662641,0.000310910022612342
102788.768087386,21.3167929277008,0.000313513140271447
102789.097521845,21.1519161116243,0.000316085869522516
102789.426956304,20.9826203313597,0.00031862971769995
102789.756390764,20.8127099590152,0.000321145818258354
102790.231950807,20.5722500964989,0.000324730731191328
102790.707510849,20.3430735197679,0.000328261381760717
102791.183070892,20.1293928612422,0.00033173901076665
102791.658630935,19.9338205902174,0.000335164567251144
102792.134190978,19.7577956300813,0.000338538850410489
102792.609751021,19.6018866811919,0.000341862589853302
102793.396359369,19.3879927484955,0.000347251293197217
102794.182967717,19.2263537802092,0.000352507110936004
102794.969576065,19.1127034625584,0.000357633801865968
102795.756184413,19.0422501178719,0.000362635472608063
102796.542792761,19.0103127329393,0.000367516446799666
102797.32940111,19.0124319877168,0.000372281064634001
102798.32940111,19.0577042444499,0.000378176812907312
102799.32940111,19.1433231793188,0.000383899521860267
102800.32940111,19.2625619958399,0.000389456941993354
102801.32940111,19.4099447952479,0.000394856267150478
102802.32940111,19.580930761771,0.000400104073991182
102803.32940111,19.7716235239582,0.000405206306217032
102804.32940111,19.9787364848662,0.000410168330154303
102805.32940111,20.1994997914907,0.000414995100679041
102806.32940111,20.4316487861961,0.000419691281086601
102807.32940111,20.6733186718691,0.000424261204927092
102808.32940111,20.9229354895691,0.000428708885595525
102809.32940111,21.1791442421164,0.000433038071247102
102810.32940111,21.4407674949141,0.000437252305820253
102811.32940111,21.706776917689,0.000441354974439419
102812.32940111,21.9762684630423,0.000445349331771227
102813.32940111,22.2484398613469,0.00044923852044468
102814.32940111,22.5225716196362,0.000453025585507349
102815.32940111,22.7980121286485,0.000456713486960285
102816.32940111,23.074166457596,0.000460305110213689
102817.32940111,23.3504879290543,0.000463803274121915
102818.32940111,23.6264770631896,0.000467210741598225
102819.32940111,23.9016659049616,0.000470530213589967
102820.32940111,24.1756135451395,0.000473764330415304
102821.32940111,24.4479090794069,0.000476915681897407
102822.32940111,24.7181719273997,0.000479986811593962
102823.32940111,24.9860478212371,0.000482980212706007
102824.32940111,25.2512045134232,0.000485898323947535
102825.32940111,25.5133298914839,0.000488743529686135
102826.32940111,25.772131853395,0.000491518161723214
102827.32940111,26.0273382635766,0.000494224499517036
102828.32940111,26.2786962825211,0.000496864768816031
102829.32940111,26.5259713745474,0.000499441140269043
102830.32940111,26.7689465008066,0.000501955728806454
102831.32940111,27.0074216602161,0.000504410593537891
102832.32940111,27.241213631866,0.000506807737660292
102833.32940111,27.470155631179,0.000509149108267328
102834.32940111,27.6940968807357,0.000511436596090773
102835.32940111,27.9129023233236,0.000513672032342829
102836.32940111,28.1264497627318,0.000515857194708684
102837.32940111,28.3346331043621,0.000517993807110701
102838.32940111,28.5373614802958,0.000520083538825559
102839.32940111,28.7345574909949,0.000522128003261758
102840.32940111,28.9261562663229,0.000524128758435192
102841.32940111,29.1121047664137,0.000526087308659013
102842.32940111,29.2923623889764,0.000528005105790688
102843.32940111,29.4669006702341,0.000529883552285391
102844.32940111,29.6356998469896,0.000531723996932846
102845.32940111,29.7987512014809,0.000533527739977439
102846.32940111,29.9560557675518,0.000535296032391304
102847.32940111,30.1076249537184,0.00053703008099054
102848.32940111,30.253477598239,0.0005387310453332
102849.32940111,30.393639747359,0.000540400038891706
102850.32940111,30.5281454604992,0.000542038132070495
102851.32940111,30.6570364610672,0.000543646354379911
102852.32940111,30.7803604233555,0.000545225694700204
102853.32940111,30.8981697189453,0.000546777101250122
102854.32940111,31.0105218091073,0.000548301483304456
102855.32940111,31.1174800139906,0.000549799714127226
102856.32940111,31.2191126664818,0.000551272632611842
102857.32940111,31.3154909468472,0.000552721042818115
102858.32940111,31.4066875990798,0.000554145715273595
102859.32940111,31.4927786493303,0.000555547385992181
102860.32940111,31.5738462735992,0.000556926762347646
102861.32940111,31.6499746370411,0.000558284525394136
102862.32940111,31.7212450580577,0.00055962132321468
102863.32940111,31.7877405154572,0.000560937773776379
102864.32940111,31.8495487959773,0.000562234473221189
102865.32940111,31.9067596617681,0.000563511995535224
102866.32940111,31.9594616627306,0.000564770889598997
102867.32940111,32.007741141127,0.000566011677764986
102868.32940111,32.0516868285566,0.000567234860016386
102869.32940111,32.0913967073887,0.000568440963658665
102870.32940111,32.1269531498685,0.000569630420463286
102871.32940111,32.1584408988975,0.000570803653795524
102872.32940111,32.1859466324795,0.00057196108028668
102873.32940111,32.2095511059624,0.000573103073356195
102874.32940111,32.22934159478,0.000574230029107572
102875.32940111,32.2454054183617,0.000575342337049578
102876.32940111,32.257826085072,0.000576440360187897
102877.32940111,32.2666875006467,0.000577524439238352
102878.32940111,32.2720787852357,0.000578594931210944
102879.32940111,32.2740753028459,0.000579652129692956
102880.32940111,32.2727526155105,0.000580696322187664
102881.32940111,32.2681866808399,0.000581727791679717
102882.32940111,32.2604464358479,0.000582746790373204
102883.32940111,32.2496069533676,0.000583753587397297
102884.32940111,32.2357440463914,0.000584748448789199
102885.32940111,32.2189303747022,0.000585731623787839
102886.32940111,32.1992353864336,0.000586703345518465
102887.32940111,32.1767264549962,0.000587663836038868
102888.32940111,32.1514693807092,0.000588613308395527
102889.32940111,32.1235285006321,0.000589551967450657
102890.32940111,32.09296660318,0.000590480010048878
102891.32940111,32.0598448574026,0.000591397625113219
102892.32940111,32.0242228183427,0.000592304993925312
102893.32940111,31.9861584636597,0.000593202290509556
102894.32940111,31.9457082197662,0.00059408968198932
102895.32940111,31.9029269746032,0.000594967328869307
102896.32940111,31.8578680935965,0.000595835385334898
102897.32940111,31.8105834419081,0.000596693999522981
102898.32940111,31.7611234106349,0.000597543313773808
102899.32940111,31.7095369431751,0.00059838346488006
102900.32940111,31.65587156109,0.000599214584332236
102901.32940111,31.6001733909716,0.00060003679855159
102902.32940111,31.5424871929794,0.000600850229107616
102903.32940111,31.4828563902676,0.000601654992923852
102904.32940111,31.4213230985033,0.00060245120247588
102905.32940111,31.357928155419,0.000603238965981732
102906.32940111,31.2927111506353,0.000604018387583211
102907.32940111,31.2257104557813,0.000604789567518051
102908.32940111,31.1569632546855,0.000605552602284102
102909.32940111,31.0865055733884,0.000606307584796243
102910.32940111,31.014372309903,0.000607054604536238
102911.32940111,30.9405972638019,0.000607793747695839
102912.32940111,30.8652131655924,0.000608525097313342
102913.32940111,30.7882517057088,0.000609248733403691
102914.32940111,30.7097435630754,0.000609964733082708
102915.32940111,30.6297184332967,0.000610673170686046
102916.32940111,30.5482050563847,0.000611374117882681
102917.32940111,30.4652312439127,0.000612067643782915
102918.32940111,30.3808239057034,0.00061275381504183
102919.32940111,30.2950090774493,0.000613432695963593
102920.32940111,30.2078119435097,0.000614104348585233
102921.32940111,30.119256862265,0.000614768832768308
102922.32940111,30.0293673918841,0.00061542620629037
102923.32940111,29.9381663145565,0.000616076524928814
102924.32940111,29.8456756592759,0.000616719842537701
102925.32940111,29.7519167240797,0.000617356211121482
102926.32940111,29.6569100981722,0.000617985680907423
102927.32940111,29.560675683599,0.000618608300415424
102928.32940111,29.4632327160803,0.000619224116523779
102929.32940111,29.3645997851519,0.000619833174531782
102930.32940111,29.264794853931,0.000620435518220499
102931.32940111,29.1638352783481,0.000621031189911059
102932.32940111,29.0617378255612,0.000621620230519446
102933.32940111,28.9585186917895,0.000622202679608982
102934.32940111,28.8541935199188,0.000622778575441906
102935.32940111,28.7487774165748,0.000623347955028733
102936.32940111,28.6422849682349,0.000623910854173811
102937.32940111,28.5347302567997,0.000624467307519037
102938.32940111,28.4261268752298,0.000625017348588073
102939.32940111,28.3164879427344,0.000625561009828788
102940.32940111,28.2058260964724,0.00062609832260091
102941.32940111,28.0941535563283,0.000626629317328249
102942.32940111,27.9814821154756,0.00062715402348344
102943.32940111,27.8678231409343,0.000627672469595544
102944.32940111,27.7531875868531,0.000628184683284576
102945.32940111,27.6375860105691,0.000628690691302087
102946.32940111,27.5210285866147,0.000629190519567811
102947.32940111,27.4035251183675,0.000629684193200653
102948.32940111,27.2850850482472,0.000630171736545131
102949.32940111,27.1657174675141,0.00063065317319635
102950.32940111,27.0454311263945,0.000631128526026349
102951.32940111,26.9242344443396,0.000631597817211187
102952.32940111,26.8021355196269,0.000632061068255759
102953.32940111,26.6791421380399,0.000632518300015484
102954.32940111,26.5552617812546,0.00063296953271736
102955.32940111,26.4305016354965,0.000633414785982482
102956.32940111,26.304868600121,0.000633854078848522
102957.32940111,26.1783692953985,0.000634287429789406
102958.32940111,26.0510100695283,0.000634714856732445
102959.32940111,25.9227970056588,0.000635136377075968
102960.32940111,25.7937359293004,0.000635552007708811
102961.32940111,25.663832415519,0.000635961765029184
102962.32940111,25.5330917951811,0.000636365664960165
102963.32940111,25.4015191605186,0.000636763722963012
102964.32940111,25.2691193709801,0.000637155954052026
102965.32940111,25.1358970596399,0.000637542372811834
102966.32940111,25.0018566392699,0.00063792299341353
102967.32940111,24.8670023072351,0.000638297829626571
102968.32940111,24.7313380497134,0.000638666894828543
102969.32940111,24.5948676465224,0.000639030202017658
102970.32940111,24.457594676816,0.000639387763828801
102971.32940111,24.3195225243593,0.000639739592548026
102972.32940111,24.1806543812142,0.000640085700121229
102973.32940111,24.0409932505563,0.000640426098159968
102974.32940111,23.9005419505048,0.000640760797951583
102975.32940111,23.7593031194649,0.000641089810475223
102976.32940111,23.6172792211062,0.00064141314641644
102977.32940111,23.4744725470043,0.000641730816173061
102978.32940111,23.3308852177322,0.000642042829855681
102979.32940111,23.1865191854093,0.000642349197294214
102980.32940111,23.0413762390841,0.00064264992805531
102981.32940111,22.8954580103557,0.000642945031460439
102982.32940111,22.7487659754518,0.000643234516590555
102983.32940111,22.6013014539173,0.000643518392278493
102984.32940111,22.4530656087635,0.000643796667107655
102985.32940111,22.3040594519716,0.000644069349431118
102986.32940111,22.154283852547,0.000644336447399879
102987.32940111,22.0037395397704,0.000644597968972573
102988.32940111,21.8524270987673,0.000644853921896761
102989.32940111,21.7003469652635,0.000645104313688364
102990.32940111,21.5474994294319,0.000645349151645956
102991.32940111,21.3938846490056,0.000645588442899184
102992.32940111,21.2395026290234,0.000645822195076428
102993.32940111,21.0843533122398,0.000646050414798209
102994.32940111,20.9284364177587,0.000646273108303048
102995.32940111,20.7717515432118,0.00064649028183696
102996.32940111,20.6142981720698,0.000646701941600317
102997.32940111,20.4560756712319,0.000646908093696814
102998.32940111,20.2970832877894,0.00064710874410756
102999.32940111,20.1373201439124,0.00064730389866902
103000.32940111,19.9767852322264,0.000647493563055883
103001.32940111,19.8154774149614,0.000647677742778667
103002.32940111,19.6533954856158,0.000647856442571157
103003.32940111,19.4905380857289,0.000648029667863546
103004.32940111,19.3269037021124,0.000648197424160409
103005.32940111,19.1624906981344,0.000648359716658904
103006.32940111,18.9972973238501,0.000648516550255537
103007.32940111,18.8313217045742,0.000648667929632744
103008.32940111,18.6645618348204,0.000648813859319265
103009.32940111,18.4970155900197,0.000648954343748843
103010.32940111,18.3286804914204,0.000649089387706992
103011.32940111,18.1595543772214,0.00064921899550254
103012.32940111,17.9896348118299,0.000649343170979971
103013.32940111,17.81891919238,0.000649461917969597
103014.32940111,17.6474049557885,0.000649575239724908
103015.32940111,17.47508925785,0.000649683140165251
103016.32940111,17.3019690735825,0.000649785623327835
103017.32940111,17.1280413017525,0.000649882693050078
103018.32940111,16.9533027618677,0.00064997435292904
103019.32940111,16.7777497637646,0.000650060606539841
103020.32940111,16.6013790663666,0.000650141457087396
103021.32940111,16.42418715005,0.000650216907364626
103022.32940111,16.2461703434485,0.000650286960300626
103023.32940111,16.0673251248214,0.000650351618435163
103024.32940111,15.8876475925223,0.000650410884956917
103025.32940111,15.7071335761856,0.000650464762964159
103026.32940111,15.5257787584581,0.000650513255054432
103027.32940111,15.3435787207147,0.000650556363469034
103028.32940111,15.1605285493594,0.000650594090820268
103029.32940111,14.9766240392437,0.000650626439850163
103030.32940111,14.7918606617578,0.000650653412776827
103031.32940111,14.6062336249394,0.000650675011651162
103032.32940111,14.4197379216473,0.000650691238302973
103033.32940111,14.2323687364829,0.000650702093943181
103034.32940111,14.0441207155679,0.000650707580239397
103035.32940111,13.8549882877827,0.000650707699104245
103036.32940111,13.6649659305624,0.000650702452619361
103037.32940111,13.4740480509056,0.000650691842537804
103038.32940111,13.2822280075974,0.000650675869381458
103039.32940111,13.0894996660045,0.000650654532528047
103040.32940111,12.8958564854403,0.000650627830619938
103041.32940111,12.7012917034975,0.000650595762401393
103042.32940111,12.5057984703279,0.000650558326930482
103043.32940111,12.3093704176454,0.00065051552338713
103044.32940111,12.1120005116213,0.000650467351418502
103045.32940111,11.9136812456101,0.000650413810150311
103046.32940111,11.7144047821701,0.000650354897462864
103047.32940111,11.5141630069175,0.000650290610176425
103048.32940111,11.3129471114932,0.000650220945640092
103049.32940111,11.1107497744125,0.000650145903075113
103050.32940111,10.9075634072692,0.000650065481493033
103051.32940111,10.7033800261066,0.000649979679555064
103052.32940111,10.4981912108187,0.000649888495106573
103053.32940111,10.2919881125782,0.000649791925015632
103054.32940111,10.0847622058677,0.000649689965246074
103055.32940111,9.8765038656702,0.000649582611302744
103056.32940111,9.66720324062778,0.000649469859310273
103057.32940111,9.4568510143536,0.000649351707220005
103058.32940111,9.24543839462356,0.000649228154732289
103059.32940111,9.03295504707348,0.000649099199522983
103060.32940111,8.81939115008724,0.000648964837086274
103061.32940111,8.60473606850988,0.000648825060785284
103062.32940111,8.3889786999294,0.000648679863611497
103063.32940111,8.17210789554779,0.000648529239308521
103064.32940111,7.95411270283126,0.000648373182989733
103065.32940111,7.73498236563181,0.000648211691049137
103066.32940111,7.51470611182523,0.000648044760387069
103067.32940111,7.29327283338104,0.000647872387278445
103068.32940111,7.07067080127404,0.000647694566374442
103069.32940111,6.84688753806496,0.000647511290268622
103070.32940111,6.62191083474309,0.00064732254968007
103071.32940111,6.39572650267313,0.000647128332967194
103072.32940111,6.16832031291544,0.000646928630232865
103073.32940111,5.93967945104175,0.00064672343645382
103074.32940111,5.70979208041101,0.000646512749786841
103075.32940111,5.47864388979966,0.000646296564165103
103076.32940111,5.24622040734711,0.000646074867664098
103077.32940111,5.0125060207699,0.000645847645863063
103078.32940111,4.77748463943684,0.000645614883697947
103079.32940111,4.54114072563244,0.000645376568989012
103080.32940111,4.30345929920939,0.000645132693083799
103081.32940111,4.06442537628032,0.000644883248328393
103082.32940111,3.82402358330078,0.000644628225589145
103083.32940111,3.58223739878603,0.000644367612077239
103084.32940111,3.33904900135711,0.000644101392650604
103085.32940111,3.09443996531059,0.000643829549902426
103086.32940111,2.84839140822476,0.000643552065611362
103087.32940111,2.60088423858554,0.00064326892176676
103088.32940111,2.351899749086,0.000642980102068207
103089.32940111,2.10141881976743,0.000642685591205551
103090.32940111,1.84942252434543,0.000642385373509391
103091.32940111,1.59589084565149,0.000642079432112548
103092.32940111,1.34080322722753,0.000641767747913015
103093.32940111,1.0841381235587,0.000641450299292709
103094.32940111,0.825874971575572,0.000641127063673349
103095.32940111,0.565989440393098,0.000640798012916534
103096.32940111,0.304456182460124,0.000640463118171697
103097.32940111,0.0412509561480943,0.000640122354156868
103098.32940111,-0.223649041680824,0.000639775700208828
103099.32940111,-0.490266611928232,0.000639423136151067
103100.32940111,-0.758629361512862,0.000639064632606555
103101.32940111,-1.0287637544401,0.000638700156220392
103102.32940111,-1.30069804077413,0.00063832966929603
103103.32940111,-1.57446208144731,0.000637953132055412
103104.32940111,-1.85008437388907,0.000637570507943684
103105.32940111,-2.12759388167939,0.00063718176262222
103106.32940111,-2.40701665896365,0.000636786867101118
103107.32940111,-2.68838198384197,0.000636385788853693
103108.32940111,-2.97172201635139,0.000635978488620697
103109.32940111,-3.25707141313672,0.000635564918510201
103110.32940111,-3.54446692114248,0.000635145023307526
103111.32940111,-3.83394949678384,0.000634718741826037
103112.32940111,-4.1255532959753,0.000634286026684813
103113.32940111,-4.41931243593856,0.00063384683290892
103114.32940111,-4.7152622870405,0.000633401114107916
103115.32940111,-5.01344003564895,0.000632948819733298
103116.32940111,-5.31388584901768,0.000632489892933559
103117.32940111,-5.616636093356,0.000632024278597419
103118.32940111,-5.92173527473934,0.000631551906137956
103119.32940111,-6.22923175837205,0.000631072697159378
103120.32940111,-6.53917327767419,0.000630586575517738
103121.32940111,-6.85160549618339,0.000630093471589314
103122.32940111,-7.16657269938921,0.000629593320888856
103123.32940111,-7.48412589352274,0.000629086047195428
103124.32940111,-7.80431262521954,0.000628571574373382
103125.32940111,-8.12718410894859,0.000628049816551005
103126.32940111,-8.45279477043827,0.000627520680428586
103127.32940111,-8.78120078587795,0.000626984069267466
103128.32940111,-9.11245909364326,0.000626439885703552
103129.32940111,-9.44662704287025,0.000625888032765264
103130.32940111,-9.78375693487969,0.000625328423326418
103131.32940111,-10.1239074345556,0.000624760960452274
103132.32940111,-10.4671407905062,0.000624185540187334
103133.32940111,-10.8135212698555,0.000623602051706573
103134.32940111,-11.1631157243344,0.000623010375249464
103135.32940111,-11.5159933338046,0.000622410383729812
103136.32940111,-11.8722315484674,0.000621801935897278
103137.32940111,-12.2318961183392,0.000621184914771992
103138.32940111,-12.5950534373553,0.000620559204034518
103139.32940111,-12.9617718299757,0.000619924684541775
103140.32940111,-13.3321214651741,0.000619281233303169
103141.32940111,-13.7061744239927,0.000618628722447399
103142.32940111,-14.0839979784225,0.000617967030644527
103143.32940111,-14.4656693938258,0.000617296017248025
103144.32940111,-14.8512690020918,0.000616615533889458
103145.32940111,-15.2408761597809,0.000615925433588474
103146.32940111,-15.6345687823581,0.000615225573261248
103147.32940111,-16.0324232634812,0.000614515814473181
103148.32940111,-16.4345141979982,0.000613796023926433
103149.32940111,-16.8409144787362,0.000613066072752055
103150.32940111,-17.2516959147483,0.000612325834175864
103151.32940111,-17.6669300857714,0.000611575180218871
103152.32940111,-18.086689104605,0.000610813978524081
103153.32940111,-18.5110459844604,0.000610042090421007
103154.32940111,-18.9400742203541,0.000609259371458221
103155.32940111,-19.3738461379039,0.000608465675783283
103156.32940111,-19.812427945006,0.000607660870134129
103157.32940111,-20.2558756802753,0.000606844848748745
103158.32940111,-20.7042342796729,0.000606017534335538
103159.32940111,-21.1575423001921,0.000605178859912129
103160.32940111,-21.6158446650057,0.000604328732116393
103161.32940111,-22.0791833233653,0.000603467042602196
103162.32940111,-22.547599183386,0.000602593671309689
103163.32940111,-23.0211270248882,0.000601708501195579
103164.32940111,-23.4997820581164,0.000600811455034243
103165.32940111,-23.9835717662219,0.000599902463105392
103166.32940111,-24.4724974333451,0.0005989814489903
103167.32940111,-24.9665525144039,0.000598048331604122
103168.32940111,-25.4657229683199,0.000597103031012991
103169.32940111,-25.9699835652192,0.000596145455931557
103170.32940111,-26.4792962383503,0.000595175512193233
103171.32940111,-26.9936094895797,0.000594193107127592
103172.32940111,-27.5128578087209,0.000593198147335118
103173.32940111,-28.0369607219912,0.000592190535170982
103174.32940111,-28.5658216460422,0.000591170167016304
103175.32940111,-29.0993266852169,0.000590136933317402
103176.32940111,-29.6373433080716,0.000589090719395783
103177.32940111,-30.1797200956264,0.000588031405357743
103178.32940111,-30.7262828938234,0.000586958869102671
103179.32940111,-31.2768343833393,0.000585872987292747
103180.32940111,-31.8311544919273,0.000584773636467847
103181.32940111,-32.3889993323799,0.000583660695318844
103182.32940111,-32.9500996330527,0.000582534047532734
103183.32940111,-33.514161094915,0.000581393584694036
103184.32940111,-34.0808670829516,0.00058023920924264
103185.32940111,-34.6498805135609,0.000579070837525576
103186.32940111,-35.2208400285027,0.000577888403780658
103187.32940111,-35.7933627085756,0.000576691866434462
103188.32940111,-36.3670559253693,0.000575481201293069
103189.32940111,-36.9415253151536,0.000574256406201781
103190.32940111,-37.5163747858813,0.000573017506237371
103191.32940111,-38.091201360044,0.000571764556032901
103192.32940111,-38.6655980456451,0.000570497640014685
103193.32940111,-39.2391749043267,0.000569216871746052
103194.32940111,-39.8115874855676,0.000567922392869441
103195.32940111,-40.382543992852,0.000566614371915635
103196.32940111,-40.9517770776731,0.000565293003186352
103197.32940111,-41.5190109128097,0.000563958505298917
103198.32940111,-42.0839807358117,0.000562611118371149
103199.32940111,-42.6465196982615,0.000561251099598774
103200.32940111,-43.2066353770654,0.000559878718984191
103201.32940111,-43.764459438874,0.0005584942576112
103202.32940111,-44.3199908519026,0.000557098000305943
103203.32940111,-44.8730893247766,0.000555690249962875
103204.32940111,-45.4237980794328,0.000554271302413968
103205.32940111,-45.9725152211506,0.000552841449995377
103206.32940111,-46.5196367176299,0.000551400985307257
103207.32940111,-47.0653719042289,0.000549950188277838
103208.32940111,-47.6099678151846,0.000548489327271694
103209.32940111,-48.153788157559,0.000547018662448635
103210.32940111,-48.6972360893954,0.000545538441935536
103211.32940111,-49.2406652681536,0.000544048897495974
103212.32940111,-49.7844416297739,0.000542550247361754
103213.32940111,-50.3289496683453,0.000541042696914933
103214.32940111,-50.8745121511315,0.0005395264423317
103215.32940111,-51.421401877315,0.000538001665122816
103216.32940111,-51.9698599570219,0.000536468534512316
103217.32940111,-52.5200775899077,0.000534927217110462
103218.32940111,-53.0721709847979,0.000533377870895725
103219.32940111,-53.6261723889997,0.000531820650754801
103220.32940111,-54.1820296034495,0.000530255708407783
103221.32940111,-54.7395982350481,0.00052868319755088
103222.32940111,-55.2986362105898,0.000527103275463122
103223.32940111,-55.8588065161431,0.000525516107709993
103224.32940111,-56.4196745667262,0.000523921862829141
103225.32940111,-56.9807067038291,0.000522320730517961
103226.32940111,-57.5412894118876,0.00052071289953206
103227.32940111,-58.1007289565426,0.000519098582765934
103228.32940111,-58.6582644327119,0.00051747801323425
103229.32940111,-59.2130817104568,0.000515851436276985
103230.32940111,-59.764334326036,0.000514219104027442
103230.679290064,-59.9562070557534,0.000513646661082467
103231.029179019,-60.1474779996463,0.000513073607227325
103231.379067974,-60.3380639587339,0.000512500076897729
103231.728956929,-60.5279220444307,0.00051192610109763
103232.078845884,-60.7170249814627,0.000511351664604931
103232.428734839,-60.9053483375522,0.00051077674383274
103233.303129873,-61.3723103657087,0.000509337799302732
103234.177524907,-61.833716763167,0.000507895743261247
103235.051919941,-62.2890653758369,0.000506450646963074
103235.926314975,-62.737823481358,0.000505002678896269
103236.926314975,-63.2423748233478,0.000503343376922418
103237.926314975,-63.7369764644261,0.000501680806189714
103238.926314975,-64.2209344461918,0.000500015300780879
103239.926314975,-64.6936195315282,0.000498347222493399
103240.926314975,-65.1544710531676,0.000496676961413485
103241.926314975,-65.6030007619844,0.00049500491086082
103242.926314975,-66.0387577190105,0.000493331497395569
103243.926314975,-66.4614171337453,0.000491657095391644
103244.926314975,-66.8707148315871,0.000489982080298273
103245.926314975,-67.2664443324608,0.000488306831741467
103246.926314975,-67.648467421626,0.000486631694539942
103247.926314975,-68.0166948303131,0.000484957047853377
103248.926314975,-68.3710964523441,0.00048328327290528
103249.926314975,-68.7117046543627,0.000481610732830397
103250.926314975,-69.0386076875961,0.000479939771408693
103251.926314975,-69.3519430182748,0.000478270718392507
103252.926314975,-69.6518914303739,0.000476603892141456
103253.926314975,-69.9386729053757,0.000474939599614541
103254.926314975,-70.2125420394704,0.000473278135390216
103255.926314975,-70.4737839717247,0.000471619781085992
103256.926314975,-70.7227097309952,0.000469964805135843
103257.926314975,-70.9596523466668,0.000468313462841667
103258.926314975,-71.1849625182355,0.000466665996431051
103259.926314975,-71.3990052616709,0.000465022635206302
103260.926314975,-71.6021559698475,0.000463383595683659
103261.926314975,-71.7947977429338,0.000461749081853157
103262.926314975,-71.9773177793908,0.000460119285417615
103263.926314975,-72.1501055715423,0.000458494386159814
103264.926314975,-72.3135494326752,0.000456874552235857
103265.926314975,-72.4680358445907,0.000455259940629267
103266.926314975,-72.6139456703507,0.000453650697447909
103267.926314975,-72.7516552344475,0.00045204695847274
103268.926314975,-72.8815312564899,0.000450448849391118
103269.926314975,-73.0039679301704,0.000448856496092865
103270.926314975,-73.119296191677,0.000447269999424242
103271.926314975,-73.2278424490873,0.000445689453618175
103272.926314975,-73.3299307455478,0.00044411494739402
103273.926314975,-73.4258525037096,0.000442546557314348
103274.926314975,-73.5159205903417,0.00044098436000317
103275.926314975,-73.6004452045978,0.000439428427884141
103276.926314975,-73.6797158684739,0.000437878823725832
103277.926314975,-73.7540054433384,0.000436335602979579
103278.926314975,-73.8235950767253,0.000434798817001722
103279.926314975,-73.8887172720996,0.000433268506419913
103280.926314975,-73.9495989940075,0.000431744707692694
103281.926314975,-74.0064623535259,0.000430227453421069
103282.926314975,-74.0595210958162,0.000428716772059623
103283.926314975,-74.1089632842235,0.000427212686754552
103284.926314975,-74.1549873161458,0.000425715218127871
103285.926314975,-74.1977873004958,0.000424224384233359
103286.926314975,-74.2375423191955,0.000422740197915215
103287.926314975,-74.2744192803809,0.000421262669257868
103288.926314975,-74.3085883011484,0.000419791803653201
103289.926314975,-74.3401886734084,0.000418327604219862
103290.926314975,-74.3693555189564,0.000416870071698394
103291.926314975,-74.3962220484687,0.000415419204615915
103292.926314975,-74.4209114231995,0.000413974998474743
103293.926314975,-74.443542634446,0.00041253744715566
103294.926314975,-74.4642306065662,0.000411106543398302
103295.926314975,-74.4830723760429,0.000409682277831742
103296.926314975,-74.5001703290473,0.000408264639510424
103297.926314975,-74.515624251683,0.000406853612832452
103298.926314975,-74.5295269779349,0.00040544918339099
103299.926314975,-74.5419639181738,0.00040405133500953
103300.926314975,-74.5530228007991,0.000402660049164479
103301.926314975,-74.5627753375035,0.000401275308005612
103302.926314975,-74.5712897923213,0.000399897091798985
103303.926314975,-74.5786319215132,0.000398525381124469
103304.926314975,-74.5848652447251,0.000397160153809333
103305.926314975,-74.5900497490744,0.000395801388399218
103306.926314975,-74.5942423932399,0.00039444906121571
103307.926314975,-74.5974968648421,0.000393103149367001
103308.926314975,-74.5998638249232,0.000391763627965883
103309.926314975,-74.6013913104251,0.000390430472917256
103310.926314975,-74.6021242981493,0.000389103658332251
103311.926314975,-74.6021058803601,0.000387783159138143
103312.926314975,-74.6013758814397,0.000386468948641142
103313.926314975,-74.5999723674958,0.000385161000748793
103314.926314975,-74.5979318155704,0.00038385928907967
103315.926314975,-74.5952883680993,0.000382563785702508
103316.926314975,-74.5920740603341,0.000381274464320815
103317.926314975,-74.5883190555935,0.00037999129663136
103318.926314975,-74.5840522526325,0.000378714255846345
103319.926314975,-74.579300365192,0.000377443313404187
103320.926314975,-74.5740890552501,0.000376178441878566
103321.926314975,-74.5684427698894,0.000374919613598591
103322.926314975,-74.562384569561,0.000373666799948425
103323.926314975,-74.5559359576268,0.00037241997349879
103324.926314975,-74.5491173273566,0.00037117910561913
103325.926314975,-74.5419480414548,0.000369944168778227
103326.926314975,-74.5344462220283,0.000368715134412884
103327.926314975,-74.5266293640923,0.000367491975015335
103328.926314975,-74.5185134651247,0.000366274662155674
103329.926314975,-74.5101143968484,0.000365063168410782
103330.926314975,-74.5014461662242,0.000363857465524313
103331.926314975,-74.4925232838674,0.000362657526218115
103332.926314975,-74.483358497717,0.000361463322585028
103333.926314975,-74.4739638741486,0.000360274827326893
103334.926314975,-74.4643509821297,0.000359092012735826
103335.926314975,-74.4545309213085,0.000357914851888568
103336.926314975,-74.4445139955074,0.000356743317409408
103337.926314975,-74.4343101975488,0.000355577382618997
103338.926314975,-74.4239285483576,0.000354417020454279
103339.926314975,-74.4133780698711,0.000353262204522304
103340.926314975,-74.4026666108613,0.000352112908105427
103341.926314975,-74.3918023888436,0.000350969105133872
103342.926314975,-74.3807921543113,0.0003498307692519
103343.926314975,-74.3696434631696,0.000348697874739759
103344.926314975,-74.358362615058,0.000347570395660963
103345.926314975,-74.3469554207488,0.000346448306580708
103346.926314975,-74.3354275581225,0.000345331581960748
103347.926314975,-74.3237845284691,0.000344220196757272
103348.926314975,-74.3120313723527,0.000343114125863289
103349.926314975,-74.3001729671338,0.000342013344615044
103350.926314975,-74.2882136439297,0.000340917828313848
103351.926314975,-74.2761577232996,0.00033982755268372
103352.926314975,-74.2640089075551,0.000338742493441918
103353.926314975,-74.2517710490188,0.000337662626712356
103354.926314975,-74.2394472740764,0.000336587928630169
103355.926314975,-74.2270410285913,0.000335518375725602
103356.926314975,-74.2145548976537,0.000334453944550075
103357.926314975,-74.2019919737593,0.000333394612044434
103358.926314975,-74.1893543301804,0.000332340355173183
103359.926314975,-74.1766447546922,0.00033129115129047
103360.926314975,-74.1638653240575,0.000330246977770446
103361.926314975,-74.1510176778703,0.000329207812362094
103362.926314975,-74.138103520311,0.000328173632893889
103363.926314975,-74.125124550795,0.000327144417471782
103364.926314975,-74.1120822267359,0.000326120144346741
103365.926314975,-74.0989779228545,0.000325100792029215
103366.926314975,-74.0858127512312,0.00032408633917193
103367.926314975,-74.0725877888182,0.000323076764676303
103368.926314975,-74.0593038617326,0.000322072047589345
103369.926314975,-74.0459617928187,0.000321072167199092
103370.926314975,-74.0325621597664,0.000320077102939822
103371.926314975,-74.0191055500524,0.000319086834479137
103372.926314975,-74.0055923205392,0.000318101341629839
103373.926314975,-73.9920228335897,0.000317120604430636
103374.926314975,-73.9783972544287,0.000316144603063671
103375.926314975,-73.9647157250372,0.000315173317929315
103376.926314975,-73.9509782520379,0.000314206729569593
103377.926314975,-73.9371847547321,0.000313244818736048
103378.926314975,-73.9233351194756,0.000312287566320976
103379.926314975,-73.9094290317705,0.000311334953415491
103380.926314975,-73.895452382956,0.000310388183475078
103381.926314975,-73.8814250800993,0.000309446196509259
103382.926314975,-73.8673415995057,0.000308508813623148
103383.926314975,-73.8532068888389,0.000307575135868711
103384.926314975,-73.839017568081,0.000306645572992566
103385.926314975,-73.8247699014805,0.000305720409886105
103386.926314975,-73.8104622722969,0.000304799736600687
103387.926314975,-73.7960934303154,0.000303883559472265
103388.926314975,-73.7816628498017,0.000302971861606037
103389.926314975,-73.7671694846214,0.000302064623876703
103390.926314975,-73.7526126552537,0.000301161827738785
103391.926314975,-73.7379911727609,0.000300263455893392
103392.926314975,-73.7233042440817,0.00029936949115386
103393.926314975,-73.7085505821058,0.000298479916804112
103394.926314975,-73.6937293342759,0.000297594716045574
103395.926314975,-73.6788391106872,0.000296713872385483
103396.926314975,-73.6638790243114,0.000295837369300144
103397.926314975,-73.6488475687559,0.000294965190501523
103398.926314975,-73.633743847402,0.000294097319720225
103399.926314975,-73.6185662238271,0.00029323374086528
103400.926314975,-73.6033138182338,0.000292374437902878
103401.926314975,-73.5879848495792,0.0002915193949298
103402.926314975,-73.5725784822968,0.000290668596132157
103403.926314975,-73.5570927743984,0.000289822025785304
103404.926314975,-73.5415269628599,0.000288979668282308
103405.926314975,-73.5258789265081,0.000288141508067864
103406.926314975,-73.5101480039952,0.000287307529730928
103407.926314975,-73.4943318748741,0.000286477717876134
103408.926314975,-73.4784300092178,0.000285652057278701
103409.926314975,-73.4624398656271,0.000284830532693721
103410.926314975,-73.4463610755763,0.000284013129074216
103411.926314975,-73.4301908538914,0.000283199831316335
103412.926314975,-73.4139290231159,0.000282390624543475
103413.926314975,-73.3975483427083,0.000281586572573313
103414.926314975,-73.3810747051448,0.00028078674107426
103415.926314975,-73.3645035721517,0.000279990975114534
103416.926314975,-73.3478497412196,0.000279198481484267
103417.926314975,-73.3311045955316,0.000278409622891651
103418.926314975,-73.3142597724009,0.00027762465263773
103419.926314975,-73.2973120340342,0.000276843651382072
103420.926314975,-73.2802586584474,0.000276066626032757
103421.926314975,-73.2630985540593,0.000275293562701963
103422.926314975,-73.2458295577267,0.000274524445607137
103423.926314975,-73.2284505034298,0.000273759259348036
103424.926314975,-73.2109591851718,0.00027299798959122
103425.926314975,-73.1933543694398,0.000272240622048433
103426.926314975,-73.1756338322771,0.000271487142759668
103427.926314975,-73.1577963177494,0.000270737537684091
103428.926314975,-73.1398395719538,0.000269991792941892
103429.926314975,-73.1217623254529,0.000269249894641301
103430.926314975,-73.1035622801229,0.000268511828985247
103431.926314975,-73.0852381554724,0.000267777582217715
103432.926314975,-73.0667876004922,0.000267047140633151
103433.926314975,-73.0482093225901,0.000266320490601887
103434.926314975,-73.0295009129194,0.000265597618515641
103435.926314975,-73.010661062512,0.000264878510865928
103436.926314975,-72.9916873020303,0.000264163154147119
103437.926314975,-72.9725782991005,0.000263451534970178
103438.926314975,-72.9533315227038,0.000262743639937514
103439.926314975,-72.9339456077655,0.000262039455780155
103440.926314975,-72.9144179612724,0.000261338969214112
103441.926314975,-72.8947471743224,0.00026064216709278
103442.926314975,-72.8749305920038,0.000259949036251673
103443.926314975,-72.854966749012,0.000259259563670152
103444.926314975,-72.8348529286397,0.000258573736309602
103445.926314975,-72.8145875955035,0.000257891541280023
103446.926314975,-72.7941679708443,0.000257212965675592
103447.926314975,-72.7735924347404,0.000256537996742571
103448.926314975,-72.7528581454273,0.000255866621715449
103449.926314975,-72.7319633834913,0.000255198827983246
103450.926314975,-72.7109052421967,0.000254534602928919
103451.926314975,-72.6896818874454,0.000253873934091583
103452.926314975,-72.6682903442674,0.000253216809011459
103453.926314975,-72.646728648662,0.000252563215385914
103454.926314975,-72.6249937526128,0.000251913140921879
103455.926314975,-72.6030835471356,0.000251266573483943
103456.926314975,-72.5809949045991,0.00025062350095584
103457.926314975,-72.5587255561939,0.000249983911379169
103458.926314975,-72.5362722861863,0.000249347792825204
103459.926314975,-72.5136326513779,0.000248715133523168
103460.926314975,-72.4908033374154,0.000248085921743268
103461.926314975,-72.4677817123929,0.000247460145913798
103462.926314975,-72.444564350728,0.000246837794515961
103463.926314975,-72.4211484176349,0.000246218856189413
103464.926314975,-72.3975303615818,0.000245603319639111
103465.926314975,-72.3737071307125,0.000244991173729235
103466.926314975,-72.3496750307322,0.000244382407401978
103467.926314975,-72.3254307782839,0.000243777009760099
103468.926314975,-72.3009705174443,0.000243174969997285
103469.926314975,-72.276290718415,0.000242576277469845
103470.926314975,-72.2513873427783,0.000241980921638064
103471.926314975,-72.2262565985371,0.000241388892127733
103472.926314975,-72.2008942419601,0.000240800178681738
103473.926314975,-72.1752962019412,0.00024021477121231
103474.926314975,-72.1494580046905,0.000239632659761933
103475.926314975,-72.1233752815781,0.000239053834547308
103476.926314975,-72.0970433020771,0.000238478285928613
103477.926314975,-72.0704573797507,0.00023790600444622
103478.926314975,-72.0436124986698,0.000237336980797302
103479.926314975,-72.0165036320713,0.000236771205866363
103480.926314975,-71.9891254478594,0.000236208670708213
103481.926314975,-71.9614725538142,0.000235649366573345
103482.926314975,-71.9335392686321,0.000235093284896334
103483.926314975,-71.9053198065142,0.000234540417317049
103484.926314975,-71.8768081013792,0.000233990755673622
103485.926314975,-71.8479979423399,0.000233444292020394
103486.926314975,-71.8188828401106,0.0002329010186247
103487.926314975,-71.7894561234003,0.000232360927982358
103488.926314975,-71.7597108380229,0.000231824012817626
103489.926314975,-71.7296398127071,0.000231290266096953
103490.926314975,-71.6992355829034,0.000230759681031576
103491.926314975,-71.6684904330157,0.000230232251090145
103492.926314975,-71.6373963383081,0.000229707970003554
103493.926314975,-71.6059449891717,0.000229186831776966
103494.926314975,-71.5741277458099,0.000228668830696568
103495.926314975,-71.5419356489027,0.000228153961341451
103496.926314975,-71.5093593828623,0.000227642218592078
103497.926314975,-71.4763892761716,0.000227133597642411
103498.926314975,-71.4430152699323,0.00022662809400997
103499.926314975,-71.4092269102411,0.000226125703548545
103500.926314975,-71.375013319501,0.000225626422459806
103501.926314975,-71.3403631824476,0.000225130247306908
103502.926314975,-71.3052647182718,0.000224637175027686
103503.926314975,-71.269705661304,0.000224147202949435
103504.926314975,-71.2336732324194,0.000223660328803789
103505.926314975,-71.1971541149048,0.000223176550742958
103506.926314975,-71.1601344239062,0.000222695867356447
103507.926314975,-71.1225996776179,0.00022221827768905
103508.926314975,-71.0845347637063,0.000221743781259618
103509.926314975,-71.0459239056463,0.000221272378081127
103510.926314975,-71.0067506251329,0.000220804068681784
103511.926314975,-70.9669977031218,0.00022033885412751
103512.926314975,-70.9266471372371,0.000219876736045729
103513.926314975,-70.8856800968279,0.000219417716650684
103514.926314975,-70.8440768743028,0.000218961798770316
103515.926314975,-70.8018168332723,0.000218508985874894
103516.926314975,-70.7588799248947,0.000218059281754816
103517.926314975,-70.7152436567544,0.000217612691049902
103518.926314975,-70.6708828764241,0.000217169219635321
103519.926314975,-70.625772578616,0.000216728873910678
103520.926314975,-70.5798862015851,0.000216291661089118
103521.926314975,-70.5331934154711,0.000215857590187337
103522.926314975,-70.4856675763075,0.000215426669469142
103523.926314975,-70.4372781483865,0.000214998908981832
103524.926314975,-70.3879938434885,0.000214574319419557
103525.926314975,-70.3377804850679,0.000214152912761248
103526.926314975,-70.2866025443366,0.000213734702068215
103527.926314975,-70.2344222150927,0.000213319701622264
103528.926314975,-70.1811997741376,0.00021290792695288
103529.926314975,-70.126893104123,0.000212499394923607
103530.926314975,-70.0714607709507,0.000212094122328202
103531.926314975,-70.014856118494,0.000211692128665001
103532.926314975,-69.9570263527154,0.000211293436282885
103533.926314975,-69.8979182573657,0.000210898068612824
103534.926314975,-69.8374749286582,0.000210506050617226
103535.926314975,-69.7756300011798,0.000210117412207382
103536.926314975,-69.7123250281691,0.000209732180311099
103537.926314975,-69.6474916278284,0.000209350386060247
103538.926314975,-69.5810587449583,0.000208972062553196
103539.926314975,-69.5129481048942,0.000208597245896519
103540.926314975,-69.4430767552976,0.000208225974965125
103541.926314975,-69.3713554895274,0.000207858291641848
103542.926314975,-69.2976949683661,0.000207494237475
103543.926314975,-69.2219940019197,0.000207133860486294
103544.926314975,-69.1441364255674,0.000206777215160844
103545.926314975,-69.064002705184,0.000206424358829588
103546.926314975,-68.9814636979519,0.000206075352408412
103547.926314975,-68.8963811956441,0.000205730261357756
103548.926314975,-68.8086043507192,0.000205389156530987
103549.926314975,-68.7179696596466,0.000205052114698648
103550.926314975,-68.6242988864168,0.000204719218982255
103551.926314975,-68.5273978601196,0.000204390559483318
103552.926314975,-68.4270542401071,0.000204066233981114
103553.926314975,-68.3230353824266,0.000203746348781446
103554.926314975,-68.2150856282262,0.000203431019643142
103555.926314975,-68.1029233001323,0.000203120372849109
103556.926314975,-67.986237119076,0.000202814546423316
103557.926314975,-67.8646820270852,0.000202513691541068
103558.926314975,-67.7378742330196,0.000202217974160447
103559.926314975,-67.6053853343379,0.000201927576922926
103560.926314975,-67.4667352899347,0.000201642701376184
103561.926314975,-67.3213839704748,0.000201363570589134
103562.926314975,-67.1687209259989,0.000201090432246282
103563.926314975,-67.0080529029738,0.00020082356233288
103564.926314975,-66.8385884933584,0.000200563269553953
103565.926314975,-66.6594190925245,0.000200309900673003
103566.926314975,-66.4694950547821,0.00020006384701428
103567.926314975,-66.2675955265226,0.000199825552452581
103568.926314975,-66.0522898478866,0.00019959552332647
103569.926314975,-65.8218875501324,0.000199374340869844
103570.926314975,-65.5743726854294,0.00019916267698649
103571.926314975,-65.3073162575309,0.00019896131453066
103572.926314975,-65.0177574501983,0.000198771173765596
103573.926314975,-64.7020394335166,0.000198593347455647
103574.926314975,-64.3555774312582,0.000198429148286647
103575.926314975,-63.9725229658992,0.000198280174327511
103576.926314975,-63.5452639322507,0.00019814840164684
103577.926314975,-63.063320614848,0.000198036378025727
103578.926314975,-62.5125416939595,0.000197947345318666
103579.926314975,-61.8731672544608,0.000197885525520993
103580.926314975,-61.1154808256033,0.000197856770241254
103581.926314975,-60.1922505951655,0.000197869565485354
103582.926314975,-59.0221031238947,0.000197936993569774
103583.690506947,-57.8735051291352,0.000198038043860976
103584.305728262,-56.7002286742201,0.000198161981690938
103584.812705871,-55.4804037674677,0.00019830280490391
103585.227493615,-54.228526231161,0.000198453137277157
103585.642281359,-52.6292891621575,0.000198647266273942
103585.946401158,-51.1304335281667,0.000198828060442298
103586.191503099,-49.6299061396542,0.0001990068088977
103586.43660504,-47.7604432228677,0.000199226993485107
103586.626427041,-45.9694933681235,0.000199437348020782
103586.816249043,-43.7853478745695,0.000199697979413498
103586.968143376,-41.6915584535621,0.000199958199355329
103587.120037709,-39.2527544296009,0.000200285391140427
103587.271932043,-36.4770126700762,0.000200710539276526
103587.423826376,-33.4465714631211,0.000201280247191981
103587.575720709,-30.3256943184514,0.000202058677631475
103587.697269709,-27.9007680622064,0.000202883712618871
103587.818818709,-25.6239974577787,0.000203930571327651
103587.940367709,-23.5162803612231,0.000205229450135353
103588.061916709,-21.5488722228964,0.000206797144680348
103588.183465709,-19.6686195041642,0.000208636102942358
103588.305014709,-17.8240590728085,0.000210736414679911
103588.426563709,-15.9774761670372,0.000213078951153582
103588.548112709,-14.1058526595115,0.000215637371780185
103588.676231207,-12.0969482622871,0.000218531190306345
103588.777585606,-10.4823045507082,0.000220935402956164
103588.878940004,-8.85301959320353,0.000223414507371109
103588.959842009,-7.54875272009457,0.000225430174371809
103589.040744014,-6.24795401374043,0.000227464507027837
103589.121646019,-4.95711645946777,0.000229504976172477
103589.202548024,-3.68266535235001,0.00023153970081987
103589.283450029,-2.4307162522645,0.000233557696574998
103589.38207278,-0.943040157785655,0.000235980814735151
103589.48069553,0.494204159250494,0.000238349104984076
103589.57931828,1.8741291919045,0.000240650353444956
103589.67794103,3.19173661365246,0.000242875460248321
103589.776563781,4.44381524807456,0.000245018278812377
103589.875186531,5.62876052059649,0.000247075359892741
103590.017917765,7.22461820324273,0.000249898840735512
103590.160648999,8.68330203144913,0.000252544845923435
103590.303380233,10.0121363685759,0.000255023860406603
103590.446111467,11.2205802569028,0.000257350319050823
103590.588842701,12.3190101503511,0.00025954052563371
103590.731573935,13.3178783109619,0.000261611190637279
103590.934046277,14.5830474059345,0.000264374123346706
103591.136518619,15.6926512731259,0.000266968782444031
103591.338990961,16.6672435350397,0.000269427967614133
103591.541463303,17.5232367152412,0.000271777201352772
103591.6779313,18.040186745291,0.000273308964266008
103591.791559697,18.4364630258701,0.000274556385303638
103591.905188094,18.8034638431355,0.000275780666225749
103592.018816491,19.1427402127134,0.000276983738996648
103592.132444888,19.4557179773554,0.00027816727120557
103592.246073285,19.7437086552409,0.000279332680794688
103592.409970632,20.1175674421539,0.000280984210367325
103592.533148869,20.3680895585286,0.000282204199450337
103592.656327106,20.5940360061902,0.000283407298156913
103592.779505343,20.7967653170063,0.00028459458437204
103592.90268358,20.9775928557489,0.000285767035207544
103593.025861816,21.1377882662354,0.00028692554352949
103593.149040053,21.2785813092335,0.000288070935168217
103593.344960625,21.4654983476657,0.000289867580911643
103593.50516159,21.5873555876708,0.000291315417522138
103593.665362556,21.6839149030566,0.000292745641479022
103593.825563521,21.7574833598871,0.000294159516074288
103593.985764487,21.8102342233692,0.000295558185241605
103594.145965452,21.8441592503515,0.000296942687862235
103594.306166417,21.8611362291479,0.000298313969151153
103594.543231409,21.8591111261835,0.000300320738808696
103594.780296401,21.8293691407202,0.000302302854510554
103595.017361393,21.7766184450835,0.00030426237361618
103595.254426385,21.7050563190615,0.000306201035498625
103595.491491377,21.6184087258638,0.00030812030561934
103595.728556369,21.5199379128787,0.000310021407854511
103596.105320596,21.3459505712621,0.000313007873228489
103596.482084822,21.158529410276,0.000315954151875573
103596.858849049,20.9649922753138,0.000318862550970273
103597.235613275,20.7709752423815,0.000321734751162769
103597.612377502,20.580746802693,0.000324571977246269
103597.989141728,20.3974634176439,0.000327375122243791
103598.568100406,20.1344462586672,0.000331617699605591
103599.147059084,19.8981632989219,0.000335783097307399
103599.726017762,19.6909617633225,0.000339872667687195
103600.30497644,19.5135071585236,0.000343887724838432
103600.883935118,19.3653666308957,0.000347829638666622
103601.462893797,19.2453617363547,0.000351699839064211
103602.462893797,19.0996648303243,0.000358220122094396
103603.462893797,19.0230069084839,0.000364539163929965
103604.462893797,19.0052690976573,0.000370665725090915
103605.462893797,19.0377454998006,0.000376608792889569
103606.462893797,19.1129076616787,0.000382376964592042
103607.462893797,19.2239046421653,0.000387978041317727
103608.462893797,19.3646976232561,0.000393419054101135
103609.462893797,19.5301726980486,0.000398706513648101
103610.462893797,19.7161258961241,0.000403846634645307
103611.462893797,19.9191450219683,0.000408845149082609
103612.462893797,20.1364466251561,0.000413707252176075
103613.462893797,20.3657215737633,0.000418437666759011
103614.462893797,20.6050196541822,0.000423040736089429
103615.462893797,20.8526762119539,0.000427520502969987
103616.462893797,21.1072650814106,0.000431880768848387
103617.462893797,21.3675606039654,0.000436125136393481
103618.462893797,21.6325014181194,0.000440257040635104
103619.462893797,21.9011574437435,0.00044427977377144
103620.462893797,22.1727032502886,0.000448196506607649
103621.462893797,22.4463984416767,0.000452010307069177
103622.462893797,22.7215733728023,0.000455724155316719
103623.462893797,22.9976181690607,0.000459340955279017
103624.462893797,23.2739738307609,0.000462863542967003
103625.462893797,23.5501249669006,0.000466294692307872
103626.462893797,23.8255995630328,0.000469637124502123
103627.462893797,24.0999537292069,0.000472893500368215
103628.462893797,24.3727678753528,0.00047606642070628
103629.462893797,24.6436505575226,0.000479158436481317
103630.462893797,24.9122391983781,0.000482172053143289
103631.462893797,25.1781962831146,0.000485109725980226
103632.462893797,25.4412054101066,0.000487973855395315
103633.462893797,25.7009696099314,0.000490766786922625
103634.462893797,25.9572111837731,0.000493490813086146
103635.462893797,26.2096717020625,0.000496148173643911
103636.462893797,26.458111586569,0.000498741054249819
103637.462893797,26.7023093155483,0.000501271585132005
103638.462893797,26.9420605738965,0.000503741840491147
103639.462893797,27.1771776645511,0.000506153838398902
103640.462893797,27.4074892485281,0.000508509540795497
103641.462893797,27.6328401037344,0.000510810853488445
103642.462893797,27.8530907578123,0.000513059626015768
103643.462893797,28.0681171307815,0.000515257648523087
103644.462893797,28.2778076852589,0.000517406657718419
103645.462893797,28.4820666157168,0.00051950833702722
103646.462893797,28.6808129639466,0.000521564315735231
103647.462893797,28.8739788342547,0.000523576167707846
103648.462893797,29.0615084855614,0.000525545411847626
103649.462893797,29.2433575884467,0.000527473514026828
103650.462893797,29.4194938848647,0.000529361888214909
103651.462893797,29.5898967435345,0.00053121189998456
103652.462893797,29.7545539480514,0.000533024861843694
103653.462893797,29.9134638055003,0.000534802038743343
103654.462893797,30.0666339738705,0.000536544646947255
103655.462893797,30.2140819916043,0.000538253859602496
103656.462893797,30.3558321653411,0.000539930802760533
103657.462893797,30.4919163446699,0.00054157655918806
103658.462893797,30.6223739905722,0.000543192168874682
103659.462893797,30.7472513596373,0.000544778631256112
103660.462893797,30.8665998348788,0.000546336905778628
103661.462893797,30.9804753267436,0.000547867912301265
103662.462893797,31.088939122932,0.0005493725332459
103663.462893797,31.1920581500402,0.000550851616271828
103664.462893797,31.2899033020038,0.000552305975100244
103665.462893797,31.3825474843158,0.000553736388885173
103666.462893797,31.4700657892939,0.000555143602994357
103667.462893797,31.5525372351387,0.000556528332208204
103668.462893797,31.6300451176096,0.000557891264936188
103669.462893797,31.7026742506608,0.000559233060741226
103670.462893797,31.7705067887814,0.000560554347069164
103671.462893797,31.8336267328441,0.000561855721803384
103672.462893797,31.8921244711858,0.000563137764383582
103673.462893797,31.9460901647843,0.000564401033366605
103674.462893797,31.9956090234791,0.000565646055066129
103675.462893797,32.0407679321811,0.00056687333366985
103676.462893797,32.0816562812915,0.00056808335689027
103677.462893797,32.1183644465592,0.00056927659217681
103678.462893797,32.1509805852234,0.000570453486621998
103679.462893797,32.1795910752794,0.000571614466584709
103680.462893797,32.2042815357939,0.000572759939461778
103681.462893797,32.2251381361569,0.000573890296417235
103682.462893797,32.2422473271006,0.000575005913860787
103683.462893797,32.2556936511932,0.000576107152491849
103684.462893797,32.2655581906834,0.000577194355760028
103685.462893797,32.2719221948161,0.000578267851654244
103686.462893797,32.2748731204463,0.000579327984733144
103687.462893797,32.2744861693968,0.000580375042660041
103688.462893797,32.2708353713747,0.000581409304153704
103689.462893797,32.263995417124,0.000582431043095774
103690.462893797,32.2540359312617,0.000583440506191145
103691.462893797,32.2410317568448,0.000584437955253662
103692.462893797,32.225056939216,0.000585423648188052
103693.462893797,32.2061809185177,0.000586397825130126
103694.462893797,32.1844724827867,0.000587360710716564
103695.462893797,32.160003403271,0.000588312541668352
103696.462893797,32.1328369025431,0.000589253513148448
103697.462893797,32.1030337755934,0.000590183818221238
103698.462893797,32.0706526875037,0.000591103642571941
103699.462893797,32.0357532080396,0.000592013168844129
103700.462893797,31.9983945216061,0.000592912573672511
103701.462893797,31.9586308421273,0.000593802015108756
103702.462893797,31.9165189098995,0.000594681659667714
103703.462893797,31.8721137224868,0.000595551670628467
103704.462893797,31.8254671152117,0.000596412200120685
103705.462893797,31.7766302309102,0.000597263391507322
103706.462893797,31.7256544935467,0.000598105383825039
103707.462893797,31.6725911380374,0.000598938323943768
103708.462893797,31.6174853667174,0.000599762330586094
103709.462893797,31.56037893332,0.000600577523372658
103710.462893797,31.5013162884551,0.000601384017116259
103711.462893797,31.4403397175941,0.000602181925785298
103712.462893797,31.3774897016355,0.000602971359419747
103713.462893797,31.3128051853797,0.000603752422637582
103714.462893797,31.2463249722135,0.000604525216218642
103715.462893797,31.1780875984739,0.000605289838141755
103716.462893797,31.1081301620404,0.000606046383216835
103717.462893797,31.0364877016663,0.000606794942306561
103718.462893797,30.9631913336662,0.000607535596171608
103719.462893797,30.8882740971016,0.000608268429427786
103720.462893797,30.8117696520176,0.000608993526462108
103721.462893797,30.7337105829179,0.000609710968007757
103722.462893797,30.6541269406137,0.000610420830012551
103723.462893797,30.5730491311177,0.00061112319002469
103724.462893797,30.4905038660889,0.00061181811402507
103725.462893797,30.406513339836,0.000612505661986738
103726.462893797,30.3211104261354,0.000613185905745446
103727.462893797,30.2343151016196,0.000613858902618838
103728.462893797,30.1461574324276,0.000614524718663614
103729.462893797,30.0566563945063,0.000615183406572488
103730.462893797,29.9658400363813,0.000615835028516441
103731.462893797,29.8737255496891,0.000616479633794866
103732.462893797,29.7803388937929,0.000617117279725538
103733.462893797,29.6856966868306,0.000617748011892912
103734.462893797,29.5898232760328,0.000618371884459701
103735.462893797,29.4927338715622,0.000618988940177314
103736.462893797,29.3944480126646,0.000619599224896085
103737.462893797,29.294987857751,0.000620202788360319
103738.462893797,29.1943667402917,0.000620799668401507
103739.462893797,29.0926018724522,0.000621389906168523
103740.462893797,28.9897102260399,0.000621973542732887
103741.462893797,28.8857082061304,0.000622550616987917
103742.462893797,28.7806108998268,0.000623121167019613
103743.462893797,28.6744356788381,0.000623685231971635
103744.462893797,28.5671932841829,0.000624242842155068
103745.462893797,28.4588974703204,0.000624794031507634
103746.462893797,28.349562152624,0.000625338833354837
103747.462893797,28.239200253761,0.000625877280152945
103748.462893797,28.1278243512958,0.000626409402349158
103749.462893797,28.0154461136133,0.000626935230229073
103750.462893797,27.902077311474,0.000627454791850265
103751.462893797,27.7877286288267,0.000627968116050167
103752.462893797,27.6724125795271,0.000628475231706955
103753.462893797,27.55613708248,0.000628976161409914
103754.462893797,27.4389120985243,0.000629470930662493
103755.462893797,27.3207475937776,0.000629959564556434
103756.462893797,27.2016529047902,0.000630442087350052
103757.462893797,27.0816369468703,0.000630918522119788
103758.462893797,26.960708191925,0.000631388891394589
103759.462893797,26.8388748644028,0.000631853216735829
103760.462893797,26.71614479374,0.000632311519349216
103761.462893797,26.5925255842738,0.000632763819489028
103762.462893797,26.4680244591757,0.000633210137127202
103763.462893797,26.3426484313563,0.000633650491311405
103764.462893797,26.2164041578021,0.000634084900847564
103765.462893797,26.089298090793,0.000634513383677173
103766.462893797,25.9613363553831,0.00063493595750153
103767.462893797,25.8325248702348,0.000635352639244241
103768.462893797,25.7028692571893,0.000635763445562158
103769.462893797,25.5723749280191,0.000636168392436259
103770.462893797,25.4410470264353,0.000636567495542968
103771.462893797,25.3088904838587,0.000636960769982749
103772.462893797,25.1759099880182,0.0006373482305185
103773.462893797,25.0421100153689,0.000637729891421839
103774.462893797,24.9074948178077,0.000638105766608408
103775.462893797,24.7720684402866,0.000638475869566681
103776.462893797,24.6358347177794,0.000638840213427037
103777.462893797,24.4987972849427,0.000639198810938206
103778.462893797,24.3609598268395,0.000639551674454152
103779.462893797,24.2223255402173,0.000639898816072812
103780.462893797,24.0828973782997,0.000640240247669953
103781.462893797,23.9426781683215,0.000640575980717957
103782.462893797,23.8016705728731,0.000640906026251954
103783.462893797,23.6598770775664,0.000641230394977822
103784.462893797,23.5173000138557,0.000641549097357527
103785.462893797,23.3739415635655,0.000641862143613402
103786.462893797,23.2298037433522,0.000642169543696836
103787.462893797,23.0848883953777,0.00064247130727448
103788.462893797,22.9391971927824,0.000642767443741282
103789.462893797,22.7927316499768,0.0006430579622413
103790.462893797,22.6454931287453,0.0006433428716811
103791.462893797,22.4974828398741,0.000643622180735334
103792.462893797,22.3487018438028,0.00064389589785061
103793.462893797,22.199151052239,0.000644164031251137
103794.462893797,22.0488312305253,0.000644426588945757
103795.462893797,21.8977430000512,0.00064468357873491
103796.462893797,21.7458868404167,0.000644935008216965
103797.462893797,21.5932630913832,0.000645180884794047
103798.462893797,21.4398719546729,0.000645421215677609
103799.462893797,21.2857134956466,0.00064565600789383
103800.462893797,21.1307876448813,0.000645885268288826
103801.462893797,20.9750941996733,0.00064610900353367
103802.462893797,20.8186328254669,0.00064632722012923
103803.462893797,20.6614030571995,0.000646539924410815
103804.462893797,20.5034043005486,0.000646747122552619
103805.462893797,20.3446358330851,0.000646948820571968
103806.462893797,20.1850968053381,0.000647145024333397
103807.462893797,20.0247862417784,0.000647335739552534
103808.462893797,19.8637030417224,0.000647520971799827
103809.462893797,19.7018459801563,0.000647700726504091
103810.462893797,19.5392137084809,0.000647875008955896
103811.462893797,19.3758047551785,0.000648043824310777
103812.462893797,19.2116175264033,0.000648207177592292
103813.462893797,19.0466503064968,0.000648365073694915
103814.462893797,18.8809012584287,0.000648517517386769
103815.462893797,18.7143684241654,0.000648664513312209
103816.462893797,18.5470497249661,0.000648806065994248
103817.462893797,18.3789429616072,0.000648942179836827
103818.462893797,18.2100458145361,0.000649072859126938
103819.462893797,18.0403558439553,0.000649198108036597
103820.462893797,17.8698704898362,0.00064931793062466
103821.462893797,17.6985870718639,0.000649432330838504
103822.462893797,17.5265027893139,0.000649541312515546
103823.462893797,17.3536147208588,0.000649644879384621
103824.462893797,17.1799198243084,0.000649743035067214
103825.462893797,17.0054149362796,0.000649835783078539
103826.462893797,16.8300967717995,0.000649923126828473
103827.462893797,16.6539619238395,0.00065000506962234
103828.462893797,16.4770068627801,0.000650081614661546
103829.462893797,16.2992279358084,0.000650152765044067
103830.462893797,16.1206213662449,0.000650218523764776
103831.462893797,15.9411832528012,0.000650278893715629
103832.462893797,15.760909568768,0.000650333877685688
103833.462893797,15.5797961611308,0.000650383478360991
103834.462893797,15.3978387496159,0.000650427698324261
103835.462893797,15.2150329256622,0.000650466540054461
103836.462893797,15.0313741513211,0.000650500005926176
103837.462893797,14.8468577580807,0.000650528098208835
103838.462893797,14.6614789456158,0.000650550819065765
103839.462893797,14.4752327804603,0.00065056817055307
103840.462893797,14.2881141946016,0.00065058015461833
103841.462893797,14.1001179839961,0.000650586773099129
103842.462893797,13.9112388070028,0.000650588027721394
103843.462893797,13.7214711827344,0.000650583920097541
103844.462893797,13.530809309956,0.000650574451326509
103845.462893797,13.3392469476699,0.000650559621599719
103846.462893797,13.1467783588899,0.000650539431882696
103847.462893797,12.9533976820955,0.000650513882592419
103848.462893797,12.7590980318622,0.000650482972317869
103849.462893797,12.5638717528702,0.000650446698594281
103850.462893797,12.3677113369222,0.000650405059522742
103851.462893797,12.170609827886,0.000650358054343037
103852.462893797,11.972560442866,0.000650305682685853
103853.462893797,11.773556026516,0.000650247943612401
103854.462893797,11.5735888946997,0.000650184835373675
103855.462893797,11.3726510492508,0.000650116355826632
103856.462893797,11.17073442221,0.000650042502885388
103857.462893797,10.9678309294336,0.000649963274607208
103858.462893797,10.7639323736379,0.0006498786689948
103859.462893797,10.559030343572,0.000649788683800291
103860.462893797,10.3531161892517,0.000649693316486133
103861.462893797,10.1461810526879,0.00064959256429634
103862.462893797,9.93821589929049,0.000649486424322348
103863.462893797,9.72921152201635,0.000649374893507099
103864.462893797,9.5191585256775,0.000649257968607857
103865.462893797,9.3080473518029,0.000649135646202649
103866.462893797,9.09586820089601,0.000649007922604508
103867.462893797,8.88261100710189,0.000648874793850079
103868.462893797,8.66826548936004,0.000648736255739381
103869.462893797,8.4528211905002,0.000648592303869053
103870.462893797,8.23626745067683,0.000648442933607929
103871.462893797,8.01859336021029,0.000648288140038538
103872.462893797,7.79978774947702,0.000648127917931656
103873.462893797,7.57983920736199,0.000647962261764033
103874.462893797,7.35873608668957,0.000647791165728627
103875.462893797,7.13646648778462,0.00064761462371073
103876.462893797,6.91301824288729,0.000647432629256228
103877.462893797,6.68837891215065,0.000647245175555964
103878.462893797,6.46253575758906,0.000647052255415716
103879.462893797,6.23547576184693,0.000646853861208744
103880.462893797,6.00718562999879,0.000646649984988233
103881.462893797,5.77765178861142,0.000646440618443882
103882.462893797,5.54686036088826,0.000646225752840538
103883.462893797,5.31479713842452,0.000646005378966639
103884.462893797,5.08144756949216,0.000645779487103684
103885.462893797,4.84679676033947,0.000645548067020261
103886.462893797,4.61082947613046,0.00064531110797841
103887.462893797,4.37353013489373,0.000645068598731983
103888.462893797,4.13488279519112,0.000644820527501708
103889.462893797,3.89487113956464,0.000644566881926197
103890.462893797,3.6534784561549,0.000644307649005682
103891.462893797,3.41068768462178,0.000644042815254657
103892.462893797,3.16648130458636,0.000643772366327392
103893.462893797,2.92084130156012,0.000643496287077692
103894.462893797,2.67374924310836,0.000643214561736221
103895.462893797,2.42518631893955,0.000642927173902904
103896.462893797,2.17513326095593,0.000642634106331485
103897.462893797,1.9235702042479,0.000642335340726679
103898.462893797,1.67047678133617,0.000642030857742395
103899.462893797,1.41583216595583,0.000641720637464326
103900.462893797,1.15961508934958,0.000641404659315861
103901.462893797,0.901803770044817,0.000641082901786105
103902.462893797,0.642375814345737,0.000640755342156223
103903.462893797,0.381308160901911,0.000640421956352811
103904.462893797,0.118577089557173,0.000640082718999091
103905.462893797,-0.145841731434612,0.000639737603611414
103906.462893797,-0.411973203629322,0.000639386582773484
103907.462893797,-0.679842804892522,0.000639029628106127
103908.462893797,-0.949476664582103,0.000638666709974425
103909.462893797,-1.22090168173699,0.000638297797074977
103910.462893797,-1.49414561757448,0.000637922856177181
103911.462893797,-1.76923709642526,0.000637541852223904
103912.462893797,-2.04620551164838,0.000637154748738303
103913.462893797,-2.32508091509414,0.000636761508211079
103914.462893797,-2.60589400250357,0.000636362092083173
103915.462893797,-2.88867625298693,0.000635956460188201
103916.462893797,-3.17346016545623,0.000635544569935077
103917.462893797,-3.46027944150499,0.000635126375787576
103918.462893797,-3.74916897413025,0.000634701829478865
103919.462893797,-4.04016462916435,0.000634270880897344
103920.462893797,-4.33330873842492,0.000633833472524407
103921.462893797,-4.62863946034527,0.000633389542685019
103922.462893797,-4.92619446474966,0.000632939041124349
103923.462893797,-5.22601057061622,0.000632481915903713
103924.462893797,-5.52811466554865,0.000632018133023206
103925.462893797,-5.8325477100228,0.00063154762822729
103926.462893797,-6.13936126980662,0.00063107032236997
103927.462893797,-6.44860627810573,0.000630586137741484
103928.462893797,-6.76032868131249,0.000630095002245347
103929.462893797,-7.07457296802639,0.000629596845040868
103930.462893797,-7.39138624269829,0.00062909159135685
103931.462893797,-7.71081869229294,0.000628579160983143
103932.462893797,-8.03292212182882,0.000628059469556202
103933.462893797,-8.35774925920167,0.000627532429826612
103934.462893797,-8.68535411074641,0.000626997951893628
103935.462893797,-9.01580182524597,0.000626455929651483
103936.462893797,-9.3491495614456,0.000625906252285622
103937.462893797,-9.68545485581286,0.000625348829036378
103938.462893797,-10.0247730392415,0.000624783568618691
103939.462893797,-10.3671445490181,0.000624210411229942
103940.462893797,-10.7126290963046,0.000623629249180429
103941.462893797,-11.0613033795404,0.000623039947973009
103942.462893797,-11.4132436707839,0.000622442375354348
103943.462893797,-11.7685174789988,0.000621836410138169
103944.462893797,-12.1271891940133,0.000621221934260409
103945.462893797,-12.4893272937088,0.000620598824071478
103946.462893797,-12.8550044336192,0.000619966950412092
103947.462893797,-13.224293576565,0.000619326183738075
103948.462893797,-13.5972664279764,0.000618676396304537
103949.462893797,-13.973995120532,0.000618017459330789
103950.462893797,-14.3545540676204,0.000617349238984513
103951.462893797,-14.7390200376183,0.000616671595043594
103952.462893797,-15.1274723239059,0.000615984381120779
103953.462893797,-15.519988032908,0.000615287455655085
103954.462893797,-15.9166411003885,0.000614580685317237
103955.462893797,-16.3175050678426,0.00061386393828935
103956.462893797,-16.722658105221,0.000613137073230306
103957.462893797,-17.1321747850799,0.000612399954744587
103958.462893797,-17.5461302527894,0.000611652443356285
103959.462893797,-17.9645954705509,0.000610894408743921
103960.462893797,-18.3876430762027,0.000610125716245758
103961.462893797,-18.8153401688246,0.000609346243313805
103962.462893797,-19.2477506382815,0.000608555870483675
103963.462893797,-19.6849419088494,0.000607754469678667
103964.462893797,-20.1269727542964,0.00060694192972088
103965.462893797,-20.573895052409,0.000606118146394612
103966.462893797,-21.0257641266813,0.000605283002632918
103967.462893797,-21.4826274888022,0.000604436393229274
103968.462893797,-21.9445279061897,0.000603578215512086
103969.462893797,-22.4114999770258,0.000602708380365858
103970.462893797,-22.8835697678617,0.000601826806142403
103971.462893797,-23.3607567934866,0.000600933408121425
103972.462893797,-23.8430757163615,0.000600028096307851
103973.462893797,-24.3305354465127,0.000599110782206949
103974.462893797,-24.8231349665121,0.00059818138439217
103975.462893797,-25.3208588512243,0.000597239825116247
103976.462893797,-25.8236777598405,0.000596286022145586
103977.462893797,-26.3315549112742,0.000595319885778694
103978.462893797,-26.844450364101,0.000594341323363663
103979.462893797,-27.3623126768347,0.000593350243380129
103980.462893797,-27.885061578304,0.000592346552312012
103981.462893797,-28.4125835048384,0.00059133014804387
103982.462893797,-28.9447622741951,0.000590300920188183
103983.462893797,-29.481504105935,0.000589258749779329
103984.462893797,-30.0226810837454,0.000588203521439565
103985.462893797,-30.5680756947232,0.000587135116746821
103986.462893797,-31.1174837715016,0.000586053395656501
103987.462893797,-31.6706906891325,0.00058495822526691
103988.462893797,-32.2274870046074,0.000583849480494093
103989.462893797,-32.7876895131066,0.000582727052202733
103990.462893797,-33.3510241928707,0.000581590846666213
103991.462893797,-33.9170940621274,0.000580440776078524
103992.462893797,-34.485522090559,0.000579276762563082
103993.462893797,-35.0559958457858,0.0005780987319012
103994.462893797,-35.6280998846578,0.000576906619221598
103995.462893797,-36.2014565021798,0.00057570040466696
103996.462893797,-36.7756895227238,0.000574480083846613
103997.462893797,-37.3504099508827,0.000573245675783684
103998.462893797,-37.9252524972744,0.000571997202400587
103999.462893797,-38.499807438931,0.00057073473814619
104000.462893797,-39.0736735868085,0.000569458392079429
104001.462893797,-39.6464856479451,0.000568168298678538
104002.462893797,-40.2179096505375,0.000566864619061522
104003.462893797,-40.78764314267,0.000565547541092375
104004.462893797,-41.3554291152881,0.00056421727649044
104005.462893797,-41.9210651533649,0.000562874058015122
104006.462893797,-42.4843991886911,0.000561518137263258
104007.462893797,-43.0453260862524,0.000560149781798116
104008.462893797,-43.6037973103887,0.00055876927133281
104009.462893797,-44.1598329598589,0.000557376893952698
104010.462893797,-44.713518160982,0.000555972943013097
104011.462893797,-45.2649871167748,0.00055455771411853
104012.462893797,-45.8144151837899,0.000553131500770249
104013.462893797,-46.3620312051422,0.000551694593274231
104014.462893797,-46.9081269606903,0.000550247273441934
104015.462893797,-47.4530323984039,0.000548789816148916
104016.462893797,-47.9970768660284,0.000547322485189467
104017.462893797,-48.5405937658833,0.000545845529622972
104018.462893797,-49.0839773239986,0.000544359184143439
104019.462893797,-49.6276481198566,0.000542863673454041
104020.462893797,-50.1719671317862,0.000541359208565037
104021.462893797,-50.7172097972775,0.000539845993890602
104022.462893797,-51.2636459738387,0.000538324206523325
104023.462893797,-51.8115863431102,0.000536794015234334
104024.462893797,-52.3613080124712,0.000535255588568299
104025.462893797,-52.9129298142579,0.000533709100195997
104026.462893797,-53.4664147130672,0.000532154705387244
104027.462893797,-54.0216964128822,0.000530592540443564
104028.462893797,-54.5787433525949,0.000529022743083348
104029.462893797,-55.1374349183105,0.000527445484160308
104030.462893797,-55.6974161330192,0.000525860949581545
104031.462893797,-56.258150153091,0.000524269306152834
104032.462893797,-56.819149992639,0.000522670725040908
104033.462893797,-57.3799073677712,0.000521065387819169
104034.462893797,-57.9396771216545,0.000519453519088623
104035.462893797,-58.4977321096746,0.000517835340239994
104036.462893797,-59.053292699485,0.000516211085544708
104037.462893797,-59.6055255195624,0.00051458100979897
104038.163514639,-59.9900410588206,0.00051343560100284
104038.426519939,-60.1337962180124,0.000513004971227101
104038.68952524,-60.2771727631374,0.000512574064117352
104038.952530541,-60.4201412832502,0.00051214291499974
104039.215535842,-60.5626870498122,0.000511711524334564
104039.478541142,-60.7048016911396,0.000511279876743414
104040.243446115,-61.1155277691509,0.000510022923756484
104041.008351087,-61.5222047585097,0.000508763606921199
104041.773256059,-61.9245097548666,0.000507501921998906
104042.538161032,-62.322100022781,0.00050623792018329
104043.538161032,-62.8341549629063,0.000504582098452554
104044.538161032,-63.3368173708122,0.000502922746460126
104045.538161032,-63.8293793873343,0.000501260184551859
104046.538161032,-64.3111755524016,0.000499594766226948
104047.538161032,-64.7816421125758,0.000497926834245858
104048.538161032,-65.240221027516,0.000496256776649333
104049.538161032,-65.68640960734,0.000494584993176332
104050.538161032,-66.1197854008383,0.000492911886090938
104051.538161032,-66.5400108237224,0.000491237845227271
104052.538161032,-66.9468195572218,0.000489563259990043
104053.538161032,-67.3400151743315,0.000487888511411833
104054.538161032,-67.7194633284968,0.00048621397851513
104055.538161032,-68.0850960955074,0.000484540029480425
104056.538161032,-68.4369004360779,0.000482867027161437
104057.538161032,-68.7749229691967,0.000481195322819857
104058.538161032,-69.0992626810179,0.000479525256323377
104059.538161032,-69.4100661379493,0.000477857154417299
104060.538161032,-69.7075213702676,0.000476191337055109
104061.538161032,-69.9918550769074,0.000474528108632777
104062.538161032,-70.2633276990428,0.000472867760695681
104063.538161032,-70.5222284688514,0.000471210569846138
104064.538161032,-70.7688744834342,0.000469556804842858
104065.538161032,-71.0036031178702,0.000467906718316963
104066.538161032,-71.2267667627984,0.000466260549155214
104067.538161032,-71.4387315029242,0.000464618523487077
104068.538161032,-71.6398741257235,0.000462980855398778
104069.538161032,-71.830579978275,0.000461347746980834
104070.538161032,-72.0112361082649,0.000459719387918554
104071.538161032,-72.1822352047912,0.000458095956197763
104072.538161032,-72.3439659059025,0.000456477617790463
104073.538161032,-72.4968465145434,0.000454864540643345
104074.538161032,-72.6412374035908,0.000453256860402533
104075.538161032,-72.7774992094939,0.000451654705181372
104076.538161032,-72.9059935921779,0.000450058197005966
104077.538161032,-73.0270479364292,0.000448467441385844
104078.538161032,-73.1410176425909,0.000446882546887678
104079.538161032,-73.248258199709,0.000445303616264126
104080.538161032,-73.349105657938,0.000443730741046777
104081.538161032,-73.4438765095023,0.000442164002278527
104082.538161032,-73.5328731305375,0.000440603472842913
104083.538161032,-73.6163867100468,0.000439049218873071
104084.538161032,-73.6946974630563,0.000437501300205036
104085.538161032,-73.7680740919733,0.000435959770544275
104086.538161032,-73.8367735552074,0.000434424677708597
104087.538161032,-73.9010412070052,0.000432896063966604
104088.538161032,-73.9611110847052,0.000431373966393248
104089.538161032,-74.0172062115086,0.000429858417199652
104090.538161032,-74.069538896985,0.000428349444035345
104091.538161032,-74.1183110526925,0.000426847070272426
104092.538161032,-74.1637145310161,0.000425351315276941
104093.538161032,-74.2059314828697,0.000423862194667989
104094.538161032,-74.2451347264793,0.000422379720563777
104095.538161032,-74.281488121259,0.000420903901814438
104096.538161032,-74.3151469429646,0.000419434744221972
104097.538161032,-74.3462582573825,0.000417972250747914
104098.538161032,-74.3749612901921,0.000416516421709261
104099.538161032,-74.4013877909047,0.000415067254963148
104100.538161032,-74.4256623891152,0.000413624746080775
104101.538161032,-74.4479029416588,0.000412188888511048
104102.538161032,-74.468220869592,0.000410759673734449
104103.538161032,-74.4867214841791,0.000409337091407607
104104.538161032,-74.5035043012956,0.000407921129499065
104105.538161032,-74.5186633438439,0.000406511774416696
104106.538161032,-74.5322874319438,0.000405109011127221
104107.538161032,-74.5444604607941,0.000403712823268275
104108.538161032,-74.5552616662216,0.000402323193253424
104109.538161032,-74.5647658780256,0.000400940102370554
104110.538161032,-74.5730437613056,0.000399563530874002
104111.538161032,-74.5801620460237,0.000398193458070806
104112.538161032,-74.5861837451011,0.000396829862401418
104113.538161032,-74.5911683613891,0.000395472721515221
104114.538161032,-74.5951720838824,0.000394122012341154
104115.538161032,-74.5982479735636,0.000392777711153753
104116.538161032,-74.6004461392842,0.000391439793634889
104117.538161032,-74.6018139040908,0.000390108234931461
104118.538161032,-74.602395962414,0.000388783009709312
104119.538161032,-74.602234528533,0.000387464092203589
104120.538161032,-74.6013694767245,0.000386151456265779
104121.538161032,-74.5998384735029,0.000384845075407631
104122.538161032,-74.5976771023414,0.000383544922842156
104123.538161032,-74.5949189812626,0.000382250971521893
104124.538161032,-74.5915958736668,0.000380963194174621
104125.538161032,-74.5877377927601,0.000379681563336663
104126.538161032,-74.5833730999254,0.000378406051383961
104127.538161032,-74.578528597371,0.000377136630561035
104128.538161032,-74.5732296153727,0.000375873273007988
104129.538161032,-74.5675000944129,0.000374615950785658
104130.538161032,-74.5613626625077,0.000373364635899057
104131.538161032,-74.5548387079961,0.000372119300319188
104132.538161032,-74.5479484480536,0.000370879916003359
104133.538161032,-74.5407109931793,0.000369646454914068
104134.538161032,-74.5331444078907,0.00036841888903658
104135.538161032,-74.5252657678512,0.00036719719039525
104136.538161032,-74.5170912136396,0.000365981331068686
104137.538161032,-74.5086360013609,0.000364771283203825
104138.538161032,-74.4999145502889,0.000363567019028985
104139.538161032,-74.4909404877151,0.000362368510865957
104140.538161032,-74.4817266911736,0.000361175731141206
104141.538161032,-74.4722853281994,0.000359988652396221
104142.538161032,-74.4626278937682,0.00035880724729708
104143.538161032,-74.4527652455582,0.000357631488643271
104144.538161032,-74.4427076371657,0.000356461349375819
104145.538161032,-74.4324647493983,0.000355296802584749
104146.538161032,-74.4220457197623,0.000354137821515951
104147.538161032,-74.4114591702537,0.000352984379577445
104148.538161032,-74.4007132335564,0.00035183645034512
104149.538161032,-74.3898155777444,0.000350694007567953
104150.538161032,-74.3787734295775,0.000349557025172742
104151.538161032,-74.367593596479,0.000348425477268394
104152.538161032,-74.3562824872723,0.000347299338149773
104153.538161032,-74.3448461317547,0.000346178582301155
104154.538161032,-74.3332901991769,0.000345063184399294
104155.538161032,-74.3216200156969,0.000343953119316129
104156.538161032,-74.3098405808692,0.000342848362121151
104157.538161032,-74.2979565832283,0.000341748888083451
104158.538161032,-74.2859724150221,0.000340654672673451
104159.538161032,-74.2738921861465,0.000339565691564365
104160.538161032,-74.2617197373299,0.000338481920633369
104161.538161032,-74.2494586526128,0.000337403335962519
104162.538161032,-74.2371122711662,0.000336329913839424
104163.538161032,-74.224683698488,0.000335261630757681
104164.538161032,-74.212175817015,0.000334198463417088
104165.538161032,-74.1995912961879,0.000333140388723652
104166.538161032,-74.1869326019992,0.000332087383789383
104167.538161032,-74.1742020060581,0.000331039425931913
104168.538161032,-74.1614015942003,0.000329996492673919
104169.538161032,-74.1485332746705,0.00032895856174238
104170.538161032,-74.1355987859022,0.000327925611067667
104171.538161032,-74.1225997039217,0.000326897618782475
104172.538161032,-74.1095374493955,0.000325874563220608
104173.538161032,-74.0964132943449,0.000324856422915616
104174.538161032,-74.0832283685468,0.000323843176599302
104175.538161032,-74.0699836656384,0.000322834803200098
104176.538161032,-74.0566800489452,0.000321831281841314
104177.538161032,-74.043318257047,0.000320832591839274
104178.538161032,-74.0298989090976,0.000319838712701345
104179.538161032,-74.0164225099128,0.00031884962412385
104180.538161032,-74.0028894548396,0.00031786530598989
104181.538161032,-73.9893000344194,0.000316885738367072
104182.538161032,-73.9756544388566,0.000315910901505145
104183.538161032,-73.9619527623034,0.000314940775833549
104184.538161032,-73.9481950069707,0.000313975341958899
104185.538161032,-73.9343810870753,0.000313014580662379
104186.538161032,-73.9205108326306,0.000312058472897082
104187.538161032,-73.906583993091,0.000311106999785277
104188.538161032,-73.8926002408545,0.000310160142615629
104189.538161032,-73.8785591746339,0.000309217882840354
104190.538161032,-73.8644603226998,0.000308280202072334
104191.538161032,-73.8503031460038,0.00030734708208219
104192.538161032,-73.8360870411852,0.00030641850479531
104193.538161032,-73.8218113434677,0.000305494452288851
104194.538161032,-73.80747532945,0.000304574906788713
104195.538161032,-73.7930782197943,0.000303659850666483
104196.538161032,-73.7786191818171,0.00030274926643637
104197.538161032,-73.7640973319844,0.000301843136752121
104198.538161032,-73.7495117383161,0.000300941444403931
104199.538161032,-73.7348614227014,0.000300044172315351
104200.538161032,-73.7201453631269,0.000299151303540198
104201.538161032,-73.7053624958217,0.000298262821259469
104202.538161032,-73.6905117173194,0.000297378708778268
104203.538161032,-73.6755918864397,0.000296498949522755
104204.538161032,-73.6606018261914,0.000295623527037107
104205.538161032,-73.6455403255966,0.000294752424980512
104206.538161032,-73.6304061414395,0.000293885627124195
104207.538161032,-73.6151979999384,0.000293023117348474
104208.538161032,-73.5999145983433,0.000292164879639862
104209.538161032,-73.5845546064592,0.000291310898088211
104210.538161032,-73.5691166680949,0.000290461156883905
104211.538161032,-73.5535994024392,0.000289615640315114
104212.538161032,-73.5380014053636,0.000288774332765092
104213.538161032,-73.5223212506514,0.000287937218709552
104214.538161032,-73.5065574911551,0.000287104282714101
104215.538161032,-73.49070865988,0.000286275509431742
104216.538161032,-73.474773270995,0.000285450883600458
104217.538161032,-73.4587498207709,0.000284630390040866
104218.538161032,-73.4426367884452,0.000283814013653959
104219.538161032,-73.4264326370135,0.000283001739418926
104220.538161032,-73.4101358139482,0.00028219355239107
104221.538161032,-73.3937447518423,0.0002813894376998
104222.538161032,-73.3772578689808,0.000280589380546739
104223.538161032,-73.3606735698364,0.000279793366203905
104224.538161032,-73.343990245492,0.000279001380012012
104225.538161032,-73.3272062739884,0.000278213407378854
104226.538161032,-73.3103200205966,0.000277429433777808
104227.538161032,-73.2933298380155,0.00027664944474643
104228.538161032,-73.2762340664945,0.000275873425885163
104229.538161032,-73.2590310338802,0.000275101362856156
104230.538161032,-73.2417190555877,0.000274333241382187
104231.538161032,-73.2242964344961,0.000273569047245703
104232.538161032,-73.2067614607679,0.000272808766287966
104233.538161032,-73.1891124115922,0.000272052384408315
104234.538161032,-73.1713475508522,0.000271299887563543
104235.538161032,-73.1534651287155,0.000270551261767383
104236.538161032,-73.1354633811483,0.000269806493090115
104237.538161032,-73.1173405293535,0.000269065567658277
104238.538161032,-73.0990947791311,0.000268328471654502
104239.538161032,-73.0807243201625,0.000267595191317459
104240.538161032,-73.0622273252179,0.000266865712941916
104241.538161032,-73.0436019492859,0.000266140022878908
104242.538161032,-73.0248463286268,0.000265418107536023
104243.538161032,-73.005958579748,0.000264699953377802
104244.538161032,-72.9869367983018,0.00026398554692624
104245.538161032,-72.9677790579055,0.000263274874761412
104246.538161032,-72.9484834088833,0.000262567923522196
104247.538161032,-72.9290478769296,0.00026186467990711
104248.538161032,-72.9094704616939,0.000261165130675256
104249.538161032,-72.8897491352854,0.000260469262647369
104250.538161032,-72.8698818406988,0.000259777062706975
104251.538161032,-72.8498664901584,0.000259088517801643
104252.538161032,-72.8297009633818,0.000258403614944356
104253.538161032,-72.8093831057605,0.000257722341214967
104254.538161032,-72.7889107264586,0.000257044683761766
104255.538161032,-72.7682815964254,0.000256370629803147
104256.538161032,-72.7474934463243,0.000255700166629364
104257.538161032,-72.7265439643732,0.000255033281604399
104258.538161032,-72.7054307940974,0.000254369962167911
104259.538161032,-72.6841515319916,0.000253710195837297
104260.538161032,-72.6627037250897,0.000253053970209833
104261.538161032,-72.6410848684401,0.000252401272964925
104262.538161032,-72.6192924024846,0.000251752091866441
104263.538161032,-72.5973237103367,0.000251106414765145
104264.538161032,-72.5751761149589,0.000250464229601223
104265.538161032,-72.5528468762332,0.000249825524406906
104266.538161032,-72.5303331879233,0.000249190287309182
104267.538161032,-72.5076321745238,0.000248558506532604
104268.538161032,-72.4847408879924,0.000247930170402202
104269.538161032,-72.4616563043612,0.000247305267346478
104270.538161032,-72.4383753202212,0.00024668378590051
104271.538161032,-72.4148947490759,0.000246065714709152
104272.538161032,-72.3912113175579,0.000245451042530328
104273.538161032,-72.3673216615026,0.000244839758238442
104274.538161032,-72.3432223218716,0.000244231850827882
104275.538161032,-72.3189097405205,0.000243627309416635
104276.538161032,-72.2943802558016,0.000243026123250018
104277.538161032,-72.2696300979946,0.000242428281704516
104278.538161032,-72.2446553845566,0.000241833774291741
104279.538161032,-72.2194521151803,0.000241242590662515
104280.538161032,-72.1940161666531,0.000240654720611077
104281.538161032,-72.1683432875038,0.000240070154079425
104282.538161032,-72.142429092426,0.000239488881161789
104283.538161032,-72.1162690564671,0.000238910892109254
104284.538161032,-72.0898585089671,0.000238336177334532
104285.538161032,-72.0631926272349,0.000237764727416887
104286.538161032,-72.0362664299463,0.000237196533107226
104287.538161032,-72.009074770246,0.000236631585333368
104288.538161032,-71.981612328538,0.000236069875205487
104289.538161032,-71.953873604944,0.000235511394021756
104290.538161032,-71.9258529114095,0.000234956133274181
104291.538161032,-71.8975443634375,0.000234404084654661
104292.538161032,-71.8689418714243,0.000233855240061267
104293.538161032,-71.8400391315732,0.00023330959160476
104294.538161032,-71.8108296163602,0.000232767131615363
104295.538161032,-71.7813065645215,0.000232227852649801
104296.538161032,-71.7514629705316,0.00023169174749862
104297.538161032,-71.7212915735401,0.000231158809193818
104298.538161032,-71.6907848457296,0.000230629031016782
104299.538161032,-71.6599349800574,0.000230102406506578
104300.538161032,-71.6287338773378,0.000229578929468591
104301.538161032,-71.5971731326219,0.000229058593983558
104302.538161032,-71.5652440208252,0.000228541394417007
104303.538161032,-71.5329374815507,0.000228027325429129
104304.538161032,-71.5002441030519,0.000227516381985119
104305.538161032,-71.467154105274,0.000227008559366012
104306.538161032,-71.4336573219077,0.000226503853180043
104307.538161032,-71.3997431813834,0.000226002259374578
104308.538161032,-71.3654006867293,0.00022550377424864
104309.538161032,-71.3306183942092,0.000225008394466088
104310.538161032,-71.2953843906479,0.000224516117069478
104311.538161032,-71.2596862693464,0.000224026939494663
104312.538161032,-71.2235111044789,0.000223540859586186
104313.538161032,-71.1868454238541,0.000223057875613517
104314.538161032,-71.1496751799129,0.000222577986288194
104315.538161032,-71.111985718824,0.000222101190781945
104316.538161032,-71.0737617475244,0.000221627488745847
104317.538161032,-71.0349872985398,0.000221156880330615
104318.538161032,-70.9956456924015,0.000220689366208098
104319.538161032,-70.9557194974617,0.000220224947594069
104320.538161032,-70.9151904868883,0.000219763626272426
104321.538161032,-70.8740395925996,0.000219305404620891
104322.538161032,-70.8322468558744,0.00021885028563835
104323.538161032,-70.7897913743484,0.000218398272973942
104324.538161032,-70.7466512450752,0.000217949370958051
104325.538161032,-70.702803503301,0.000217503584635367
104326.538161032,-70.6582240565601,0.000217060919800154
104327.538161032,-70.6128876136616,0.000216621383033956
104328.538161032,-70.5667676080875,0.000216184981745908
104329.538161032,-70.5198361152704,0.000215751724215907
104330.538161032,-70.472063763161,0.000215321619640872
104331.538161032,-70.4234196354276,0.000214894678184391
104332.538161032,-70.3738711665533,0.000214470911030035
104333.538161032,-70.3233840280127,0.0002140503304387
104334.538161032,-70.2719220046101,0.000213632949810334
104335.538161032,-70.219446859952,0.000213218783750475
104336.538161032,-70.1659181898993,0.00021280784814206
104337.538161032,-70.1112932627001,0.000212400160223019
104338.538161032,-70.0555268443381,0.000211995738670231
104339.538161032,-69.998571007443,0.000211594603690485
104340.538161032,-69.9403749218881,0.000211196777119171
104341.538161032,-69.8808846249505,0.000210802282527502
104342.538161032,-69.8200427686168,0.00021041114533919
104343.538161032,-69.7577883412783,0.0002100233929576
104344.538161032,-69.694056360668,0.000209639054904533
104345.538161032,-69.628777534433,0.000209258162971971
104346.538161032,-69.5618778841997,0.000208880751388266
104347.538161032,-69.4932783283619,0.000208506857000473
104348.538161032,-69.4228942180817,0.000208136519474777
104349.538161032,-69.3506348201211,0.000207769781517214
104350.538161032,-69.2764027390885,0.000207406689117255
104351.538161032,-69.2000932704547,0.000207047291817163
104352.538161032,-69.1215936742279,0.00020669164301052
104353.538161032,-69.0407823574189,0.000206339800273829
104354.538161032,-68.9575279513162,0.000205991825735738
104355.538161032,-68.8716882670343,0.000205647786489201
104356.538161032,-68.7831091097058,0.00020530775505276
104357.538161032,-68.6916229279026,0.000204971809888245
104358.538161032,-68.597047270248,0.000204640035983482
104359.538161032,-68.4991830154754,0.000204312525510167
104360.538161032,-68.3978123351266,0.000203989378569017
104361.538161032,-68.2926963392823,0.000203670704036638
104362.538161032,-68.1835723446889,0.000203356620531486
104363.538161032,-68.0701506907264,0.000203047257519854
104364.538161032,-67.9521110109915,0.000202742756587335
104365.538161032,-67.8290978456474,0.000202443272906815
104366.538161032,-67.7007154505329,0.00020214897694115
104367.538161032,-67.5665216211109,0.000201860056427735
104368.538161032,-67.426020299611,0.000201576718703761
104369.538161032,-67.2786526679042,0.000201299193445973
104370.538161032,-67.123786340632,0.000201027735918332
104371.538161032,-66.9607021541572,0.000200762630846862
104372.538161032,-66.7885778842573,0.000200504197075378
104373.538161032,-66.6064680002924,0.000200252793202281
104374.538161032,-66.4132782475906,0.000200008824461972
104375.538161032,-66.2077333998103,0.000199772751202176
104376.538161032,-65.9883358719877,0.00019954509943157
104377.538161032,-65.7533119264361,0.0001993264740878
104378.538161032,-65.500540765226,0.000199117575931021
104379.538161032,-65.2274595985392,0.000198919223345803
104380.538161032,-64.9309343204564,0.000198732380905807
104381.538161032,-64.6070798584151,0.000198558197441713
104382.538161032,-64.2510050433327,0.000198398057764677
104383.538161032,-63.856441073574,0.000198253654517466
104384.538161032,-63.4151846547197,0.000198127090574146
104385.538161032,-62.9162351244914,0.000198021029409454
104386.538161032,-62.3444044708072,0.000197938923869942
104387.538161032,-61.6779735534075,0.00019788537935074
104388.538161032,-60.8815234529471,0.000197867045851563
104389.538161032,-59.8987631831837,0.000197893586772589
104390.538161032,-58.6354288122442,0.000197979724664582
104391.248350016,-57.4766472833013,0.000198089882627373
104391.826864419,-56.280629907319,0.00019822110535603
104392.304521447,-55.0337460404964,0.000198367622041479
104392.69884199,-53.7405256327106,0.000198523840843197
104393.093162534,-52.0864540153661,0.000198724415556047
104393.377400933,-50.5647275212661,0.000198907140834227
104393.611768309,-49.0092894382669,0.000199091506286319
104393.846135686,-47.0743589372352,0.000199318838666941
104394.02682312,-45.2368506877802,0.000199535301364284
104394.207510554,-43.0128326214841,0.000199803737203106
104394.355309065,-40.8522350483624,0.000200078535827518
104394.503107577,-38.3612574990012,0.000200425728191189
104394.650906088,-35.5679847863042,0.000200878316009655
104394.7987046,-32.5740584038528,0.00020148442584788
104394.946503111,-29.5474700523535,0.00020230764075529
104395.067945183,-27.1654923635029,0.000203197789025359
104395.189387254,-24.9442644096484,0.000204320506259538
104395.310829326,-22.8870391065167,0.000205701790844766
104395.432271398,-20.9541285448679,0.000207353344881546
104395.55371347,-19.0908299515913,0.000209273245142179
104395.675155541,-17.2501569041031,0.000211448910734294
104395.796597613,-15.3995004874541,0.000213859091238671
104395.918039685,-13.5200435743648,0.00021647544202366
104396.035415553,-11.6710091730107,0.000219167502547395
104396.152791421,-9.79504386066347,0.000221984075619039
104396.237982924,-8.42312920883348,0.000224084718074569
104396.323174427,-7.05036288203501,0.000226215619842906
104396.408365931,-5.68421310637499,0.000228361828743587
104396.493557434,-4.33223240134576,0.000230509004069077
104396.578748938,-3.00177599047112,0.000232643731950065
104396.677049805,-1.50226456764733,0.000235075589285987
104396.775350672,-0.0497831552786063,0.000237458378017348
104396.873651539,1.34815169518477,0.000239778840478525
104396.971952406,2.68588500938991,0.000242026800168637
104397.070253273,3.95956559149294,0.000244195056508639
104397.16855414,5.16699777034152,0.000246279175392306
104397.308391449,6.76929934012467,0.000249095508534996
104397.448228757,8.23849114265154,0.000251739617381983
104397.588066065,9.58057195886899,0.000254219786290914
104397.727903373,10.8039136358521,0.000256548604723717
104397.867740681,11.9180722134014,0.000258740969640695
104398.007577989,12.932953480821,0.000260812616294098
104398.219433592,14.3022850847319,0.00026375480526844
104398.431289194,15.4953439482154,0.000266503118642588
104398.618275499,16.4218448063673,0.000268799760402761
104398.805261804,17.2439013774254,0.000270997628316176
104398.943962028,17.7928927365211,0.000272574264405185
104399.082662252,18.2941757362785,0.000274110964332588
104399.221362476,18.7509767651641,0.000275612082584366
104399.330206656,19.080201825887,0.00027676758619089
104399.439050836,19.3850722146621,0.000277904904301939
104399.547895017,19.6667482391366,0.0002790253045207
104399.656739197,19.9263227132069,0.000280129905460861
104399.765583377,20.1648354022322,0.000281219699335827
104399.88005052,20.3940440758547,0.000282350795622749
104399.994517663,20.6021812506224,0.000283467432694739
104400.108984806,20.7903260132645,0.000284570457454478
104400.223451949,20.9595280025121,0.000285660649714665
104400.337919092,21.1108115373556,0.000286738732322166
104400.452386235,21.2451726125208,0.000287805376814612
104400.61229143,21.4063607728585,0.000289277457833455
104400.772196625,21.5389451765227,0.000290730003982809
104400.93210182,21.6453683326334,0.000292164448378879
104401.092007015,21.7279598814631,0.000293582098890232
104401.25191221,21.7889148209048,0.000294984144867076
104401.411817405,21.8303018341937,0.000296371665622618
104401.662668951,21.8604805638485,0.000298521395213958
104401.913520496,21.8543217056851,0.000300641095408255
104402.164372042,21.8180029108945,0.00030273358026022
104402.415223587,21.7568840433768,0.000304801197983592
104402.666075132,21.6758740303666,0.000306845939602502
104402.916926678,21.5792895229478,0.000308869462203503
104403.246641474,21.434739376805,0.000311499118720605
104403.57635627,21.276503412092,0.000314096867209412
104403.906071066,21.1102067570563,0.000316664559041075
104404.235785863,20.940392902661,0.000319203606726766
104404.565500659,20.7706750946627,0.000321715079005982
104404.895215455,20.6038676080907,0.000324199777469391
104405.455341867,20.3330885280746,0.000328361147725582
104406.015468278,20.083946735562,0.000332449075390605
104406.57559469,19.8603622947916,0.000336465001916584
104407.135721101,19.6641860811983,0.000340410167552657
104407.695847513,19.4958880398681,0.000344285789063547
104408.255973924,19.3549699987997,0.000348093100885795
104409.255973924,19.167961333607,0.00035472456687116
104410.255973924,19.055285372701,0.000361150212590466
104411.255973924,19.0066553122865,0.000367378602897499
104412.255973924,19.0129391608263,0.000373418811630178
104413.255973924,19.066115499144,0.000379279691698143
104414.255973924,19.1587806525362,0.000384969344749171
104415.255973924,19.2842202685945,0.000390495137988727
104416.255973924,19.4369111065723,0.000395863960032669
104417.255973924,19.6122534343072,0.000401082172814221
104418.255973924,19.8064573498515,0.000406155756986895
104419.255973924,20.0164082230016,0.000411090185009988
104420.255973924,20.2395327551621,0.000415890421512412
104421.255973924,20.4736829801161,0.000420561005463456
104422.255973924,20.7170459935527,0.000425106137647582
104423.255973924,20.9680779194532,0.000429529747981309
104424.255973924,21.2254546954281,0.000433835544189087
104425.255973924,21.4880322930647,0.000438027048135089
104426.255973924,21.7548128593548,0.000442107624925337
104427.255973924,22.0249164675445,0.000446080507461405
104428.255973924,22.2975587555805,0.000449948816986177
104429.255973924,22.5720338587997,0.000453715579658479
104430.255973924,22.847701376686,0.000457383739511821
104431.255973924,23.1239761804857,0.00046095616826443
104432.255973924,23.4003202922794,0.000464435672485606
104433.255973924,23.676242162933,0.000467825003920048
104434.255973924,23.9512804975499,0.000471126852498027
104435.255973924,24.2249998937209,0.00047434384732868
104436.255973924,24.4969944818159,0.000477478567315526
104437.255973924,24.7668885338276,0.000480533545703304
104438.255973924,25.0343323766184,0.00048351126561555
104439.255973924,25.2989980646958,0.000486414155470531
104440.255973924,25.5605775210541,0.000489244589080345
104441.255973924,25.8187824155676,0.000492004887595043
104442.255973924,26.0733441700425,0.000494697319798181
104443.255973924,26.3240134050133,0.00049732410072019
104444.255973924,26.5705590127788,0.000499887390223359
104445.255973924,26.8127673001636,0.000502389292363488
104446.255973924,27.0504414594401,0.000504831855284798
104447.255973924,27.2834013190111,0.000507217071170628
104448.255973924,27.5114830672276,0.000509546876122624
104449.255973924,27.7345388445322,0.000511823149940011
104450.255973924,27.9524364231847,0.000514047712921482
104451.255973924,28.1650563222751,0.000516222331851405
104452.255973924,28.3722951018776,0.000518348719933087
104453.255973924,28.5740644618354,0.000520428535906631
104454.255973924,28.770289458973,0.000522463382752929
104455.255973924,28.9609075437216,0.000524454808146849
104456.255973924,29.1458679325277,0.000526404306234827
104457.255973924,29.3251320650348,0.000528313318863946
104458.255973924,29.4986718580464,0.000530183237137182
104459.255973924,29.666471325206,0.000532015402472673
104460.255973924,29.8285236182651,0.00053381110489158
104461.255973924,29.9848327210673,0.00053557158877437
104462.255973924,30.1354103928177,0.0005372980505777
104463.255973924,30.2802759773527,0.000538991639783907
104464.255973924,30.4194573533768,0.000540653461697179
104465.255973924,30.5529906737227,0.000542284579747606
104466.255973924,30.6809185773387,0.000543886015881916
104467.255973924,30.8032891112921,0.000545458749797751
104468.255973924,30.9201554355072,0.000547003722862341
104469.255973924,31.0315766104381,0.000548521838148683
104470.255973924,31.1376170879565,0.000550013962533259
104471.255973924,31.2383451275045,0.000551480927630968
104472.255973924,31.3338316929296,0.000552923530030494
104473.255973924,31.4241509038739,0.000554342532803004
104474.255973924,31.5093808883542,0.000555738668185668
104475.255973924,31.5896030649556,0.000557112639202928
104476.255973924,31.6649000235801,0.000558465119229606
104477.255973924,31.7353542347776,0.000559796752846778
104478.255973924,31.8010497472055,0.000561108154976059
104479.255973924,31.8620755492337,0.000562399916659888
104480.255973924,31.9185216260693,0.000563672607782195
104481.255973924,31.9704736028981,0.000564926769805657
104482.255973924,32.0180172436216,0.00056616291761149
104483.255973924,32.0612426629508,0.000567381549547877
104484.255973924,32.1002408887601,0.000568583146451305
104485.255973924,32.1350997019673,0.000569768164326498
104486.255973924,32.165905010472,0.000570937037527628
104487.255973924,32.1927435671056,0.000572090184377657
104488.255973924,32.2157025000767,0.000573228007005791
104489.255973924,32.2348675709251,0.000574350889676049
104490.255973924,32.250322895693,0.00057545919969183
104491.255973924,32.2621515944507,0.000576553289255507
104492.255973924,32.2704358324389,0.000577633496029211
104493.255973924,32.2752565329441,0.000578700143466265
104494.255973924,32.2766932096487,0.000579753541445674
104495.255973924,32.2748239366321,0.000580793986919608
104496.255973924,32.2697253341481,0.000581821764493501
104497.255973924,32.2614725348314,0.000582837146975011
104498.255973924,32.2501391434914,0.000583840395893433
104499.255973924,32.2357972031536,0.000584831761990918
104500.255973924,32.2185171725754,0.000585811485698454
104501.255973924,32.1983679136386,0.000586779797596679
104502.255973924,32.1754166838482,0.000587736918853954
104503.255973924,32.1497291317338,0.00058868306164148
104504.255973924,32.1213692960987,0.000589618429529941
104505.255973924,32.0903996099807,0.000590543217869538
104506.255973924,32.0568809087703,0.000591457614152989
104507.255973924,32.0208724415585,0.000592361798361652
104508.255973924,31.9824318852322,0.000593255943295695
104509.255973924,31.9416153611374,0.000594140214889222
104510.255973924,31.898477454098,0.000595014772510971
104511.255973924,31.8530712334989,0.000595879769251245
104512.255973924,31.8054482761372,0.000596735352195652
104513.255973924,31.7556586905828,0.000597581662686225
104514.255973924,31.703751142832,0.000598418836570502
104515.255973924,31.649772883061,0.000599247004439148
104516.255973924,31.5937697732944,0.000600066291852622
104517.255973924,31.535786315813,0.000600876819557413
104518.255973924,31.4758656821416,0.000601678703692301
104519.255973924,31.4140497424762,0.00060247205598513
104520.255973924,31.350379095423,0.000603256983940535
104521.255973924,31.2848930979312,0.000604033591019036
104522.255973924,31.217629895314,0.000604801976807921
104523.255973924,31.1486264512646,0.000605562237184291
104524.255973924,31.0779185777792,0.000606314464470654
104525.255973924,31.0055409649138,0.000607058747583406
104526.255973924,30.9315272103056,0.000607795172174547
104527.255973924,30.8559098483999,0.000608523820766949
104528.255973924,30.7787203793303,0.000609244772883491
104529.255973924,30.6999892974051,0.000609958105170335
104530.255973924,30.6197461191609,0.000610663891514652
104531.255973924,30.5380194109482,0.000611362203157027
104532.255973924,30.4548368160204,0.000612053108798833
104533.255973924,30.3702250811005,0.000612736674704784
104534.255973924,30.284210082406,0.000613412964800912
104535.255973924,30.1968168511145,0.000614082040768194
104536.255973924,30.1080695982562,0.000614743962132007
104537.255973924,30.0179917390252,0.000615398786347648
104538.255973924,29.9266059164996,0.000616046568882073
104539.255973924,29.8339340247683,0.000616687363292054
104540.255973924,29.7399972314597,0.000617321221298913
104541.255973924,29.6448159996737,0.00061794819286001
104542.255973924,29.5484101093172,0.000618568326237117
104543.255973924,29.4507986778465,0.000619181668061839
104544.255973924,29.3520001804219,0.000619788263398226
104545.255973924,29.2520324694785,0.000620388155802688
104546.255973924,29.1509127937218,0.00062098138738136
104547.255973924,29.0486578165546,0.000621567998845027
104548.255973924,28.9452836339447,0.000622148029561718
104549.255973924,28.840805791742,0.00062272151760709
104550.255973924,28.7352393024557,0.000623288499812691
104551.255973924,28.6285986615015,0.000623849011812214
104552.255973924,28.5208978629294,0.000624403088085817
104553.255973924,28.4121504146445,0.000624950762002617
104554.255973924,28.302369353131,0.000625492065861432
104555.255973924,28.1915672576913,0.000626027030929844
104556.255973924,28.0797562642119,0.000626555687481676
104557.255973924,27.9669480784694,0.000627078064832937
104558.255973924,27.8531539889862,0.000627594191376326
104559.255973924,27.7383848794492,0.000628104094614335
104560.255973924,27.6226512407026,0.000628607801191029
104561.255973924,27.5059631823273,0.000629105336922559
104562.255973924,27.3883304438191,0.000629596726826473
104563.255973924,27.2697624053752,0.000630081995149853
104564.255973924,27.1502680983006,0.000630561165396357
104565.255973924,27.0298562150478,0.000631034260352199
104566.255973924,26.9085351189006,0.000631501302111123
104567.255973924,26.7863128533105,0.000631962312098409
104568.255973924,26.6631971508949,0.000632417311093939
104569.255973924,26.5391954421112,0.000632866319254382
104570.255973924,26.4143148636205,0.000633309356134554
104571.255973924,26.2885622663442,0.000633746440707957
104572.255973924,26.1619442232179,0.000634177591386509
104573.255973924,26.0344670366587,0.00063460282603953
104574.255973924,25.9061367457664,0.000635022162012068
104575.255973924,25.7769591332622,0.000635435616142548
104576.255973924,25.6469397321488,0.000635843204779699
104577.255973924,25.5160838321051,0.000636244943798792
104578.255973924,25.3843964856614,0.00063664084861738
104579.255973924,25.2518825141748,0.000637030934210594
104580.255973924,25.1185465135497,0.000637415215125764
104581.255973924,24.9843928596669,0.000637793705496225
104582.255973924,24.8494257136122,0.000638166419054688
104583.255973924,24.7136490268298,0.000638533369146637
104584.255973924,24.577066546117,0.000638894568743383
104585.255973924,24.4396818182161,0.000639250030453803
104586.255973924,24.3014981940372,0.000639599766534988
104587.255973924,24.1625188329766,0.000639943788903617
104588.255973924,24.0227466985736,0.000640282109133493
104589.255973924,23.8821845835619,0.000640614738502687
104590.255973924,23.7408351031705,0.000640941687983316
104591.255973924,23.5987006933548,0.000641262968241495
104592.255973924,23.4557836154037,0.000641578589650024
104593.255973924,23.3120859618473,0.000641888562303549
104594.255973924,23.1676096603993,0.000642192896028279
104595.255973924,23.0223564759632,0.000642491600386303
104596.255973924,22.876328012617,0.000642784684680687
104597.255973924,22.7295257170141,0.000643072157966049
104598.255973924,22.5819508825295,0.00064335402906177
104599.255973924,22.4336046521372,0.000643630306560266
104600.255973924,22.2844880192205,0.000643900998827634
104601.255973924,22.1346018281059,0.000644166114003832
104602.255973924,21.9839467768034,0.000644425660011652
104603.255973924,21.8325234218288,0.000644679644573558
104604.255973924,21.6803321818613,0.000644928075223772
104605.255973924,21.5273733375456,0.00064517095930579
104606.255973924,21.3736470291822,0.000645408303962562
104607.255973924,21.2191532573568,0.000645640116138554
104608.255973924,21.0638918888987,0.000645866402602042
104609.255973924,20.9078626638458,0.000646087169970506
104610.255973924,20.7510651962239,0.000646302424712169
104611.255973924,20.5934989674323,0.000646512173120252
104612.255973924,20.4351632210369,0.000646716421835809
104613.255973924,20.2760572545907,0.00064691517665899
104614.255973924,20.1161801416216,0.000647108443050171
104615.255973924,19.9555308388391,0.000647296226532132
104616.255973924,19.7941082378588,0.00064747853196253
104617.255973924,19.6319110932001,0.000647655364937571
104618.255973924,19.4689379956559,0.000647826731087368
104619.255973924,19.3051873980049,0.000647992635686219
104620.255973924,19.1406576427191,0.000648153083725509
104621.255973924,18.9753469687972,0.000648308080063561
104622.255973924,18.8092535004464,0.000648457629461948
104623.255973924,18.6423752293662,0.000648601736533225
104624.255973924,18.4747097603705,0.000648740406093502
104625.255973924,18.3062550001617,0.000648873642451246
104626.255973924,18.137008600498,0.000649001449538352
104627.255973924,17.9669680757341,0.000649123831373719
104628.255973924,17.7961309801576,0.000649240791427634
104629.255973924,17.6244945994732,0.000649352333830643
104630.255973924,17.4520560083545,0.000649458462705635
104631.255973924,17.2788121637229,0.000649559181832298
104632.255973924,17.104759943442,0.000649654494760528
104633.255973924,16.9298958015352,0.000649744405310701
104634.255973924,16.7542166623018,0.000649828917021934
104635.255973924,16.577719137598,0.000649908032916147
104636.255973924,16.4003996411383,0.000649981755970425
104637.255973924,16.2222546821597,0.000650050088608687
104638.255973924,16.0432803944515,0.000650113033864369
104639.255973924,15.8634727067428,0.000650170594904665
104640.255973924,15.6828275018618,0.000650222774775008
104641.255973924,15.5013406099085,0.00065026957634007
104642.255973924,15.3190072296602,0.000650311002291917
104643.255973924,15.1358231410401,0.00065034705501816
104644.255973924,14.9517838032061,0.000650377736427029
104645.255973924,14.7668845045891,0.000650403048587614
104646.255973924,14.5811204196087,0.000650422993702907
104647.255973924,14.3944869510542,0.000650437573530932
104648.255973924,14.2069789923654,0.00065044679031897
104649.255973924,14.018591103269,0.000650450646112612
104650.255973924,13.8293176997716,0.000650449142439572
104651.255973924,13.6391531242402,0.000650442280539457
104652.255973924,13.4480909667099,0.000650430061433318
104653.255973924,13.256125529881,0.000650412485744169
104654.255973924,13.0632507192345,0.0006503895534496
104655.255973924,12.869460029872,0.000650361263925021
104656.255973924,12.6747466370519,0.000650327615991846
104657.255973924,12.4791040038991,0.000650288607944267
104658.255973924,12.2825248783665,0.000650244238282084
104659.255973924,12.0850017607269,0.000650194505794221
104660.255973924,11.8865272751553,0.000650139409687606
104661.255973924,11.6870941217368,0.000650078949373118
104662.255973924,11.4866938916294,0.000650013123191952
104663.255973924,11.2853190425443,0.000649941929174502
104664.255973924,11.0829615693392,0.000649865364499446
104665.255973924,10.8796132161705,0.000649783426511233
104666.255973924,10.6752656362598,0.000649696112966034
104667.255973924,10.4699104220208,0.000649603421949734
104668.255973924,10.2635390396235,0.000649505351581242
104669.255973924,10.0561427265495,0.000649401899636998
104670.255973924,9.84771241058972,0.000649293063269413
104671.255973924,9.63823868984319,0.000649178838948203
104672.255973924,9.42771260825517,0.000649059222581252
104673.255973924,9.21612410814669,0.000648934209756283
104674.255973924,9.00346278238637,0.000648803796307542
104675.255973924,8.78971850639614,0.000648667978994512
104676.255973924,8.57488143134979,0.000648526755437725
104677.255973924,8.35894023188944,0.000648380121680692
104678.255973924,8.14188453583164,0.0006482280728772
104679.255973924,7.92370328226476,0.000648070602587573
104680.255973924,7.70438492698774,0.000647907704010713
104681.255973924,7.48391773970051,0.000647739370638411
104682.255973924,7.26228997077545,0.000647565596594468
104683.255973924,7.03948986059727,0.000647386376579324
104684.255973924,6.81550552080435,0.000647201705431199
104685.255973924,6.59032475083122,0.000647011577480877
104686.255973924,6.36393487024838,0.000646815985970499
104687.255973924,6.13632263636719,0.000646614922778479
104688.255973924,5.90747534811889,0.00064640837877338
104689.255973924,5.67737839591477,0.000646196342909497
104690.255973924,5.44601677422065,0.000645978804696464
104691.255973924,5.21337623155673,0.000645755756177296
104692.255973924,4.97944323422994,0.000645527191714362
104693.255973924,4.7442020094689,0.000645293102474463
104694.255973924,4.50763733214426,0.000645053476005352
104695.255973924,4.26973296919666,0.000644808297848132
104696.255973924,4.03047211249674,0.000644557552693198
104697.255973924,3.78983814256653,0.000644301226954769
104698.255973924,3.54781440174979,0.000644039308751381
104699.255973924,3.30438427360212,0.000643771786429173
104700.255973924,3.05953080581629,0.000643498647946375
104701.255973924,2.81323639945498,0.000643219879882694
104702.255973924,2.56548260906096,0.000642935466703991
104703.255973924,2.31625008239157,0.000642645390532015
104704.255973924,2.06552037754585,0.000642349632668991
104705.255973924,1.81327197694671,0.000642048170237766
104706.255973924,1.55948270222464,0.000641740980606568
104707.255973924,1.30413151550632,0.000641428044929185
104708.255973924,1.04719862313777,0.000641109348400942
104709.255973924,0.788663813248071,0.000640784875176872
104710.255973924,0.528502159556167,0.000640454599857389
104711.255973924,0.266689837680927,0.000640118493548431
104712.255973924,0.0032018003119017,0.000639776524812005
104713.255973924,-0.261987396444635,0.00063942866302192
104714.255973924,-0.528902892083452,0.000639074880166143
104715.255973924,-0.797567075833336,0.000638715153660253
104716.255973924,-1.06800476868627,0.000638349459568232
104717.255973924,-1.3402429788937,0.000637977769425317
104718.255973924,-1.61431073831763,0.000637600047750443
104719.255973924,-1.89023925967046,0.000637216251357031
104720.255973924,-2.16806075665633,0.000636826334366487
104721.255973924,-2.4478097896449,0.000636430251108962
104722.255973924,-2.72951465141184,0.000636027968697409
104723.255973924,-3.0132039727932,0.000635619455098927
104724.255973924,-3.2989083303776,0.000635204674186087
104725.255973924,-3.58666076225423,0.000634783583233049
104726.255973924,-3.87649674293928,0.000634356132607071
104727.255973924,-4.16845060205487,0.000633922271402875
104728.255973924,-4.46256200162183,0.000633481939110922
104729.255973924,-4.75887199351256,0.000633035074335786
104730.255973924,-5.05742009490202,0.000632581621105693
104731.255973924,-5.35824423140019,0.000632121528671719
104732.255973924,-5.6613876522463,0.000631654737424407
104733.255973924,-5.96689071676599,0.000631181187041363
104734.255973924,-6.27479695453996,0.000630700808890021
104735.255973924,-6.58515264297806,0.000630213528166258
104736.255973924,-6.89800554115733,0.00062971926732868
104737.255973924,-7.21340584435971,0.00062921794498339
104738.255973924,-7.53139606600447,0.000628709493098343
104739.255973924,-7.85202523835945,0.000628193835525007
104740.255973924,-8.17534525794747,0.000627670892278444
104741.255973924,-8.50140920085136,0.000627140579392699
104742.255973924,-8.83027241829093,0.00062660280436136
104743.255973924,-9.1619935089309,0.000626057464301104
104744.255973924,-9.49663934925379,0.000625504440605694
104745.255973924,-9.83426721263314,0.000624943634095619
104746.255973924,-10.1749349972119,0.000624374946415486
104747.255973924,-10.5187022877091,0.000623798277253017
104748.255973924,-10.8656304229228,0.000623213522990977
104749.255973924,-11.2157827927062,0.000622620575057613
104750.255973924,-11.5692250931284,0.000622019318825567
104751.255973924,-11.926019201921,0.000621409644247244
104752.255973924,-12.2862366341287,0.000620791422189692
104753.255973924,-12.6499523891176,0.000620164515667586
104754.255973924,-13.017240955975,0.00061952878880782
104755.255973924,-13.3881756698188,0.000618884109542757
104756.255973924,-13.7628288139023,0.000618230350059254
104757.255973924,-14.1412719108439,0.000617567385901057
104758.255973924,-14.5235766047107,0.000616895092914348
104759.255973924,-14.9098160805247,0.000616213342408253
104760.255973924,-15.3000664387142,0.000615521996393359
104761.255973924,-15.6944073344302,0.000614820905188585
104762.255973924,-16.0929213694776,0.000614109909140775
104763.255973924,-16.4956920470124,0.00061338884507731
104764.255973924,-16.9027988941131,0.000612657561350801
104765.255973924,-17.31431345037,0.000611915932267949
104766.255973924,-17.7302987224655,0.000611163858629783
104767.255973924,-18.1508140074394,0.000610401250473348
104768.255973924,-18.5759312730337,0.000609627982997463
104769.255973924,-19.0057197775862,0.000608843921404144
104770.255973924,-19.4402503740147,0.000608048919722127
104771.255973924,-19.879592116008,0.000607242833437669
104772.255973924,-20.3238064696504,0.000606425534900688
104773.255973924,-20.7729472949218,0.000605596915066009
104774.255973924,-21.2270564908035,0.000604756888685496
104775.255973924,-21.6861728036112,0.000603905374402218
104776.255973924,-22.1503307904517,0.000603042292029825
104777.255973924,-22.6195615773799,0.00060216755548459
104778.255973924,-23.0938941736981,0.000601281066067804
104779.255973924,-23.5733542521165,0.000600382714348785
104780.255973924,-24.0579599521766,0.00059947239135321
104781.255973924,-24.5477166613278,0.000598550002600551
104782.255973924,-25.0426135607122,0.000597615475992741
104783.255973924,-25.5426240158168,0.000596668757029039
104784.255973924,-26.0477097736975,0.000595709791695879
104785.255973924,-26.5578261617401,0.000594738505941427
104786.255973924,-27.0729240111434,0.000593754795087355
104787.255973924,-27.5929457654807,0.000592758531415849
104788.255973924,-28.1178176307201,0.000591749584978945
104789.255973924,-28.6474429915767,0.000590727841782606
104790.255973924,-29.181701032267,0.000589693205806468
104791.255973924,-29.7204494096435,0.000588645586009897
104792.255973924,-30.2635263508558,0.000587584882329383
104793.255973924,-30.8107498773472,0.000586510982090316
104794.255973924,-31.3619166146407,0.000585423763266755
104795.255973924,-31.9168047658317,0.00058432309606843
104796.255973924,-32.4751792420446,0.000583208836605115
104797.255973924,-33.0367864182472,0.000582080834136019
104798.255973924,-33.6013347091262,0.000580938960308006
104799.255973924,-34.1684788719027,0.000579783140675143
104800.255973924,-34.7378364281307,0.000578613351365989
104801.255973924,-35.3090379760276,0.000577429571691755
104802.255973924,-35.8817192533263,0.000576231732130564
104803.255973924,-36.4555617707359,0.000575019750520301
104804.255973924,-37.030120606135,0.000573793618454989
104805.255973924,-37.6049544981219,0.000572553399132698
104806.255973924,-38.1796833882732,0.00057129917284931
104807.255973924,-38.7539334299845,0.000570031033064412
104808.255973924,-39.3273600967617,0.000568749069516537
104809.255973924,-39.8995971367336,0.000567453427100445
104810.255973924,-40.4703134696552,0.000566144284718355
104811.255973924,-41.0392283900209,0.000564821842505915
104812.255973924,-41.6061015249373,0.000563486321751487
104813.255973924,-42.1707404108985,0.000562137964131308
104814.255973924,-42.7330164380369,0.000560777028251947
104815.255973924,-43.2928633914579,0.000559403786457489
104816.255973924,-43.8502654867397,0.000558018522038453
104817.255973924,-44.40525829775,0.000556621525674594
104818.255973924,-44.9579411985089,0.00055521309152142
104819.255973924,-45.5084787270477,0.000553793514039996
104820.255973924,-46.0570848771912,0.000552363085381412
104821.255973924,-46.6040099999348,0.000550922092395286
104822.255973924,-47.1495433828574,0.000549470813527629
104823.255973924,-47.6940172965415,0.000548009516878206
104824.255973924,-48.2377915891478,0.000546538460407912
104825.255973924,-48.7812355433668,0.000545057889751968
104826.255973924,-49.3247167566846,0.000543568035062901
104827.255973924,-49.8686063791013,0.000542069112065257
104828.255973924,-50.4132724734997,0.000540561324620054
104829.255973924,-50.9590423245819,0.000539044866979544
104830.255973924,-51.5061833421273,0.000537519919683516
104831.255973924,-52.0549254535158,0.000535986652206302
104832.255973924,-52.6054499039473,0.000534445226330366
104833.255973924,-53.1578634214341,0.000532895799780011
104834.255973924,-53.7121858806409,0.000531338526998316
104835.255973924,-54.2683492523388,0.000529773559900838
104836.255973924,-54.8261941035508,0.000528201051442649
104837.255973924,-55.3854649923904,0.000526621155234551
104838.255973924,-55.9458107899828,0.000525034036584125
104839.255973924,-56.506781621131,0.00052343986702448
104840.255973924,-57.0678304080097,0.000521838840162413
104841.255973924,-57.6283259264028,0.000520231156665377
104842.255973924,-58.1875650041986,0.000518617024340055
104843.255973924,-58.744779495776,0.000516996674156782
104844.255973924,-59.2991477759037,0.00051537035830063
104845.255973924,-59.8498131682166,0.000513738336368835
104845.605492013,-60.0412239071797,0.000513166679091886
104845.955010102,-60.2319775904625,0.000512594522720013
104846.304528191,-60.4220295768787,0.000512021904241143
104846.65404628,-60.6113481226086,0.00051144882268401
104847.003564369,-60.7999053273798,0.000510875263996732
104847.87741746,-61.2677438559969,0.000509439096109164
104848.751270552,-61.7301503922728,0.00050799980575559
104849.625123643,-62.1866312427214,0.000506557430084429
104850.498976734,-62.6366716813074,0.000505112086705873
104851.498976734,-63.1431688305922,0.00050345466659386
104852.498976734,-63.6398666201891,0.000501793884361297
104853.498976734,-64.1260502247364,0.000500130093023188
104854.498976734,-64.6010767222001,0.000498463659934788
104855.498976734,-65.0643746953797,0.000496794967814139
104856.498976734,-65.5154418526757,0.000495124405662689
104857.498976734,-65.95384779004,0.000493452361608209
104858.498976734,-66.3792273948657,0.000491779229084718
104859.498976734,-66.7912878293488,0.000490105397136729
104860.498976734,-67.1898017539536,0.000488431252876559
104861.498976734,-67.5746126941014,0.000486757175774736
104862.498976734,-67.945624347693,0.000485083539125332
104863.498976734,-68.3028070944401,0.000483410707193277
104864.498976734,-68.6461814563895,0.000481739034831171
104865.498976734,-68.9758264501399,0.000480068867590821
104866.498976734,-69.2918706493269,0.000478400538273605
104867.498976734,-69.5944892207607,0.000476734368128023
104868.498976734,-69.8838923772431,0.000475070667124436
104869.498976734,-70.1603310119452,0.000473409731834203
104870.498976734,-70.4240828127257,0.000471751846836043
104871.498976734,-70.6754533190125,0.000470097282465824
104872.498976734,-70.9147683675307,0.000468446296550249
104873.498976734,-71.1423788973015,0.00046679913378786
104874.498976734,-71.3586479117449,0.000465156026450715
104875.498976734,-71.5639481204782,0.000463517193011174
104876.498976734,-71.7586598654939,0.000461882840175992
104877.498976734,-71.9431698975209,0.000460253161224946
104878.498976734,-72.117867964253,0.000458628339550107
104879.498976734,-72.2831443481736,0.000457008545232924
104880.498976734,-72.4393851832172,0.000455393936776313
104881.498976734,-72.5869740548881,0.000453784662439176
104882.498976734,-72.7262849584914,0.000452180859273136
104883.498976734,-72.8577223012107,0.00045058266389215
104884.498976734,-72.9816294374738,0.000448990189079725
104885.498976734,-73.0983481197102,0.000447403543464163
104886.498976734,-73.208214470875,0.00044582282316962
104887.498976734,-73.3115572022791,0.000444248118939512
104888.498976734,-73.4086956585801,0.000442679514517014
104889.498976734,-73.4999136592682,0.000441117080639621
104890.498976734,-73.5855145517082,0.000439560888637748
104891.498976734,-73.6657985025307,0.00043801100492317
104892.498976734,-73.7410465480754,0.000436467487486619
104893.498976734,-73.8115209643794,0.000434930386499369
104894.498976734,-73.8774702909317,0.00043339974596582
104895.498976734,-73.939132171344,0.000431875604735588
104896.498976734,-73.9967338325493,0.000430357996867235
104897.498976734,-74.0504918807891,0.000428846951796511
104898.498976734,-74.1006123265125,0.000427342494551748
104899.498976734,-74.1472908976506,0.000425844646028692
104900.498976734,-74.1907134518542,0.000424353423272211
104901.498976734,-74.2310563765907,0.000422868839736561
104902.498976734,-74.2684869644197,0.000421390905523417
104903.498976734,-74.3031637811598,0.000419919627604509
104904.498976734,-74.3352370364335,0.000418455010032756
104905.498976734,-74.3648489550105,0.00041699705414254
104906.498976734,-74.3921341441677,0.000415545758738852
104907.498976734,-74.4172199536735,0.000414101120275372
104908.498976734,-74.4402268267306,0.000412663133021984
104909.498976734,-74.4612686409761,0.000411231789222276
104910.498976734,-74.4804530388074,0.000409807079241588
104911.498976734,-74.4978817463756,0.000408388991706076
104912.498976734,-74.5136508807402,0.000406977513633264
104913.498976734,-74.5278512448644,0.00040557263055453
104914.498976734,-74.5405686102966,0.000404174326629961
104915.498976734,-74.5518839875154,0.000402782584756017
104916.498976734,-74.5618738840139,0.000401397386666405
104917.498976734,-74.5706105502857,0.000400018713026554
104918.498976734,-74.5781622139373,0.000398646543522074
104919.498976734,-74.5845933022126,0.000397280856941539
104920.498976734,-74.589964653252,0.000395921631253957
104921.498976734,-74.5943337164474,0.000394568843681225
104922.498976734,-74.5977547422734,0.00039322247076589
104923.498976734,-74.6002789619946,0.000391882488434499
104924.498976734,-74.6019547576586,0.000390548872056809
104925.498976734,-74.6028278227872,0.000389221596501119
104926.498976734,-74.6029413141827,0.00038790063618596
104927.498976734,-74.6023359952604,0.000386585965128381
104928.498976734,-74.601050371313,0.000385277556989034
104929.498976734,-74.5991208171071,0.000383975385114272
104930.498976734,-74.5965816971975,0.000382679422575441
104931.498976734,-74.5934654793381,0.000381389642205546
104932.498976734,-74.5898028413526,0.000380106016633462
104933.498976734,-74.585622771817,0.00037882851831584
104934.498976734,-74.5809526648904,0.000377557119566865
104935.498976734,-74.5758184096182,0.000376291792585989
104936.498976734,-74.570244474016,0.000375032509483782
104937.498976734,-74.5642539842305,0.00037377924230601
104938.498976734,-74.5578687990566,0.000372531963056067
104939.498976734,-74.5511095800794,0.000371290643715844
104940.498976734,-74.5439958576942,0.000370055256265158
104941.498976734,-74.5365460932447,0.000368825772699817
104942.498976734,-74.5287777375079,0.000367602165048414
104943.498976734,-74.5207072857414,0.000366384405387927
104944.498976734,-74.5123503294953,0.000365172465858201
104945.498976734,-74.5037216053844,0.000363966318675388
104946.498976734,-74.4948350409989,0.000362765936144397
104947.498976734,-74.4857037981275,0.000361571290670431
104948.498976734,-74.4763403134531,0.000360382354769656
104949.498976734,-74.4667563368742,0.000359199101079065
104950.498976734,-74.4569629675945,0.000358021502365573
104951.498976734,-74.4469706881164,0.00035684953153441
104952.498976734,-74.4367893962646,0.000355683161636832
104953.498976734,-74.4264284353597,0.00035452236587721
104954.498976734,-74.415896622654,0.000353367117619524
104955.498976734,-74.4052022761353,0.000352217390393296
104956.498976734,-74.3943532397968,0.000351073157899007
104957.498976734,-74.3833569074679,0.000349934394013015
104958.498976734,-74.3722202452923,0.000348801072792006
104959.498976734,-74.3609498129366,0.000347673168477013
104960.498976734,-74.3495517836053,0.000346550655497013
104961.498976734,-74.3380319629371,0.000345433508472147
104962.498976734,-74.3263958068475,0.000344321702216556
104963.498976734,-74.3146484383853,0.000343215211740877
104964.498976734,-74.30279466366,0.000342114012254416
104965.498976734,-74.2908389868984,0.000341018079166992
104966.498976734,-74.2787856246829,0.000339927388090505
104967.498976734,-74.2666385194208,0.000338841914840211
104968.498976734,-74.2544013520924,0.000337761635435741
104969.498976734,-74.2420775543205,0.00033668652610186
104970.498976734,-74.2296703198031,0.000335616563268994
104971.498976734,-74.2171826151482,0.00033455172357353
104972.498976734,-74.2046171901463,0.000333491983857896
104973.498976734,-74.1919765875153,0.000332437321170437
104974.498976734,-74.1792631521492,0.000331387712765102
104975.498976734,-74.1664790399012,0.000330343136100941
104976.498976734,-74.153626225928,0.000329303568841419
104977.498976734,-74.1407065126241,0.000328268988853577
104978.498976734,-74.1277215371681,0.000327239374207018
104979.498976734,-74.114672778706,0.000326214703172747
104980.498976734,-74.1015615651925,0.000325194954221868
104981.498976734,-74.0883890799117,0.000324180106024136
104982.498976734,-74.0751563676939,0.000323170137446385
104983.498976734,-74.0618643408497,0.00032216502755082
104984.498976734,-74.0485137848356,0.000321164755593204
104985.498976734,-74.0351053636671,0.00032016930102092
104986.498976734,-74.0216396250957,0.00031917864347093
104987.498976734,-74.0081170055609,0.000318192762767634
104988.498976734,-73.9945378349323,0.000317211638920628
104989.498976734,-73.9809023410519,0.000316235252122381
104990.498976734,-73.9672106540892,0.000315263582745814
104991.498976734,-73.9534628107183,0.000314296611341806
104992.498976734,-73.9396587581272,0.000313334318636629
104993.498976734,-73.9257983578683,0.000312376685529302
104994.498976734,-73.911881389558,0.000311423693088892
104995.498976734,-73.8979075544337,0.000310475322551748
104996.498976734,-73.8838764787744,0.00030953155531868
104997.498976734,-73.8697877171926,0.000308592372952097
104998.498976734,-73.8556407558028,0.000307657757173086
104999.498976734,-73.8414350152721,0.000306727689858469
105000.498976734,-73.8271698537587,0.000305802153037809
105001.498976734,-73.8128445697422,0.000304881128890395
105002.498976734,-73.7984584047507,0.000303964599742202
105003.498976734,-73.7840105459884,0.000303052548062829
105004.498976734,-73.7695001288662,0.000302144956462426
105005.498976734,-73.7549262394405,0.000301241807688602
105006.498976734,-73.7402879167613,0.000300343084623344
105007.498976734,-73.7255841551331,0.000299448770279919
105008.498976734,-73.7108139062908,0.000298558847799794
105009.498976734,-73.695976081492,0.00029767330044956
105010.498976734,-73.6810695535285,0.000296792111617871
105011.498976734,-73.6660931586579,0.000295915264812408
105012.498976734,-73.6510456984572,0.000295042743656861
105013.498976734,-73.6359259415983,0.000294174531887942
105014.498976734,-73.6207326255484,0.000293310613352439
105015.498976734,-73.6054644581943,0.000292450972004296
105016.498976734,-73.5901201193927,0.000291595591901751
105017.498976734,-73.5746982624455,0.000290744457204513
105018.498976734,-73.5591975155022,0.000289897552170988
105019.498976734,-73.5436164828888,0.000289054861155574
105020.498976734,-73.527953746363,0.000288216368606007
105021.498976734,-73.5122078662972,0.000287382059060775
105022.498976734,-73.4963773827878,0.000286551917146601
105023.498976734,-73.480460816692,0.000285725927575997
105024.498976734,-73.4644566705915,0.0002849040751449
105025.498976734,-73.4483634296828,0.000284086344730383
105026.498976734,-73.4321795625946,0.000283272721288447
105027.498976734,-73.4159035221315,0.000282463189851912
105028.498976734,-73.3995337459438,0.000281657735528381
105029.498976734,-73.3830686571242,0.00028085634349831
105030.498976734,-73.3665066647294,0.000280058999013169
105031.498976734,-73.3498461642281,0.000279265687393697
105032.498976734,-73.3330855378739,0.000278476394028266
105033.498976734,-73.3162231550039,0.000277691104371338
105034.498976734,-73.2992573722618,0.000276909803942034
105035.498976734,-73.2821865337461,0.000276132478322807
105036.498976734,-73.2650089710827,0.000275359113158221
105037.498976734,-73.2477230034214,0.000274589694153839
105038.498976734,-73.2303269373577,0.000273824207075227
105039.498976734,-73.2128190667776,0.000273062637747064
105040.498976734,-73.1951976726264,0.000272304972052366
105041.498976734,-73.177461022602,0.000271551195931827
105042.498976734,-73.1596073707708,0.000270801295383263
105043.498976734,-73.1416349571077,0.000270055256461184
105044.498976734,-73.1235420069593,0.000269313065276473
105045.498976734,-73.1053267304308,0.000268574707996174
105046.498976734,-73.0869873216948,0.000267840170843406
105047.498976734,-73.068521958225,0.000267109440097381
105048.498976734,-73.0499287999511,0.000266382502093538
105049.498976734,-73.0312059883377,0.000265659343223795
105050.498976734,-73.0123516453848,0.000264939949936905
105051.498976734,-72.9933638725519,0.000264224308738927
105052.498976734,-72.9742407496028,0.000263512406193812
105053.498976734,-72.9549803333738,0.000262804228924092
105054.498976734,-72.9355806564621,0.00026209976361168
105055.498976734,-72.9160397258365,0.00026139899699878
105056.498976734,-72.896355521368,0.000260701915888903
105057.498976734,-72.8765259942812,0.000260008507147984
105058.498976734,-72.8565490655246,0.000259318757705611
105059.498976734,-72.8364226240602,0.000258632654556349
105060.498976734,-72.8161445250712,0.000257950184761176
105061.498976734,-72.7957125880862,0.000257271335449011
105062.498976734,-72.7751245950199,0.000256596093818346
105063.498976734,-72.7543782881283,0.000255924447138976
105064.498976734,-72.7334713678776,0.000255256382753832
105065.498976734,-72.7124014907244,0.000254591888080902
105066.498976734,-72.6911662668065,0.000253930950615255
105067.498976734,-72.6697632575419,0.00025327355793116
105068.498976734,-72.648189973134,0.000252619697684298
105069.498976734,-72.6264438699799,0.00025196935761407
105070.498976734,-72.6045223479813,0.000251322525545998
105071.498976734,-72.5824227477526,0.000250679189394226
105072.498976734,-72.5601423477247,0.000250039337164104
105073.498976734,-72.5376783611413,0.000249402956954877
105074.498976734,-72.5150279329427,0.000248770036962466
105075.498976734,-72.4921881365346,0.00024814056548234
105076.498976734,-72.4691559704367,0.000247514530912491
105077.498976734,-72.4459283548062,0.0002468919217565
105078.498976734,-72.4225021278321,0.000246272726626709
105079.498976734,-72.3988740419939,0.000245656934247487
105080.498976734,-72.3750407601789,0.000245044533458602
105081.498976734,-72.3509988516527,0.000244435513218694
105082.498976734,-72.326744787874,0.000243829862608863
105083.498976734,-72.3022749381484,0.000243227570836355
105084.498976734,-72.2775855651117,0.000242628627238375
105085.498976734,-72.2526728200356,0.000242033021286002
105086.498976734,-72.2275327379444,0.000241440742588242
105087.498976734,-72.2021612325353,0.000240851780896188
105088.498976734,-72.1765540908901,0.000240266126107326
105089.498976734,-72.1507069679673,0.000239683768269967
105090.498976734,-72.1246153808623,0.000239104697587826
105091.498976734,-72.0982747028233,0.000238528904424743
105092.498976734,-72.0716801570081,0.000237956379309568
105093.498976734,-72.0448268099668,0.000237387112941197
105094.498976734,-72.017709564835,0.000236821096193786
105095.498976734,-71.9903231542193,0.000236258320122145
105096.498976734,-71.9626621327574,0.000235698775967316
105097.498976734,-71.9347208693328,0.000235142455162353
105098.498976734,-71.9064935389214,0.000234589349338311
105099.498976734,-71.8779741140504,0.000234039450330457
105100.498976734,-71.8491563558406,0.000233492750184719
105101.498976734,-71.8200338046104,0.000232949241164374
105102.498976734,-71.7905997700087,0.000232408915757011
105103.498976734,-71.7608473206503,0.000231871766681766
105104.498976734,-71.7307692732186,0.000231337786896853
105105.498976734,-71.7003581810008,0.000230806969607408
105106.498976734,-71.6696063218193,0.000230279308273674
105107.498976734,-71.6385056853163,0.000229754796619533
105108.498976734,-71.6070479595494,0.000229233428641415
105109.498976734,-71.5752245168504,0.000228715198617618
105110.498976734,-71.5430263988957,0.00022820010111804
105111.498976734,-71.5104443009339,0.000227688131014387
105112.498976734,-71.4774685551107,0.000227179283490844
105113.498976734,-71.4440891128262,0.000226673554055284
105114.498976734,-71.4102955260554,0.000226170938551019
105115.498976734,-71.3760769275564,0.000225671433169145
105116.498976734,-71.3414220098837,0.000225175034461519
105117.498976734,-71.3063190031183,0.000224681739354409
105118.498976734,-71.2707556512175,0.000224191545162869
105119.498976734,-71.2347191868801,0.000223704449605889
105120.498976734,-71.1981963048123,0.000223220450822365
105121.498976734,-71.1611731332693,0.000222739547387969
105122.498976734,-71.1236352037385,0.000222261738332965
105123.498976734,-71.0855674186147,0.000221787023161048
105124.498976734,-71.0469540167058,0.000221315401869287
105125.498976734,-71.007778536393,0.000220846874969242
105126.498976734,-70.9680237762502,0.000220381443509363
105127.498976734,-70.9276717529115,0.000219919109098746
105128.498976734,-70.8867036559523,0.000219459873932376
105129.498976734,-70.845099799529,0.000219003740817957
105130.498976734,-70.8028395704938,0.000218550713204457
105131.498976734,-70.7599013726759,0.000218100795212516
105132.498976734,-70.7162625669838,0.000217653991666861
105133.498976734,-70.6718994069526,0.000217210308130897
105134.498976734,-70.626786969315,0.000216769750943648
105135.498976734,-70.5808990791342,0.00021633232725927
105136.498976734,-70.5342082289823,0.000215898045089327
105137.498976734,-70.4866854915924,0.000215466913348098
105138.498976734,-70.4383004253484,0.000215038941901167
105139.498976734,-70.3890209719021,0.000214614141617604
105140.498976734,-70.3388133451258,0.000214192524426048
105141.498976734,-70.2876419105135,0.000213774103375076
105142.498976734,-70.2354690540384,0.000213358892698243
105143.498976734,-70.1822550393519,0.000212946907884247
105144.498976734,-70.1279578520708,0.000212538165752728
105145.498976734,-70.0725330297393,0.000212132684536232
105146.498976734,-70.0159334758734,0.000211730483968999
105147.498976734,-69.9581092562809,0.000211331585383232
105148.498976734,-69.8990073756128,0.000210936011813663
105149.498976734,-69.838571531821,0.000210543788111276
105150.498976734,-69.7767418458741,0.000210154941067181
105151.498976734,-69.7134545637074,0.000209769499547766
105152.498976734,-69.6486417269466,0.000209387494642381
105153.498976734,-69.5822308084338,0.000209008959825008
105154.498976734,-69.5141443079837,0.00020863393113153
105155.498976734,-69.4442993030984,0.000208262447354486
105156.498976734,-69.3726069485341,0.000207894550257419
105157.498976734,-69.2989719176362,0.000207530284811282
105158.498976734,-69.2232917771898,0.000207169699455688
105159.498976734,-69.1454562861437,0.000206812846388259
105160.498976734,-69.0653466069047,0.000206459781885807
105161.498976734,-68.9828344158974,0.0002061105666617
105162.498976734,-68.8977808976785,0.000205765266264466
105163.498976734,-68.8100356039689,0.000205423951523557
105164.498976734,-68.7194351554129,0.000205086699049206
105165.498976734,-68.6258017595209,0.000204753591794538
105166.498976734,-68.5289415128973,0.000204424719689618
105167.498976734,-68.428642449241,0.000204100180358884
105168.498976734,-68.324672286371,0.000203780079935678
105169.498976734,-68.2167758152367,0.00020346453399028
105170.498976734,-68.1046718609024,0.000203153668591239
105171.498976734,-67.9880497290676,0.000202847621523976
105172.498976734,-67.8665650307006,0.000202546543695883
105173.498976734,-67.7398347503763,0.000202250600763756
105174.498976734,-67.607431388915,0.000201959975027805
105175.498976734,-67.4688759651451,0.000201674867647236
105176.498976734,-67.3236296011967,0.000201395501246249
105177.498976734,-67.1710833351998,0.000201122122997418
105178.498976734,-67.010545696775,0.000200855008293123
105179.498976734,-66.8412274329069,0.000200594465147298
105180.498976734,-66.6622225679682,0.000200340839512153
105181.498976734,-66.4724846968391,0.00020009452175216
105182.498976734,-66.270797006349,0.000199855954597063
105183.498976734,-66.0557339390583,0.0001996256430066
105184.498976734,-65.825611562373,0.000199404166537258
105185.498976734,-65.578422436578,0.000199192195028875
105186.498976734,-65.3117488428917,0.000198990508763799
105187.498976734,-65.0226452237861,0.000198800024754703
105188.498976734,-64.7074758846969,0.000198621831591639
105189.498976734,-64.361686122707,0.000198457236502552
105190.498976734,-63.9794715989186,0.000198307830272807
105191.498976734,-63.553287361043,0.0001981755790219
105192.498976734,-63.073095202704,0.000198062957704053
105193.498976734,-62.5251664733096,0.00019797315094702
105194.498976734,-61.8900933783758,0.0001979103676016
105195.498976734,-61.1368362849846,0.000197880587449996
105196.498976734,-60.2170857748529,0.000197892364451265
105197.498976734,-59.0521562688261,0.000197958437610921
105198.248866302,-57.9356085476015,0.000198055565265861
105198.872220216,-56.761622938236,0.000198178663172763
105199.38580303,-55.5395378235517,0.000198319223916347
105199.809564374,-54.2712319907341,0.000198471254710403
105200.233325718,-52.6448509341192,0.000198668592455824
105200.5365852,-51.1545838057254,0.000198848348674891
105200.785579081,-49.6327512002841,0.000199029607977533
105201.034572963,-47.7299746012101,0.000199253673389587
105201.224261689,-45.9336109633419,0.000199464679779302
105201.413950414,-43.7431633621627,0.000199726221646657
105201.565824036,-41.6426503863638,0.000199987621381962
105201.717697657,-39.1971109817558,0.000200316461919523
105201.869571278,-36.4160156413181,0.000200743925146924
105202.0214449,-33.3833638221381,0.000201316830215398
105202.173318521,-30.2643652725358,0.000202099667056378
105202.294952261,-27.841432682509,0.000202930265315195
105202.416586001,-25.5678100922575,0.000203984307258361
105202.538219741,-23.4629838582668,0.000205291562230247
105202.659853481,-21.4970836415433,0.000206867977071937
105202.781487221,-19.6167089488888,0.000208715296256536
105202.90312096,-17.771152776986,0.000210823715402112
105203.0247547,-15.9229013963899,0.000213174180406311
105203.14638844,-14.0496369785256,0.00021574005242637
105203.280257477,-11.9494470360964,0.00021877274497103
105203.378662338,-10.3805469014063,0.000221113353266761
105203.477067199,-8.79830796931701,0.000223523023027792
105203.558819313,-7.48055560058385,0.000225560788292096
105203.640571427,-6.1667255532995,0.000227616908635459
105203.722323541,-4.86348743256292,0.000229678500960041
105203.804075655,-3.5774494702985,0.000231733364403564
105203.885827769,-2.31488842826038,0.00023377024963013
105203.981835018,-0.869832293376061,0.000236125772876274
105204.077842268,0.527051709060597,0.000238428659278641
105204.173849517,1.86948611423125,0.00024066776279387
105204.269856767,3.15288369145752,0.000242834727993108
105204.365864016,4.37424563353547,0.000244923835848764
105204.461871266,5.53204432897346,0.000246931816170422
105204.614413485,7.24058038988412,0.000249953142469744
105204.766955703,8.79258245807048,0.000252771935044462
105204.919497922,10.1971334509806,0.000255401252250889
105205.072040141,11.4659702918168,0.000257859091948288
105205.224582359,12.6118307447568,0.000260165540156325
105205.377124578,13.6473377682531,0.000262340847447399
105205.579109994,14.8683910123652,0.000265051256874516
105205.745788283,15.7627426617788,0.000267167129590486
105205.912466571,16.5666266055342,0.000269192826496417
105206.079144859,17.2891744787279,0.00027114253344618
105206.245823148,17.9379562193119,0.000273027604982833
105206.412501436,18.5192930279186,0.000274857021393005
105206.579179725,19.0385387973746,0.000276637820748184
105206.747660113,19.5050228300392,0.000278394125925488
105206.873164976,19.8168942132536,0.00027967659324642
105206.998669839,20.1001852593563,0.000280938835792601
105207.124174702,20.3564568887475,0.000282182276506258
105207.249679566,20.5871953868146,0.000283408165395547
105207.375184429,20.7938203235284,0.000284617626427968
105207.500689292,20.9777098262789,0.000285811689361101
105207.633322341,21.1488335709861,0.00028705788568984
105207.76595539,21.2976266670826,0.000288288974171063
105207.89858844,21.4255651725779,0.000289505901443623
105208.031221489,21.5340722038432,0.000290709543241683
105208.163854538,21.6245470492177,0.000291900713573818
105208.296487587,21.6983020575239,0.000293080166260988
105208.538348161,21.7939837001143,0.000295203025680188
105208.780208736,21.8456048661505,0.000297292989606697
105209.02206931,21.8597560102017,0.000299353310632433
105209.263929884,21.842386027259,0.000301386776099248
105209.505790459,21.798823355088,0.000303395758155514
105209.747651033,21.7338008585794,0.000305382259423921
105210.083960522,21.6154696069015,0.000308110262290743
105210.420270011,21.4732095389583,0.000310801652189549
105210.7565795,21.3148606186984,0.00031345921563817
105211.092888988,21.146776185445,0.000316085076809893
105211.429198477,20.9740469295591,0.000318680842157798
105211.765507966,20.800699873087,0.000321247716262179
105212.254843661,20.5537213281338,0.000324932790343562
105212.744179355,20.3189496064699,0.000328560534697194
105213.23351505,20.1008460432594,0.000332132268969067
105213.722850745,19.9021166103655,0.000335649008004399
105214.212186439,19.7241996261348,0.000339111616074981
105214.701522134,19.567604664301,0.000342520885690816
105215.570741521,19.34153468606,0.000348447820469565
105216.439960907,19.1780762695245,0.000354213544005495
105217.309180294,19.0710690667538,0.000359823224652573
105218.17839968,19.0142686046534,0.000365282664418964
105219.047619067,19.0016922876808,0.000370597831193237
105219.916838454,19.0275266764102,0.000375774430214564
105220.916838454,19.0977323715281,0.000381565442964587
105221.916838454,19.2041959773928,0.000387187994065388
105222.916838454,19.3408037080022,0.000392649511812752
105223.916838454,19.5026805884282,0.0003979569002088
105224.916838454,19.6857924050265,0.000403116410893397
105225.916838454,19.8866407917386,0.000408133640666243
105226.916838454,20.1022429768294,0.000413013647780207
105227.916838454,20.3300911753993,0.000417761137862008
105228.916838454,20.5681511094853,0.000422380587054349
105229.916838454,20.8147487498763,0.00042687617619006
105230.916838454,21.0684621995763,0.000431251782188937
105231.916838454,21.3280563886652,0.000435511030519398
105232.916838454,21.592448072856,0.000439657359744663
105233.916838454,21.8606830997104,0.000443694067653083
105234.916838454,22.1319171472253,0.000447624336966572
105235.916838454,22.4053976695607,0.000451451250247684
105236.916838454,22.6804474056683,0.000455177801211383
105237.916838454,22.956450568952,0.000458806904729251
105238.916838454,23.23284240415,0.000462341405476251
105239.916838454,23.5091017774107,0.000465784084808014
105240.916838454,23.7847516035121,0.000469137671472116
105241.916838454,24.0593433698599,0.000472404833440053
105242.916838454,24.3324533578894,0.000475588178071107
105243.916838454,24.6036865764975,0.000478690262934185
105244.916838454,24.8726771640251,0.000481713600529263
105245.916838454,25.1390843827313,0.000484660653326834
105246.916838454,25.4025888441872,0.000487533828781042
105247.916838454,25.6628908962687,0.000490335479494862
105248.916838454,25.9197102192456,0.000493067905216521
105249.916838454,26.1727856590062,0.000495733353022829
105250.916838454,26.4218749416469,0.000498334015956802
105251.916838454,26.6667540419962,0.00050087203178246
105252.916838454,26.9072162896988,0.000503349482367054
105253.916838454,27.1430716324511,0.000505768393474769
105254.916838454,27.3741463522769,0.000508130734699851
105255.916838454,27.600282880054,0.000510438419556413
105256.916838454,27.8213398285444,0.000512693302103547
105257.916838454,28.0371887418801,0.000514897182637734
105258.916838454,28.2477176334557,0.000517051807802772
105259.916838454,28.452829875378,0.000519158869696679
105260.916838454,28.6524425236332,0.000521220004123156
105261.916838454,28.8464851133514,0.000523236791154148
105262.916838454,29.0348997127842,0.00052521075656767
105263.916838454,29.2176400378451,0.000527143373837769
105264.916838454,29.3946727889795,0.000529036065968888
105265.916838454,29.5659740547629,0.000530890202069911
105266.916838454,29.7315318918919,0.000532707103697455
105267.916838454,29.8913428919642,0.000534488041765939
105268.916838454,30.0454137545054,0.000536234241343795
105269.916838454,30.1937597839493,0.00053794687925426
105270.916838454,30.3364052146672,0.000539627089749778
105271.916838454,30.4733806172039,0.000541275960971007
105272.916838454,30.6047234933592,0.000542894538985846
105273.916838454,30.7304788063515,0.00054448382828743
105274.916838454,30.8506980973319,0.000546044794173448
105275.916838454,30.9654374271797,0.000547578363131504
105276.916838454,31.0747565858995,0.000549085422868398
105277.916838454,31.1787203085343,0.000550566824496678
105278.916838454,31.2773988761148,0.000552023384762751
105279.916838454,31.3708666445045,0.000553455890096573
105280.916838454,31.4591995033416,0.00055486509277376
105281.916838454,31.5424744217005,0.000556251711197798
105282.916838454,31.6207715773907,0.000557616433497006
105283.916838454,31.6941756530658,0.000558959921466798
105284.916838454,31.7627715994504,0.000560282810566579
105285.916838454,31.8266526296261,0.000561585760762876
105286.916838454,31.8859035333421,0.000562869323272891
105287.916838454,31.9406103447696,0.000564134034632482
105288.916838454,31.990860255111,0.000565380421139605
105289.916838454,32.036733968616,0.000566608953370456
105290.916838454,32.0783190735362,0.000567820128457313
105291.916838454,32.1157046636639,0.000569014437505465
105292.916838454,32.1489835449143,0.000570192340254671
105293.916838454,32.1782459815234,0.000571354272713718
105294.916838454,32.2035864172367,0.000572500682966471
105295.916838454,32.2250854242777,0.000573631940746189
105296.916838454,32.2428247512331,0.000574748408313722
105297.916838454,32.2568872529649,0.000575850442259059
105298.916838454,32.2673485854361,0.000576938360417544
105299.916838454,32.274291502492,0.00057801250170002
105300.916838454,32.2778000194447,0.000579073200912941
105301.916838454,32.2779551341656,0.000580120771539547
105302.916838454,32.2748346835959,0.000581155506607895
105303.916838454,32.2685145060373,0.000582177685045535
105304.916838454,32.259068972578,0.000583187574254611
105305.916838454,32.2465710749367,0.000584185431163522
105306.916838454,32.2310922937233,0.000585171502452287
105307.916838454,32.2127024933057,0.000586146024683272
105308.916838454,32.1914699084338,0.000587109224661233
105309.916838454,32.1674611655716,0.000588061319924852
105310.916838454,32.1407412908794,0.0005890025192035
105311.916838454,32.1113737051222,0.000589933022780741
105312.916838454,32.0794202217696,0.00059085302288091
105313.916838454,32.0449410564507,0.000591762704018596
105314.916838454,32.0079948433421,0.000592662243323093
105315.916838454,31.9686386517645,0.000593551810859379
105316.916838454,31.9269280022822,0.000594431569944738
105317.916838454,31.8829168852689,0.00059530167744945
105318.916838454,31.8366577831325,0.000596162284077591
105319.916838454,31.7882016947446,0.000597013534632797
105320.916838454,31.7375981605746,0.000597855568273781
105321.916838454,31.6848952884552,0.000598688518759961
105322.916838454,31.6301397805237,0.000599512514685555
105323.916838454,31.5733769613766,0.000600327679701868
105324.916838454,31.5146508069574,0.000601134132728996
105325.916838454,31.4540039737863,0.000601931988158144
105326.916838454,31.3914778284669,0.000602721356044957
105327.916838454,31.327112477506,0.000603502342293929
105328.916838454,31.2609467973606,0.000604275048834164
105329.916838454,31.1930184645341,0.000605039573787012
105330.916838454,31.1233639855871,0.000605796011626095
105331.916838454,31.052018727004,0.00060654445333007
105332.916838454,30.9790169448795,0.000607284986528417
105333.916838454,30.9043918143574,0.000608017695640555
105334.916838454,30.8281754587508,0.000608742662008623
105335.916838454,30.7503989782853,0.000609459964024252
105336.916838454,30.6710924784269,0.000610169677249617
105337.916838454,30.5902850977661,0.000610871874533018
105338.916838454,30.5080050354231,0.000611566626119267
105339.916838454,30.4242795779445,0.000612253999755109
105340.916838454,30.3391351256656,0.00061293406078994
105341.916838454,30.2525972185222,0.000613606872272025
105342.916838454,30.164690561298,0.000614272495040449
105343.916838454,30.0754390482957,0.000614930987812995
105344.916838454,29.9848657874191,0.000615582407270125
105345.916838454,29.8929931236633,0.000616226808135281
105346.916838454,29.7998426620115,0.000616864243251678
105347.916838454,29.7054352897299,0.000617494763655716
105348.916838454,29.6097911980636,0.000618118418647205
105349.916838454,29.5129299033426,0.000618735255856565
105350.916838454,29.4148702674979,0.000619345321309131
105351.916838454,29.3156305179795,0.000619948659486647
105352.916838454,29.215228267095,0.000620545313386132
105353.916838454,29.1136805307942,0.000621135324576332
105354.916838454,29.011003746881,0.000621718733251715
105355.916838454,28.9072137926359,0.000622295578284056
105356.916838454,28.8023260019157,0.000622865897271975
105357.916838454,28.6963551826315,0.000623429726591042
105358.916838454,28.5893156309937,0.000623987101434078
105359.916838454,28.4812211473261,0.000624538055855515
105360.916838454,28.372085051932,0.00062508262281564
105361.916838454,28.2619201998562,0.000625620834221434
105362.916838454,28.1507389946339,0.000626152720964088
105363.916838454,28.0385534015522,0.000626678312954775
105364.916838454,27.9253749607823,0.00062719763916006
105365.916838454,27.8112148003093,0.000627710727636781
105366.916838454,27.6960836482478,0.000628217605564798
105367.916838454,27.5799918444156,0.000628718299277215
105368.916838454,27.4629493516404,0.000629212834290058
105369.916838454,27.3449657496186,0.000629701235295348
105370.916838454,27.2260502867047,0.000630183526277036
105371.916838454,27.1062118701824,0.000630659730493152
105372.916838454,26.9854590664214,0.000631129870480922
105373.916838454,26.863800112049,0.00063159396808569
105374.916838454,26.7412429268053,0.000632052044492645
105375.916838454,26.6177951236687,0.000632504120251602
105376.916838454,26.4934640170118,0.000632950215297433
105377.916838454,26.3682566305745,0.000633390348970854
105378.916838454,26.2421797056302,0.000633824540039897
105379.916838454,26.1152397086975,0.000634252806719521
105380.916838454,25.9874428385483,0.000634675166688795
105381.916838454,25.8587950330567,0.000635091637108022
105382.916838454,25.7293019763183,0.000635502234637341
105383.916838454,25.5989691056499,0.00063590697545511
105384.916838454,25.4678016178151,0.000636305875273515
105385.916838454,25.3358044745703,0.000636698949351954
105386.916838454,25.2029824083111,0.000637086212511276
105387.916838454,25.0693399281734,0.000637467679150117
105388.916838454,24.9348813259464,0.000637843363260661
105389.916838454,24.7996106810297,0.000638213278440939
105390.916838454,24.6635318646933,0.000638577437904844
105391.916838454,24.5266485446837,0.000638935854493938
105392.916838454,24.3889641905512,0.000639288540692306
105393.916838454,24.250482078765,0.000639635508640677
105394.916838454,24.1112052965656,0.000639976770145857
105395.916838454,23.9711367449407,0.000640312336687213
105396.916838454,23.8302791422229,0.000640642219426033
105397.916838454,23.6886350289235,0.000640966429219833
105398.916838454,23.5462067724711,0.000641284976636278
105399.916838454,23.4029965701606,0.000641597871960338
105400.916838454,23.2590064506549,0.000641905125196336
105401.916838454,23.114238276354,0.000642206746073881
105402.916838454,22.9686937480011,0.000642502744062558
105403.916838454,22.8223744097749,0.000642793128388294
105404.916838454,22.6752816518002,0.00064307790803979
105405.916838454,22.5274167097682,0.000643357091764372
105406.916838454,22.3787806652295,0.000643630688067162
105407.916838454,22.2293744499233,0.000643898705225952
105408.916838454,22.0791988525115,0.000644161151314846
105409.916838454,21.9282545220791,0.000644418034215157
105410.916838454,21.7765419655659,0.000644669361603584
105411.916838454,21.6240615438196,0.000644915140936265
105412.916838454,21.470813474111,0.000645155379458104
105413.916838454,21.3167978401893,0.000645390084240211
105414.916838454,21.1620146007297,0.000645619262210078
105415.916838454,21.0064635862551,0.000645842920137894
105416.916838454,20.8501444178149,0.000646061065162963
105417.916838454,20.6930567056243,0.000646273703472237
105418.916838454,20.535199842183,0.000646480840917408
105419.916838454,20.3765731098235,0.000646682483418263
105420.916838454,20.217175681451,0.000646878636871931
105421.916838454,20.0570066071862,0.00064706930705605
105422.916838454,19.8960648075667,0.000647254499589479
105423.916838454,19.7343491260051,0.000647434219299685
105424.916838454,19.5718582603292,0.000647608471712825
105425.916838454,19.4085907561971,0.000647777262434471
105426.916838454,19.2445450362698,0.000647940596768625
105427.916838454,19.0797194096315,0.00064809847972009
105428.916838454,18.9141118415911,0.000648250916474411
105429.916838454,18.7477205356497,0.000648397911634225
105430.916838454,18.5805434444941,0.000648539469427647
105431.916838454,18.4125783883378,0.000648675594166427
105432.916838454,18.2438232099223,0.000648806289605797
105433.916838454,18.0742755158677,0.000648931560193587
105434.916838454,17.9039327138556,0.000649051410383535
105435.916838454,17.7327920862326,0.000649165844269029
105436.916838454,17.5608508242421,0.000649274865681155
105437.916838454,17.3881057234165,0.000649378478737184
105438.916838454,17.2145540048473,0.000649476687235559
105439.916838454,17.0401925915199,0.00064956949448585
105440.916838454,16.8650182181203,0.000649656903762004
105441.916838454,16.6890276937496,0.000649738917765257
105442.916838454,16.5122174807537,0.000649815539816102
105443.916838454,16.3345838449434,0.000649886773365321
105444.916838454,16.1561230010325,0.000649952621733147
105445.916838454,15.9768311078903,0.000650013088058951
105446.916838454,15.7967037304588,0.000650068175349623
105447.916838454,15.61573696676,0.000650117886264422
105448.916838454,15.4339266059929,0.000650162223000497
105449.916838454,15.2512682750194,0.000650201187915499
105450.916838454,15.067757490082,0.000650234783494888
105451.916838454,14.8833899703779,0.000650263011755548
105452.916838454,14.6981609592485,0.000650285875220781
105453.916838454,14.512065383253,0.000650303376234745
105454.916838454,14.3250980305845,0.000650315516652572
105455.916838454,14.1372536201818,0.000650322298066821
105456.916838454,13.9485263078341,0.000650323722454448
105457.916838454,13.7589110781062,0.000650319792002922
105458.916838454,13.5684024869762,0.000650310508041912
105459.916838454,13.3769945905934,0.000650295870912942
105460.916838454,13.1846811734864,0.000650275880652817
105461.916838454,12.9914562133958,0.000650250536511211
105462.916838454,12.7973128678582,0.000650219837385798
105463.916838454,12.602243964412,0.000650183782064002
105464.916838454,12.4062424579352,0.000650142369767127
105465.916838454,12.2093014255922,0.000650095600125634
105466.916838454,12.0114129434856,0.00065004347200207
105467.916838454,11.8125698825055,0.000649985983821382
105468.916838454,11.6127646796654,0.00064992313322814
105469.916838454,11.4119895483103,0.000649854918083928
105470.916838454,11.2102366185544,0.000649781336659584
105471.916838454,11.0074986026915,0.000649702387512151
105472.916838454,10.8037674579924,0.000649618069671415
105473.916838454,10.599034614262,0.000649528381567519
105474.916838454,10.3932911047283,0.000649433320123083
105475.916838454,10.186527572174,0.000649332880773909
105476.916838454,9.97873377906753,0.000649227059176517
105477.916838454,9.76990121619986,0.000649115853297645
105478.916838454,9.56002115900364,0.000648999261160031
105479.916838454,9.34908452050846,0.000648877280676317
105480.916838454,9.13708177540304,0.000648749909014852
105481.916838454,8.924002902099,0.000648617142180749
105482.916838454,8.70983741160232,0.000648478975056727
105483.916838454,8.49457447949512,0.000648335401872037
105484.916838454,8.27820312878215,0.000648186416865408
105485.916838454,8.06071237898802,0.000648032014824852
105486.916838454,7.84209129076401,0.000647872191250746
105487.916838454,7.62232989189721,0.000647706942541993
105488.916838454,7.40141710431015,0.000647536265383134
105489.916838454,7.17934101614002,0.000647360155161232
105490.916838454,6.95608893060286,0.00064717860431143
105491.916838454,6.73164726329156,0.00064699160197216
105492.916838454,6.50600226400614,0.000646799137136699
105493.916838454,6.27913967272056,0.00064660120167667
105494.916838454,6.05104780663912,0.000646397791612338
105495.916838454,5.82171467555566,0.000646188902672113
105496.916838454,5.59112739889285,0.000645974528989914
105497.916838454,5.35927171802402,0.000645754660716051
105498.916838454,5.12613243076588,0.000645529286160443
105499.916838454,4.89169381800782,0.000645298391956837
105500.916838454,4.65593999439764,0.000645061964874385
105501.916838454,4.41885542738632,0.000644819993504569
105502.916838454,4.18042463453731,0.000644572468157208
105503.916838454,3.94063207743417,0.000644319378978939
105504.916838454,3.69946178580105,0.000644060715343394
105505.916838454,3.45689707780463,0.000643796464977893
105506.916838454,3.21292042478542,0.000643526613459237
105507.916838454,2.96751347277581,0.000643251144270472
105508.916838454,2.72065720391741,0.000642970039374962
105509.916838454,2.47233217854825,0.000642683280084682
105510.916838454,2.22251876863844,0.000642390847897534
105511.916838454,1.97119766004077,0.000642092725799249
105512.916838454,1.71834925467218,0.000641788897564748
105513.916838454,1.46395340329339,0.000641479346251182
105514.916838454,1.20798954081174,0.000641164053120385
105515.916838454,0.950436111392921,0.000640842997014002
105516.916838454,0.691270451135817,0.000640516154085452
105517.916838454,0.430471080370444,0.000640183500114699
105518.916838454,0.168012811645309,0.000639845005572168
105519.916838454,-0.0961304430557758,0.000639500640642067
105520.916838454,-0.361983633802941,0.000639150379197366
105521.916838454,-0.629570412209953,0.000638794199255271
105522.916838454,-0.898914775280881,0.000638432078128334
105523.916838454,-1.17004591657114,0.000638063982795959
105524.916838454,-1.4429915986741,0.000637689877058929
105525.916838454,-1.7177812179478,0.000637309720967162
105526.916838454,-1.99444499753791,0.000636923474153628
105527.916838454,-2.27301311640285,0.000636531098154496
105528.916838454,-2.55351557616202,0.000636132556480775
105529.916838454,-2.83598266342957,0.000635727812903625
105530.916838454,-3.12044562658946,0.000635316829109953
105531.916838454,-3.40693772815122,0.000634899562548016
105532.916838454,-3.69549265750457,0.00063447596799221
105533.916838454,-3.98614578088004,0.000634045996110233
105534.916838454,-4.27893034613509,0.000633609598589619
105535.916838454,-4.5738860247636,0.000633166716273626
105536.916838454,-4.87105461657563,0.000632717287014309
105537.916838454,-5.17047680805743,0.000632261251826343
105538.916838454,-5.47219181292429,0.000631798556017271
105539.916838454,-5.77623895194856,0.000631329145227932
105540.916838454,-6.08266450308271,0.000630852951817055
105541.916838454,-6.39151142909802,0.000630369908663147
105542.916838454,-6.7028254482512,0.000629879941775972
105543.916838454,-7.01665455499646,0.000629382972662219
105544.916838454,-7.33304964436615,0.000628878918108286
105545.916838454,-7.6520580682836,0.000628367701074963
105546.916838454,-7.97373037500241,0.000627849241275481
105547.916838454,-8.29811792320422,0.000627323457400366
105548.916838454,-8.62527318720628,0.000626790265372777
105549.916838454,-8.95525045012076,0.000626249576329449
105550.916838454,-9.28810807847983,0.000625701293208877
105551.916838454,-9.62390120098799,0.000625145320642141
105552.916838454,-9.96269308395183,0.000624581550157085
105553.916838454,-10.3045427838193,0.000624009877159915
105554.916838454,-10.6495170438585,0.000623430186072952
105555.916838454,-10.9976769555989,0.00062284236810122
105556.916838454,-11.3490915337091,0.00062224630420932
105557.916838454,-11.7038234233554,0.000621641882688634
105558.916838454,-12.0619440398115,0.000621028980659287
105559.916838454,-12.4235181052723,0.000620407481459946
105560.916838454,-12.7886201114868,0.000619777256025338
105561.916838454,-13.157317322395,0.000619138180754667
105562.916838454,-13.5296875232445,0.000618490119490845
105563.916838454,-13.9058001924384,0.000617832942195516
105564.916838454,-14.2857357701704,0.000617166507457811
105565.916838454,-14.6695648920587,0.000616490681521825
105566.916838454,-15.0573695177308,0.000615805321027266
105567.916838454,-15.4492202286735,0.000615110291436075
105568.916838454,-15.8451943127985,0.000614405454649685
105569.916838454,-16.2453685031047,0.000613690673758563
105570.916838454,-16.6498111905285,0.000612965825839682
105571.916838454,-17.0585977657996,0.000612230776411261
105572.916838454,-17.4718037826936,0.00061148538928377
105573.916838454,-17.8895023647504,0.000610729531581828
105574.916838454,-18.3117653242068,0.000609963071258428
105575.916838454,-18.7386639130594,0.000609185874223785
105576.916838454,-19.1702682734622,0.000608397804770942
105577.916838454,-19.6066450448236,0.000607598731397247
105578.916838454,-20.0478554294961,0.000606788534967615
105579.916838454,-20.4939535266814,0.000605967112133707
105580.916838454,-20.9449868546614,0.000605134371392977
105581.916838454,-21.4009987323718,0.000604290223535374
105582.916838454,-21.8620305790874,0.00060343457238423
105583.916838454,-22.3281221237962,0.000602567312198871
105584.916838454,-22.7993089308578,0.000601688333752503
105585.916838454,-23.2756184815664,0.000600797534884564
105586.916838454,-23.7570669507587,0.000599894828206833
105587.916838454,-24.2436582010896,0.000598980141079764
105588.916838454,-24.7353849898983,0.000598053408518666
105589.916838454,-25.2322311252704,0.00059711456346432
105590.916838454,-25.7341730559234,0.000596163528543573
105591.916838454,-26.2411799317674,0.000595200211336538
105592.916838454,-26.753211829366,0.000594224504621577
105593.916838454,-27.2702162833921,0.000593236293436556
105594.916838454,-27.7921238129536,0.000592235467945371
105595.916838454,-28.3188439689493,0.000591221934395385
105596.916838454,-28.8502639269771,0.000590195612991419
105597.916838454,-29.3862507952165,0.000589156419418977
105598.916838454,-29.9266564055888,0.00058810424292818
105599.916838454,-30.4713207773533,0.00058703894196699
105600.916838454,-31.0200699304599,0.000585960364813913
105601.916838454,-31.5727066633024,0.000584868376827255
105602.916838454,-32.1289985573914,0.000583762866621455
105603.916838454,-32.6886726998464,0.000582643726821317
105604.916838454,-33.2514262406702,0.00058151083811953
105605.916838454,-33.8169511108892,0.000580364085404665
105606.916838454,-34.3849522366911,0.000579203392617543
105607.916838454,-34.9551285658143,0.000578028727618889
105608.916838454,-35.5270886683088,0.000576840034923884
105609.916838454,-36.1003751041917,0.000575637224413193
105610.916838454,-36.6745254206501,0.000574420251828687
105611.916838454,-37.2491533647602,0.000573189133247338
105612.916838454,-37.8240130990288,0.000571943929136708
105613.916838454,-38.3987248697198,0.000570684722334655
105614.916838454,-38.9727864721619,0.000569411623831748
105615.916838454,-39.545818771779,0.000568124778107277
105616.916838454,-40.1175547205408,0.000566824353986762
105617.916838454,-40.6876277142489,0.000565510543195991
105618.916838454,-41.2557617864518,0.000564183567156363
105619.916838454,-41.8217688892088,0.000562843639786163
105620.916838454,-42.3855052402341,0.000561490999505478
105621.916838454,-42.9468714668179,0.000560125846659112
105622.916838454,-43.5057944054227,0.000558748469788328
105623.916838454,-44.062275164513,0.000557359177118076
105624.916838454,-44.6163873231865,0.000555958271677534
105625.916838454,-45.1682529209666,0.000554546050986558
105626.916838454,-45.7180397598803,0.000553122808189371
105627.916838454,-46.2659742586869,0.000551688831202872
105628.916838454,-46.812337900793,0.000550244401878106
105629.916838454,-47.3574448470237,0.000548789794711386
105630.916838454,-47.9016277487583,0.000547325274193843
105631.916838454,-48.4452416487248,0.000545851092176507
105632.916838454,-48.9886644133078,0.000544367487180078
105633.916838454,-49.5322778582167,0.000542874685042482
105634.916838454,-50.0764445980799,0.000541372898789986
105635.916838454,-50.6215007115864,0.000539862327762612
105636.916838454,-51.1677572265335,0.000538343158243996
105637.916838454,-51.7154910369273,0.000536815567125039
105638.916838454,-52.2649203657804,0.000535279718696743
105639.916838454,-52.816182779621,0.000533735779109975
105640.916838454,-53.369348149967,0.000532183893759725
105641.916838454,-53.9244103913952,0.000530624222567694
105642.916838454,-54.4812780687164,0.000529056908132689
105643.916838454,-55.0397366257266,0.000527482116911245
105644.916838454,-55.5994858125088,0.000525900012510602
105645.916838454,-56.1601402940913,0.000524310757898219
105646.916838454,-56.7212188204143,0.000522714525187188
105647.916838454,-57.28214611751,0.000521111505605006
105648.916838454,-57.8422640884075,0.000519501904448997
105649.916838454,-58.4008427095935,0.000517885942154873
105650.916838454,-58.9570920029549,0.000516263855179911
105651.916838454,-59.5101749536045,0.000514635896215638
105652.617792854,-59.8955077633024,0.000513491414239922
105652.88102062,-60.0396234798638,0.000513060972550531
105653.144248385,-60.1833675538047,0.000512630251416492
105653.40747615,-60.3267135346269,0.000512199285085302
105653.670703916,-60.4696472618421,0.000511768073314643
105653.933931681,-60.6121599698202,0.000511336600662778
105654.699387294,-61.0240483399401,0.000510080288831849
105655.464842906,-61.4319700820209,0.000508821577710976
105656.230298518,-61.8355993171152,0.000507560463036668
105656.995754131,-62.2345901486076,0.000506296994803758
105657.995754131,-62.7482189093833,0.000504643003489243
105658.995754131,-63.2525842947048,0.000502985418428763
105659.995754131,-63.7469689924484,0.000501324558349781
105660.995754131,-64.2306970894936,0.000499660775391498
105661.995754131,-64.7031941010322,0.000497994411383046
105662.995754131,-65.1638904447457,0.000496325853221372
105663.995754131,-65.6122718145951,0.000494655499086682
105664.995754131,-66.0479030797274,0.000492983751618158
105665.995754131,-66.4704345638315,0.000491311000607919
105666.995754131,-66.8795876230105,0.000489637636446273
105667.995754131,-67.2751548095474,0.000487964040561541
105668.995754131,-67.6569898308104,0.000486290593339353
105669.995754131,-68.0250122863913,0.00048461766618637
105670.995754131,-68.3792036168503,0.000482945620671685
105671.995754131,-68.7196015783635,0.000481274808838262
105672.995754131,-69.0462952130871,0.000479605573177215
105673.995754131,-69.3594214595587,0.000477938244128691
105674.995754131,-69.6591615322461,0.000476273140975773
105675.995754131,-69.9457344652792,0.000474610567736537
105676.995754131,-70.2193964611312,0.000472950820463084
105677.995754131,-70.4804351096391,0.000471294182185628
105678.995754131,-70.7291623394575,0.00046964092056668
105679.995754131,-70.9659102771129,0.000467991289196952
105680.995754131,-71.1910287779391,0.000466345529625944
105681.995754131,-71.4048838265899,0.000464703870237619
105682.995754131,-71.6078504354172,0.00046306652850802
105683.995754131,-71.8003129988363,0.00046143370823274
105684.995754131,-71.9826587634978,0.000459805600158735
105685.995754131,-72.1552786833564,0.000458182383770128
105686.995754131,-72.318562192195,0.000456564227002253
105687.995754131,-72.4728931116719,0.000454951285631571
105688.995754131,-72.6186516518343,0.000453343705935304
105689.995754131,-72.7562137662373,0.000451741623534781
105690.995754131,-72.8859473076406,0.00045014516493381
105691.995754131,-73.0082146933363,0.000448554445045531
105692.995754131,-73.1233662184217,0.000446969570997501
105693.995754131,-73.2317698495757,0.00044539064988286
105694.995754131,-73.3337362018694,0.000443817765729958
105695.995754131,-73.4295707870804,0.000442250996912806
105696.995754131,-73.5195753890554,0.000440690416904658
105697.995754131,-73.6040198206886,0.000439136088234394
105698.995754131,-73.683192869622,0.000437588073938703
105699.995754131,-73.75737983525,0.000436046432351198
105700.995754131,-73.8268471831288,0.000434511214004354
105701.995754131,-73.8918430579074,0.000432982462224065
105702.995754131,-73.9526022278137,0.000431460214639068
105703.995754131,-74.0093488727339,0.000429944504103538
105704.995754131,-74.0622970830421,0.00042843535903491
105705.995754131,-74.1116507020174,0.000426932803576553
105706.995754131,-74.1576033884376,0.00042543685780357
105707.995754131,-74.2003389520133,0.000423947537981607
105708.995754131,-74.2400317776868,0.000422464856830584
105709.995754131,-74.2768472324656,0.000420988823767892
105710.995754131,-74.3109420437397,0.000419519445130653
105711.995754131,-74.3424646670203,0.000418056724383432
105712.995754131,-74.3715556527787,0.000416600662314963
105713.995754131,-74.3983480112588,0.000415151257224519
105714.995754131,-74.4229675710265,0.00041370850509771
105715.995754131,-74.445533328344,0.000412272399771848
105716.995754131,-74.4661577860993,0.00041084293309134
105717.995754131,-74.4849472817163,0.000409420095053686
105718.995754131,-74.5020023035919,0.000408003873946598
105719.995754131,-74.5174177956474,0.000406594256476719
105720.995754131,-74.5312834496944,0.000405191227890377
105721.995754131,-74.5436839854726,0.000403794772086813
105722.995754131,-74.5546994183536,0.000402404871724304
105723.995754131,-74.5644053148075,0.000401021508319582
105724.995754131,-74.5728730358136,0.00039964466234095
105725.995754131,-74.5801699684538,0.000398274313295444
105726.995754131,-74.5863597459833,0.000396910439810419
105727.995754131,-74.5915024567115,0.000395553019709877
105728.995754131,-74.5956548420573,0.000394202030085857
105729.995754131,-74.598870484165,0.000392857447365196
105730.995754131,-74.601199983484,0.000391519247371942
105731.995754131,-74.6026911267214,0.000390187405385678
105732.995754131,-74.6033890455828,0.000388861896196036
105733.995754131,-74.6033363667172,0.00038754269415361
105734.995754131,-74.6025733532748,0.000386229773217519
105735.995754131,-74.6011380384845,0.000384923106999814
105736.995754131,-74.5990663516464,0.00038362266880694
105737.995754131,-74.5963922369257,0.000382328431678432
105738.995754131,-74.5931477653213,0.000381040368423028
105739.995754131,-74.5893632401717,0.000379758451652355
105740.995754131,-74.5850672965464,0.000378482653812354
105741.995754131,-74.5802869948564,0.00037721294721257
105742.995754131,-74.5750479090045,0.000375949304053471
105743.995754131,-74.5693742093822,0.000374691696451889
105744.995754131,-74.5632887410036,0.000373440096464731
105745.995754131,-74.5568130970562,0.000372194476111055
105746.995754131,-74.5499676881309,0.000370954807392616
105747.995754131,-74.5427718073839,0.000369721062312985
105748.995754131,-74.5352436918663,0.000368493212895329
105749.995754131,-74.5274005802489,0.000367271231198933
105750.995754131,-74.519258767153,0.000366055089334551
105751.995754131,-74.5108336542903,0.000364844759478651
105752.995754131,-74.502139798601,0.000363640213886633
105753.995754131,-74.4931909575698,0.000362441424905071
105754.995754131,-74.4840001318893,0.000361248364983058
105755.995754131,-74.4745796056303,0.000360061006682694
105756.995754131,-74.4649409840685,0.00035887932268877
105757.995754131,-74.4550952293106,0.000357703285817717
105758.995754131,-74.4450526938507,0.000356532869025832
105759.995754131,-74.4348231521848,0.000355368045416861
105760.995754131,-74.4244158305998,0.000354208788248949
105761.995754131,-74.4138394352469,0.000353055070941006
105762.995754131,-74.4031021786067,0.000351906867078531
105763.995754131,-74.3922118044399,0.000350764150418908
105764.995754131,-74.3811756113186,0.000349626894896227
105765.995754131,-74.3700004748237,0.000348495074625633
105766.995754131,-74.3586928684888,0.000347368663907254
105767.995754131,-74.3472588835677,0.000346247637229713
105768.995754131,-74.3357042476977,0.000345131969273256
105769.995754131,-74.3240343425236,0.00034402163491252
105770.995754131,-74.312254220349,0.000342916609218953
105771.995754131,-74.3003686198707,0.000341816867462911
105772.995754131,-74.2883819810547,0.000340722385115446
105773.995754131,-74.2762984592039,0.000339633137849801
105774.995754131,-74.2641219382688,0.000338549101542633
105775.995754131,-74.2518560434445,0.00033747025227497
105776.995754131,-74.2395041531005,0.000336396566332923
105777.995754131,-74.2270694100808,0.000335328020208157
105778.995754131,-74.2145547324145,0.000334264590598142
105779.995754131,-74.2019628234722,0.00033320625440619
105780.995754131,-74.1892961816009,0.00033215298874129
105781.995754131,-74.1765571092704,0.000331104770917744
105782.995754131,-74.1637477217593,0.000330061578454633
105783.995754131,-74.1508699554092,0.000329023389075091
105784.995754131,-74.1379255754731,0.000327990180705425
105785.995754131,-74.1249161835822,0.000326961931474073
105786.995754131,-74.1118432248534,0.000325938619710412
105787.995754131,-74.0987079946606,0.000324920223943416
105788.995754131,-74.0855116450875,0.000323906722900187
105789.995754131,-74.0722551910836,0.000322898095504349
105790.995754131,-74.0589395163378,0.000321894320874317
105791.995754131,-74.0455653788895,0.000320895378321458
105792.995754131,-74.0321334164892,0.000319901247348126
105793.995754131,-74.0186441517261,0.000318911907645601
105794.995754131,-74.0050979969341,0.000317927339091927
105795.995754131,-73.99149525889,0.00031694752174965
105796.995754131,-73.977836143314,0.000315972435863473
105797.995754131,-73.9641207591864,0.00031500206185782
105798.995754131,-73.9503491228872,0.000314036380334327
105799.995754131,-73.9365211621705,0.000313075372069255
105800.995754131,-73.9226367199818,0.000312119018010839
105801.995754131,-73.908695558126,0.000311167299276572
105802.995754131,-73.8946973607941,0.000310220197150422
105803.995754131,-73.8806417379555,0.000309277693080014
105804.995754131,-73.8665282286223,0.000308339768673743
105805.995754131,-73.8523563039915,0.00030740640569786
105806.995754131,-73.8381253704706,0.000306477586073508
105807.995754131,-73.823834772592,0.000305553291873734
105808.995754131,-73.8094837958199,0.000304633505320464
105809.995754131,-73.7950716692554,0.000303718208781463
105810.995754131,-73.7805975682411,0.000302807384767268
105811.995754131,-73.7660606168722,0.000301901015928114
105812.995754131,-73.7514598904135,0.000300999085050849
105813.995754131,-73.736794417628,0.000300101575055846
105814.995754131,-73.7220631830181,0.000299208468993917
105815.995754131,-73.7072651289818,0.00029831975004323
105816.995754131,-73.6923991578868,0.000297435401506243
105817.995754131,-73.6774641340626,0.000296555406806651
105818.995754131,-73.6624588857142,0.000295679749486352
105819.995754131,-73.6473822067569,0.000294808413202443
105820.995754131,-73.6322328585738,0.000293941381724247
105821.995754131,-73.6170095716985,0.000293078638930368
105822.995754131,-73.6017110474209,0.000292220168805797
105823.995754131,-73.5863359593195,0.000291365955439053
105824.995754131,-73.5708829547192,0.00029051598301938
105825.995754131,-73.5553506560755,0.000289670235833993
105826.995754131,-73.5397376622849,0.000288828698265383
105827.995754131,-73.5240425499229,0.000287991354788685
105828.995754131,-73.5082638744079,0.000287158189969112
105829.995754131,-73.492400171093,0.000286329188459458
105830.995754131,-73.4764499562841,0.000285504334997675
105831.995754131,-73.460411728185,0.000284683614404527
105832.995754131,-73.4442839677696,0.000283867011581327
105833.995754131,-73.4280651395798,0.000283054511507757
105834.995754131,-73.4117536924514,0.000282246099239775
105835.995754131,-73.3953480601641,0.000281441759907611
105836.995754131,-73.3788466620194,0.000280641478713865
105837.995754131,-73.3622479033431,0.000279845240931687
105838.995754131,-73.3455501759138,0.000279053031903068
105839.995754131,-73.3287518583163,0.000278264837037228
105840.995754131,-73.3118513162209,0.000277480641809102
105841.995754131,-73.2948469025864,0.000276700431757939
105842.995754131,-73.2777369577886,0.000275924192486003
105843.995754131,-73.2605198096731,0.000275151909657385
105844.995754131,-73.2431937735318,0.00027438356899692
105845.995754131,-73.2257571520041,0.000273619156289218
105846.995754131,-73.2082082349019,0.000272858657377812
105847.995754131,-73.1905452989581,0.000272102058164406
105848.995754131,-73.1727666074991,0.00027134934460825
105849.995754131,-73.1548704100403,0.000270600502725619
105850.995754131,-73.1368549418058,0.000269855518589408
105851.995754131,-73.1187184231704,0.00026911437832885
105852.995754131,-73.100459059026,0.000268377068129331
105853.995754131,-73.0820750380695,0.000267643574232338
105854.995754131,-73.0635645320154,0.000266913882935503
105855.995754131,-73.0449256947299,0.000266187980592778
105856.995754131,-73.0261566612879,0.000265465853614704
105857.995754131,-73.007255546953,0.000264747488468811
105858.995754131,-72.9882204460797,0.000264032871680112
105859.995754131,-72.9690494309367,0.000263321989831721
105860.995754131,-72.949740550453,0.00026261482956557
105861.995754131,-72.9302918288852,0.000261911377583245
105862.995754131,-72.9107012644051,0.00026121162064692
105863.995754131,-72.8909668276086,0.000260515545580401
105864.995754131,-72.8710864599438,0.000259823139270277
105865.995754131,-72.8510580720594,0.000259134388667177
105866.995754131,-72.8308795420701,0.00025844928078712
105867.995754131,-72.8105487137413,0.000257767802712979
105868.995754131,-72.7900633945892,0.000257089941596039
105869.995754131,-72.7694213538972,0.000256415684657658
105870.995754131,-72.7486203206461,0.000255745019191021
105871.995754131,-72.7276579813579,0.000255077932563003
105872.995754131,-72.7065319778496,0.000254414412216116
105873.995754131,-72.6852399048982,0.000253754445670561
105874.995754131,-72.6637793078116,0.000253098020526374
105875.995754131,-72.6421476799064,0.000252445124465665
105876.995754131,-72.6203424598874,0.000251795745254952
105877.995754131,-72.5983610291281,0.000251149870747592
105878.995754131,-72.5762007088487,0.000250507488886303
105879.995754131,-72.5538587571883,0.000249868587705783
105880.995754131,-72.5313323661677,0.000249233155335423
105881.995754131,-72.5086186585395,0.000248601180002113
105882.995754131,-72.4857146845212,0.000247972650033147
105883.995754131,-72.4626174184068,0.000247347553859222
105884.995754131,-72.4393237550523,0.000246725880017539
105885.995754131,-72.4158305062291,0.000246107617154997
105886.995754131,-72.3921343968411,0.000245492754031495
105887.995754131,-72.3682320609983,0.000244881279523332
105888.995754131,-72.3441200379404,0.000244273182626714
105889.995754131,-72.3197947678042,0.000243668452461371
105890.995754131,-72.2952525872262,0.000243067078274283
105891.995754131,-72.2704897247729,0.000242469049443519
105892.995754131,-72.2455022961897,0.000241874355482197
105893.995754131,-72.2202862994597,0.000241282986042568
105894.995754131,-72.1948376096606,0.000240694930920219
105895.995754131,-72.1691519736114,0.000240110180058417
105896.995754131,-72.1432250042948,0.000239528723552586
105897.995754131,-72.1170521750447,0.000238950551654926
105898.995754131,-72.0906288134837,0.000238375654779188
105899.995754131,-72.0639500951989,0.000237804023505598
105900.995754131,-72.037011037137,0.000237235648585952
105901.995754131,-72.0098064907063,0.000236670520948883
105902.995754131,-71.9823311345642,0.000236108631705306
105903.995754131,-71.954579467074,0.000235549972154062
105904.995754131,-71.9265457984098,0.000234994533787758
105905.995754131,-71.898224242287,0.000234442308298825
105906.995754131,-71.8696087072964,0.000233893287585796
105907.995754131,-71.8406928878159,0.000233347463759832
105908.995754131,-71.8114702544732,0.000232804829151489
105909.995754131,-71.7819340441305,0.000232265376317765
105910.995754131,-71.7520772493605,0.000231729098049419
105911.995754131,-71.7218926073795,0.000231195987378604
105912.995754131,-71.6913725884029,0.000230666037586805
105913.995754131,-71.6605093833828,0.000230139242213133
105914.995754131,-71.6292948910874,0.000229615595062967
105915.995754131,-71.5977207044771,0.000229095090216989
105916.995754131,-71.5657780963277,0.000228577722040623
105917.995754131,-71.53345800405,0.000228063485193914
105918.995754131,-71.5007510136481,0.000227552374641869
105919.995754131,-71.4676473427563,0.000227044385665296
105920.995754131,-71.4341368226874,0.000226539513872166
105921.995754131,-71.4002088794226,0.000226037755209548
105922.995754131,-71.3658525134635,0.000225539105976139
105923.995754131,-71.3310562784643,0.000225043562835442
105924.995754131,-71.2958082585509,0.000224551122829634
105925.995754131,-71.2600960442299,0.00022406178339417
105926.995754131,-71.2239067067783,0.000223575542373175
105927.995754131,-71.1872267709973,0.000223092398035688
105928.995754131,-71.1500421862023,0.000222612349092805
105929.995754131,-71.1123382953097,0.000222135394715807
105930.995754131,-71.0740998018689,0.000221661534555319
105931.995754131,-71.0353107348721,0.00022119076876161
105932.995754131,-70.9959544111615,0.000220723098006083
105933.995754131,-70.9560133952331,0.000220258523504081
105934.995754131,-70.9154694562195,0.000219797047039084
105935.995754131,-70.8743035218115,0.00021933867098842
105936.995754131,-70.8324956288545,0.000218883398350602
105937.995754131,-70.7900248703294,0.000218431232774431
105938.995754131,-70.7468693383978,0.000217982178589992
105939.995754131,-70.7030060631582,0.000217536240841714
105940.995754131,-70.6584109467234,0.000217093425323656
105941.995754131,-70.6130586921854,0.000216653738617213
105942.995754131,-70.5669227269914,0.000216217188131436
105943.995754131,-70.5199751201965,0.000215783782146212
105944.995754131,-70.4721864930048,0.000215353529858536
105945.995754131,-70.4235259219389,0.000214926441432159
105946.995754131,-70.3739608339051,0.000214502528050925
105947.995754131,-70.3234568923349,0.00021408180197611
105948.995754131,-70.2719778734845,0.000213664276608174
105949.995754131,-70.2194855318647,0.000213249966553304
105950.995754131,-70.1659394536457,0.000212838887695243
105951.995754131,-70.1112968967387,0.000212431057272896
105952.995754131,-70.0555126160867,0.000212026493964306
105953.995754131,-69.998538672511,0.000211625217977631
105954.995754131,-69.9403242232389,0.00021122725114986
105955.995754131,-69.8808152919854,0.000210832617054058
105956.995754131,-69.8199545161712,0.000210441341116067
105957.995754131,-69.7576808685203,0.000210053450741684
105958.995754131,-69.6939293498883,0.000209668975455487
105959.995754131,-69.6286306497112,0.000209287947052604
105960.995754131,-69.561710769934,0.000208910399764951
105961.995754131,-69.4930906076424,0.000208536370443604
105962.995754131,-69.4226854908885,0.000208165898759277
105963.995754131,-69.3504046613238,0.000207799027423103
105964.995754131,-69.2761506962193,0.000207435802430279
105965.995754131,-69.1998188612245,0.000207076273329496
105966.995754131,-69.1212963837479,0.000206720493521551
105967.995754131,-69.0404616350859,0.000206368520591036
105968.995754131,-68.9571832073098,0.000206020416675679
105969.995754131,-68.8713188683684,0.000205676248878621
105970.995754131,-68.7827143757621,0.000205336089729843
105971.995754131,-68.6912021253646,0.00020500001770403
105972.995754131,-68.596599607335,0.000204668117803468
105973.995754131,-68.4987076353572,0.00020434048221614
105974.995754131,-68.3973083083762,0.000204017211061132
105975.995754131,-68.2921626551929,0.000203698413235814
105976.995754131,-68.1830079012442,0.000203384207382148
105977.995754131,-68.0695542829679,0.000203074722993102
105978.995754131,-67.9514813174658,0.000202770101684623
105979.995754131,-67.8284334125446,0.000202470498664225
105980.995754131,-67.7000146730311,0.000202176084434401
105981.995754131,-67.5657827213201,0.000201887046778067
105982.995754131,-67.4252413003563,0.000201603593084898
105983.995754131,-67.2778313613811,0.000201325953092397
105984.995754131,-67.1229202507034,0.0002010543821352
105985.995754131,-66.9597884907094,0.00020078916502195
105986.995754131,-66.7876134875655,0.000200530620693592
105987.995754131,-66.6054492727247,0.000200279107863426
105988.995754131,-66.4122010691349,0.000200035031902714
105989.995754131,-66.206593022772,0.000199798853323453
105990.995754131,-65.9871267886516,0.000199571098333185
105991.995754131,-65.7520277013636,0.00019935237211263
105992.995754131,-65.4991738209699,0.000199143375722296
105993.995754131,-65.226000939652,0.000198944927922516
105994.995754131,-64.9293731755258,0.000198757993763801
105995.995754131,-64.6054032134728,0.000198583722692056
105996.995754131,-64.2491970331557,0.000198423500327785
105997.995754131,-63.8544821935259,0.000198279020403424
105998.995754131,-63.4130507658114,0.000198152387301808
106000,-62.911226073056,0.000198045918935492
